exam_id,subject_id,exam_date,exam_time,exam_hall,exam_type
E0001,SUB0635,2026-10-24,09:00 AM,Hall C,Mid Semester
E0002,SUB0943,2026-10-29,02:00 PM,Hall D,Practical
E0003,SUB0110,2026-02-02,09:00 AM,Hall D,End Semester
E0004,SUB0168,2026-10-19,09:00 AM,Hall A,Practical
E0005,SUB0613,2026-06-15,09:00 AM,Hall C,Practical
E0006,SUB0502,2026-01-23,02:00 PM,Hall D,Practical
E0007,SUB0770,2026-03-01,09:00 AM,Hall E,Mid Semester
E0008,SUB0702,2026-04-04,02:00 PM,Hall A,Mid Semester
E0009,SUB0564,2026-07-10,09:00 AM,Hall C,End Semester
E0010,SUB0261,2026-11-16,02:00 PM,Hall A,End Semester
E0011,SUB0501,2026-09-23,09:00 AM,Hall C,End Semester
E0012,SUB0400,2027-01-03,09:00 AM,Hall E,End Semester
E0013,SUB0599,2026-05-01,09:00 AM,Hall E,Practical
E0014,SUB0293,2026-12-07,02:00 PM,Hall C,End Semester
E0015,SUB0603,2026-09-17,09:00 AM,Hall B,Mid Semester
E0016,SUB0165,2026-02-05,09:00 AM,Hall D,Mid Semester
E0017,SUB0336,2026-06-06,02:00 PM,Hall D,Mid Semester
E0018,SUB0603,2026-06-13,02:00 PM,Hall B,Practical
E0019,SUB0431,2026-04-14,09:00 AM,Hall B,Mid Semester
E0020,SUB0297,2026-02-20,09:00 AM,Hall A,Mid Semester
E0021,SUB0143,2026-03-06,02:00 PM,Hall D,Mid Semester
E0022,SUB0801,2026-10-21,02:00 PM,Hall D,Mid Semester
E0023,SUB0760,2026-01-21,02:00 PM,Hall E,Mid Semester
E0024,SUB0267,2026-11-29,02:00 PM,Hall D,Mid Semester
E0025,SUB0730,2026-10-13,09:00 AM,Hall D,Mid Semester
E0026,SUB0004,2026-08-30,09:00 AM,Hall E,Practical
E0027,SUB0016,2026-09-07,09:00 AM,Hall A,End Semester
E0028,SUB0851,2026-12-29,09:00 AM,Hall E,Mid Semester
E0029,SUB0481,2026-01-26,02:00 PM,Hall A,Mid Semester
E0030,SUB0975,2026-09-10,09:00 AM,Hall A,Practical
E0031,SUB0698,2026-08-08,09:00 AM,Hall D,End Semester
E0032,SUB0294,2026-12-05,02:00 PM,Hall C,Mid Semester
E0033,SUB0247,2026-11-24,02:00 PM,Hall D,Practical
E0034,SUB0648,2026-09-24,09:00 AM,Hall D,Practical
E0035,SUB0416,2026-12-15,09:00 AM,Hall E,End Semester
E0036,SUB0337,2026-06-19,02:00 PM,Hall B,Practical
E0037,SUB0345,2026-08-02,09:00 AM,Hall B,End Semester
E0038,SUB0447,2026-10-05,09:00 AM,Hall D,End Semester
E0039,SUB0455,2026-11-19,02:00 PM,Hall B,Practical
E0040,SUB0135,2026-12-15,09:00 AM,Hall D,Mid Semester
E0041,SUB0460,2026-10-05,09:00 AM,Hall C,Mid Semester
E0042,SUB0884,2026-03-10,02:00 PM,Hall D,Practical
E0043,SUB0760,2026-07-18,02:00 PM,Hall C,Mid Semester
E0044,SUB0201,2026-12-22,02:00 PM,Hall A,Mid Semester
E0045,SUB0121,2026-03-06,02:00 PM,Hall D,Practical
E0046,SUB0689,2026-02-20,09:00 AM,Hall E,Mid Semester
E0047,SUB0642,2026-01-31,09:00 AM,Hall B,Practical
E0048,SUB0194,2026-08-30,09:00 AM,Hall A,Mid Semester
E0049,SUB0280,2026-10-30,09:00 AM,Hall E,Practical
E0050,SUB0724,2026-03-02,09:00 AM,Hall D,End Semester
E0051,SUB0452,2026-11-26,09:00 AM,Hall A,Mid Semester
E0052,SUB0536,2026-11-27,02:00 PM,Hall D,End Semester
E0053,SUB0830,2026-12-17,09:00 AM,Hall C,Mid Semester
E0054,SUB0659,2026-01-31,09:00 AM,Hall D,Mid Semester
E0055,SUB0315,2026-05-22,02:00 PM,Hall A,End Semester
E0056,SUB0586,2026-05-25,09:00 AM,Hall E,Mid Semester
E0057,SUB0257,2026-07-30,09:00 AM,Hall C,Practical
E0058,SUB0745,2027-01-04,09:00 AM,Hall E,End Semester
E0059,SUB0288,2026-02-11,02:00 PM,Hall B,End Semester
E0060,SUB0353,2026-03-12,09:00 AM,Hall B,Mid Semester
E0061,SUB0029,2026-05-01,09:00 AM,Hall D,Mid Semester
E0062,SUB0615,2026-04-01,02:00 PM,Hall D,End Semester
E0063,SUB0565,2026-06-21,02:00 PM,Hall C,Mid Semester
E0064,SUB0904,2026-11-14,02:00 PM,Hall D,Mid Semester
E0065,SUB0193,2026-02-08,09:00 AM,Hall A,Practical
E0066,SUB0841,2026-02-01,09:00 AM,Hall C,Practical
E0067,SUB0945,2026-04-26,09:00 AM,Hall E,Mid Semester
E0068,SUB0367,2026-08-13,09:00 AM,Hall B,Practical
E0069,SUB0987,2027-01-07,02:00 PM,Hall E,Practical
E0070,SUB0142,2026-07-23,02:00 PM,Hall E,Practical
E0071,SUB0497,2026-05-05,02:00 PM,Hall B,Mid Semester
E0072,SUB0629,2026-07-21,09:00 AM,Hall A,End Semester
E0073,SUB0211,2026-04-22,09:00 AM,Hall A,Practical
E0074,SUB0457,2026-08-09,09:00 AM,Hall A,Mid Semester
E0075,SUB0103,2026-08-15,09:00 AM,Hall A,Mid Semester
E0076,SUB0003,2026-03-21,02:00 PM,Hall C,Mid Semester
E0077,SUB0162,2027-01-12,02:00 PM,Hall D,Practical
E0078,SUB0631,2026-04-05,02:00 PM,Hall A,Practical
E0079,SUB0422,2026-02-05,09:00 AM,Hall B,Practical
E0080,SUB0421,2026-11-26,02:00 PM,Hall A,Mid Semester
E0081,SUB0882,2026-09-17,02:00 PM,Hall A,Mid Semester
E0082,SUB0616,2026-06-27,09:00 AM,Hall D,Practical
E0083,SUB0028,2026-07-01,02:00 PM,Hall E,Mid Semester
E0084,SUB0104,2026-10-05,02:00 PM,Hall A,End Semester
E0085,SUB0698,2026-12-14,09:00 AM,Hall B,Practical
E0086,SUB0780,2026-10-11,09:00 AM,Hall C,Mid Semester
E0087,SUB0603,2026-02-04,02:00 PM,Hall A,End Semester
E0088,SUB0946,2026-10-31,02:00 PM,Hall B,Practical
E0089,SUB0268,2026-09-01,09:00 AM,Hall B,Mid Semester
E0090,SUB0640,2026-10-27,02:00 PM,Hall B,Mid Semester
E0091,SUB0797,2026-12-23,02:00 PM,Hall C,Mid Semester
E0092,SUB0847,2026-03-14,02:00 PM,Hall A,Practical
E0093,SUB0335,2026-07-08,02:00 PM,Hall C,Practical
E0094,SUB0656,2026-04-16,02:00 PM,Hall A,Practical
E0095,SUB0611,2026-04-14,09:00 AM,Hall E,End Semester
E0096,SUB0096,2026-11-07,09:00 AM,Hall C,End Semester
E0097,SUB0611,2026-02-05,09:00 AM,Hall E,Mid Semester
E0098,SUB0370,2026-05-31,09:00 AM,Hall C,Practical
E0099,SUB0998,2026-05-13,09:00 AM,Hall E,Mid Semester
E0100,SUB0325,2026-04-18,02:00 PM,Hall C,Mid Semester
E0101,SUB0039,2026-12-01,02:00 PM,Hall B,End Semester
E0102,SUB0130,2026-03-25,02:00 PM,Hall A,Mid Semester
E0103,SUB0648,2026-12-27,09:00 AM,Hall D,End Semester
E0104,SUB0742,2026-11-04,09:00 AM,Hall A,End Semester
E0105,SUB0566,2026-01-27,02:00 PM,Hall C,Practical
E0106,SUB0251,2026-07-20,02:00 PM,Hall B,Practical
E0107,SUB0772,2026-03-19,02:00 PM,Hall B,Practical
E0108,SUB0720,2026-06-18,02:00 PM,Hall D,Practical
E0109,SUB0324,2026-02-06,09:00 AM,Hall A,End Semester
E0110,SUB0297,2026-04-17,09:00 AM,Hall B,Mid Semester
E0111,SUB0802,2026-12-30,09:00 AM,Hall E,End Semester
E0112,SUB0816,2026-01-26,02:00 PM,Hall B,Mid Semester
E0113,SUB0555,2026-06-03,09:00 AM,Hall E,End Semester
E0114,SUB0771,2026-08-10,09:00 AM,Hall C,End Semester
E0115,SUB0997,2026-04-15,09:00 AM,Hall A,Practical
E0116,SUB0319,2026-02-12,02:00 PM,Hall D,Practical
E0117,SUB0103,2026-12-01,02:00 PM,Hall A,Practical
E0118,SUB0163,2027-01-02,09:00 AM,Hall C,Practical
E0119,SUB0580,2026-06-06,02:00 PM,Hall C,Mid Semester
E0120,SUB0942,2026-10-06,09:00 AM,Hall D,End Semester
E0121,SUB0288,2026-08-17,09:00 AM,Hall C,Mid Semester
E0122,SUB0366,2026-11-07,09:00 AM,Hall B,End Semester
E0123,SUB0916,2026-05-31,02:00 PM,Hall E,Mid Semester
E0124,SUB0957,2026-10-02,02:00 PM,Hall D,Mid Semester
E0125,SUB0192,2026-11-08,09:00 AM,Hall E,End Semester
E0126,SUB0022,2026-12-08,09:00 AM,Hall D,Mid Semester
E0127,SUB0108,2026-03-07,09:00 AM,Hall C,Practical
E0128,SUB0875,2026-08-01,02:00 PM,Hall C,Mid Semester
E0129,SUB0888,2026-12-02,02:00 PM,Hall A,Mid Semester
E0130,SUB0297,2026-07-10,02:00 PM,Hall B,End Semester
E0131,SUB0909,2026-11-30,02:00 PM,Hall C,Practical
E0132,SUB0895,2026-02-25,09:00 AM,Hall D,Practical
E0133,SUB0781,2026-11-05,09:00 AM,Hall C,End Semester
E0134,SUB0924,2026-02-05,09:00 AM,Hall C,Mid Semester
E0135,SUB0447,2026-08-24,09:00 AM,Hall A,End Semester
E0136,SUB0058,2026-04-01,02:00 PM,Hall A,Mid Semester
E0137,SUB0465,2026-10-11,09:00 AM,Hall D,End Semester
E0138,SUB0705,2026-07-20,02:00 PM,Hall B,Practical
E0139,SUB0404,2026-07-28,09:00 AM,Hall E,Mid Semester
E0140,SUB0429,2026-09-20,09:00 AM,Hall D,End Semester
E0141,SUB0329,2026-12-23,09:00 AM,Hall D,End Semester
E0142,SUB0197,2026-06-28,09:00 AM,Hall E,Mid Semester
E0143,SUB0304,2026-05-03,02:00 PM,Hall B,Practical
E0144,SUB0178,2026-02-21,09:00 AM,Hall D,Mid Semester
E0145,SUB0228,2026-02-27,09:00 AM,Hall E,End Semester
E0146,SUB0015,2026-10-31,02:00 PM,Hall A,Practical
E0147,SUB0665,2026-05-29,02:00 PM,Hall B,Practical
E0148,SUB0390,2026-04-10,09:00 AM,Hall D,Practical
E0149,SUB0663,2026-02-22,09:00 AM,Hall C,Mid Semester
E0150,SUB0325,2026-08-09,09:00 AM,Hall D,End Semester
E0151,SUB0974,2026-05-05,09:00 AM,Hall B,Mid Semester
E0152,SUB0825,2026-04-30,02:00 PM,Hall D,Practical
E0153,SUB0653,2026-06-20,09:00 AM,Hall C,Mid Semester
E0154,SUB0561,2026-04-08,02:00 PM,Hall E,Mid Semester
E0155,SUB0865,2026-06-15,02:00 PM,Hall B,End Semester
E0156,SUB0575,2027-01-03,02:00 PM,Hall C,Mid Semester
E0157,SUB0670,2026-08-16,09:00 AM,Hall C,Practical
E0158,SUB0134,2026-01-30,02:00 PM,Hall E,End Semester
E0159,SUB0007,2026-03-07,09:00 AM,Hall E,Practical
E0160,SUB0080,2026-05-01,02:00 PM,Hall B,Mid Semester
E0161,SUB0442,2026-05-30,02:00 PM,Hall E,Practical
E0162,SUB0763,2026-06-24,02:00 PM,Hall E,Practical
E0163,SUB0138,2026-07-31,02:00 PM,Hall D,Practical
E0164,SUB0956,2026-08-02,02:00 PM,Hall D,Practical
E0165,SUB0865,2026-08-11,09:00 AM,Hall A,End Semester
E0166,SUB0356,2026-08-04,02:00 PM,Hall C,Practical
E0167,SUB0967,2026-12-03,09:00 AM,Hall D,End Semester
E0168,SUB0459,2026-10-09,09:00 AM,Hall A,Practical
E0169,SUB0229,2026-02-23,09:00 AM,Hall C,Mid Semester
E0170,SUB0369,2026-11-17,02:00 PM,Hall B,Practical
E0171,SUB0457,2026-04-08,02:00 PM,Hall B,Practical
E0172,SUB0773,2026-09-06,09:00 AM,Hall A,Mid Semester
E0173,SUB0056,2026-10-23,09:00 AM,Hall D,Mid Semester
E0174,SUB0819,2026-07-11,09:00 AM,Hall A,End Semester
E0175,SUB0241,2027-01-11,09:00 AM,Hall D,End Semester
E0176,SUB0389,2026-03-18,02:00 PM,Hall A,Mid Semester
E0177,SUB0343,2026-09-15,02:00 PM,Hall A,Mid Semester
E0178,SUB0369,2026-05-06,09:00 AM,Hall C,Practical
E0179,SUB0364,2026-04-12,02:00 PM,Hall D,Mid Semester
E0180,SUB0916,2026-04-26,09:00 AM,Hall D,End Semester
E0181,SUB0518,2026-07-02,02:00 PM,Hall C,End Semester
E0182,SUB0697,2026-08-28,02:00 PM,Hall D,Practical
E0183,SUB0677,2026-08-18,09:00 AM,Hall A,End Semester
E0184,SUB0451,2026-10-11,09:00 AM,Hall A,End Semester
E0185,SUB0489,2026-10-15,02:00 PM,Hall E,Practical
E0186,SUB0456,2026-08-21,09:00 AM,Hall B,Practical
E0187,SUB0028,2026-08-21,09:00 AM,Hall A,Practical
E0188,SUB0071,2026-11-02,02:00 PM,Hall B,End Semester
E0189,SUB0096,2026-10-18,02:00 PM,Hall A,Practical
E0190,SUB0107,2026-06-12,02:00 PM,Hall B,Mid Semester
E0191,SUB0214,2026-03-09,02:00 PM,Hall E,Mid Semester
E0192,SUB0036,2026-03-03,09:00 AM,Hall D,Practical
E0193,SUB0859,2026-05-16,09:00 AM,Hall A,End Semester
E0194,SUB0690,2026-10-31,09:00 AM,Hall C,End Semester
E0195,SUB0456,2026-11-22,02:00 PM,Hall D,Mid Semester
E0196,SUB0247,2026-06-13,02:00 PM,Hall C,Practical
E0197,SUB0729,2026-11-01,09:00 AM,Hall D,Practical
E0198,SUB0042,2026-12-21,02:00 PM,Hall E,End Semester
E0199,SUB0367,2026-10-30,02:00 PM,Hall D,Mid Semester
E0200,SUB0909,2026-08-12,09:00 AM,Hall B,End Semester
E0201,SUB0798,2026-11-22,09:00 AM,Hall C,Practical
E0202,SUB0997,2026-03-24,09:00 AM,Hall B,End Semester
E0203,SUB0748,2026-07-25,09:00 AM,Hall A,End Semester
E0204,SUB0584,2026-07-27,02:00 PM,Hall A,End Semester
E0205,SUB0162,2026-10-17,02:00 PM,Hall C,Mid Semester
E0206,SUB0033,2026-02-18,02:00 PM,Hall C,End Semester
E0207,SUB0741,2026-12-01,02:00 PM,Hall B,Mid Semester
E0208,SUB0070,2026-11-24,02:00 PM,Hall E,Mid Semester
E0209,SUB0826,2026-04-11,02:00 PM,Hall B,Practical
E0210,SUB0197,2026-05-25,02:00 PM,Hall D,Mid Semester
E0211,SUB0002,2026-05-26,02:00 PM,Hall C,Mid Semester
E0212,SUB0165,2026-08-31,02:00 PM,Hall C,End Semester
E0213,SUB0011,2026-04-06,02:00 PM,Hall D,Mid Semester
E0214,SUB0080,2026-01-28,02:00 PM,Hall B,Practical
E0215,SUB0399,2026-10-15,02:00 PM,Hall C,Practical
E0216,SUB0660,2026-04-17,09:00 AM,Hall E,Mid Semester
E0217,SUB0536,2026-11-19,02:00 PM,Hall A,Mid Semester
E0218,SUB0889,2026-07-22,02:00 PM,Hall E,Practical
E0219,SUB0879,2026-06-03,02:00 PM,Hall B,End Semester
E0220,SUB0973,2026-10-16,02:00 PM,Hall B,Mid Semester
E0221,SUB0304,2026-03-16,02:00 PM,Hall E,Mid Semester
E0222,SUB0178,2026-12-26,02:00 PM,Hall E,Practical
E0223,SUB0933,2026-12-13,09:00 AM,Hall D,Practical
E0224,SUB0742,2026-08-11,02:00 PM,Hall A,Mid Semester
E0225,SUB0078,2026-10-26,09:00 AM,Hall C,Mid Semester
E0226,SUB0703,2026-07-08,09:00 AM,Hall E,Practical
E0227,SUB0380,2026-04-26,02:00 PM,Hall E,End Semester
E0228,SUB0687,2026-07-27,02:00 PM,Hall C,Mid Semester
E0229,SUB0904,2026-05-18,09:00 AM,Hall B,End Semester
E0230,SUB0747,2026-12-31,09:00 AM,Hall D,Mid Semester
E0231,SUB0194,2026-03-22,02:00 PM,Hall E,Mid Semester
E0232,SUB0069,2027-01-05,02:00 PM,Hall D,End Semester
E0233,SUB0273,2026-09-16,02:00 PM,Hall D,Practical
E0234,SUB0373,2026-06-16,09:00 AM,Hall A,Practical
E0235,SUB0678,2026-03-12,02:00 PM,Hall D,Mid Semester
E0236,SUB0337,2026-06-27,09:00 AM,Hall C,End Semester
E0237,SUB0113,2026-02-16,02:00 PM,Hall A,End Semester
E0238,SUB0545,2026-07-05,09:00 AM,Hall A,Practical
E0239,SUB0092,2026-02-15,02:00 PM,Hall E,Mid Semester
E0240,SUB0179,2026-05-17,02:00 PM,Hall A,Mid Semester
E0241,SUB0576,2026-04-30,09:00 AM,Hall E,Practical
E0242,SUB0720,2026-08-02,09:00 AM,Hall C,Mid Semester
E0243,SUB0741,2026-11-03,02:00 PM,Hall A,Practical
E0244,SUB0572,2026-09-19,02:00 PM,Hall B,Practical
E0245,SUB0997,2026-03-12,02:00 PM,Hall A,End Semester
E0246,SUB0054,2026-10-28,09:00 AM,Hall B,Practical
E0247,SUB0220,2026-11-30,02:00 PM,Hall B,End Semester
E0248,SUB0459,2026-09-01,02:00 PM,Hall B,End Semester
E0249,SUB0114,2026-08-20,09:00 AM,Hall C,Mid Semester
E0250,SUB0848,2026-03-20,09:00 AM,Hall A,Practical
E0251,SUB0580,2026-12-29,02:00 PM,Hall E,Practical
E0252,SUB0174,2026-05-08,02:00 PM,Hall C,Practical
E0253,SUB0573,2026-10-06,09:00 AM,Hall A,Mid Semester
E0254,SUB0024,2026-12-07,02:00 PM,Hall E,Mid Semester
E0255,SUB0082,2026-03-28,02:00 PM,Hall E,End Semester
E0256,SUB0488,2026-07-09,02:00 PM,Hall C,Practical
E0257,SUB0006,2026-05-29,09:00 AM,Hall C,End Semester
E0258,SUB0852,2026-11-24,09:00 AM,Hall C,Practical
E0259,SUB0094,2026-06-08,09:00 AM,Hall D,Practical
E0260,SUB0925,2026-03-01,09:00 AM,Hall E,Mid Semester
E0261,SUB0904,2026-06-25,02:00 PM,Hall E,End Semester
E0262,SUB0777,2027-01-04,02:00 PM,Hall D,Practical
E0263,SUB0714,2026-12-17,09:00 AM,Hall C,Practical
E0264,SUB0602,2026-07-31,02:00 PM,Hall C,End Semester
E0265,SUB0162,2026-11-01,09:00 AM,Hall A,End Semester
E0266,SUB0944,2026-10-29,02:00 PM,Hall B,Mid Semester
E0267,SUB0067,2026-11-23,09:00 AM,Hall D,End Semester
E0268,SUB0733,2026-11-15,02:00 PM,Hall D,Mid Semester
E0269,SUB0353,2026-09-08,02:00 PM,Hall E,Practical
E0270,SUB0632,2026-10-26,09:00 AM,Hall A,Mid Semester
E0271,SUB0444,2026-11-29,09:00 AM,Hall D,Mid Semester
E0272,SUB0365,2026-06-08,09:00 AM,Hall A,Mid Semester
E0273,SUB0802,2026-11-30,09:00 AM,Hall A,Practical
E0274,SUB0770,2026-11-28,09:00 AM,Hall D,Practical
E0275,SUB0884,2026-11-20,09:00 AM,Hall C,End Semester
E0276,SUB0065,2026-03-26,09:00 AM,Hall E,End Semester
E0277,SUB0688,2026-01-23,02:00 PM,Hall C,Practical
E0278,SUB0835,2026-11-29,09:00 AM,Hall D,Mid Semester
E0279,SUB0371,2026-07-24,02:00 PM,Hall D,End Semester
E0280,SUB0259,2026-06-25,09:00 AM,Hall A,End Semester
E0281,SUB0131,2026-01-25,09:00 AM,Hall E,Mid Semester
E0282,SUB0497,2026-10-20,09:00 AM,Hall B,End Semester
E0283,SUB0306,2026-12-02,02:00 PM,Hall B,Mid Semester
E0284,SUB0164,2026-11-15,02:00 PM,Hall E,Mid Semester
E0285,SUB0506,2026-10-07,09:00 AM,Hall C,Practical
E0286,SUB0443,2026-10-04,02:00 PM,Hall B,Practical
E0287,SUB0112,2026-07-17,09:00 AM,Hall D,End Semester
E0288,SUB0085,2026-03-04,02:00 PM,Hall A,Mid Semester
E0289,SUB0945,2026-08-15,09:00 AM,Hall D,End Semester
E0290,SUB0046,2026-08-24,02:00 PM,Hall E,Mid Semester
E0291,SUB0504,2026-10-09,02:00 PM,Hall B,End Semester
E0292,SUB0746,2026-05-19,09:00 AM,Hall C,End Semester
E0293,SUB0397,2026-05-05,09:00 AM,Hall D,Mid Semester
E0294,SUB0735,2026-10-10,02:00 PM,Hall D,End Semester
E0295,SUB0289,2026-10-22,02:00 PM,Hall E,Mid Semester
E0296,SUB0096,2026-06-16,02:00 PM,Hall D,Practical
E0297,SUB0538,2026-10-22,02:00 PM,Hall A,Mid Semester
E0298,SUB0181,2026-05-08,09:00 AM,Hall E,Mid Semester
E0299,SUB0848,2026-11-04,09:00 AM,Hall C,Mid Semester
E0300,SUB0265,2026-01-30,09:00 AM,Hall C,Practical
E0301,SUB0323,2026-04-04,09:00 AM,Hall C,Practical
E0302,SUB0993,2026-05-25,02:00 PM,Hall E,Mid Semester
E0303,SUB0907,2026-11-22,02:00 PM,Hall B,Practical
E0304,SUB0981,2027-01-03,02:00 PM,Hall B,Practical
E0305,SUB0166,2027-01-01,09:00 AM,Hall A,Mid Semester
E0306,SUB0756,2026-12-06,02:00 PM,Hall E,Mid Semester
E0307,SUB0398,2026-02-12,09:00 AM,Hall D,Mid Semester
E0308,SUB0690,2026-02-11,09:00 AM,Hall A,Practical
E0309,SUB0639,2026-05-09,09:00 AM,Hall C,Mid Semester
E0310,SUB0132,2026-08-26,02:00 PM,Hall C,Mid Semester
E0311,SUB0634,2026-12-28,02:00 PM,Hall D,Mid Semester
E0312,SUB0984,2026-04-29,09:00 AM,Hall A,Mid Semester
E0313,SUB0991,2026-06-14,09:00 AM,Hall B,Mid Semester
E0314,SUB0768,2026-05-22,02:00 PM,Hall B,Practical
E0315,SUB0597,2026-12-24,09:00 AM,Hall A,Mid Semester
E0316,SUB0443,2026-10-18,02:00 PM,Hall C,Practical
E0317,SUB0641,2026-04-05,09:00 AM,Hall D,End Semester
E0318,SUB0645,2026-10-20,02:00 PM,Hall E,Mid Semester
E0319,SUB0524,2026-09-04,09:00 AM,Hall A,Mid Semester
E0320,SUB0727,2026-08-15,09:00 AM,Hall A,Mid Semester
E0321,SUB0993,2026-04-12,09:00 AM,Hall A,Mid Semester
E0322,SUB0340,2026-10-10,02:00 PM,Hall B,Practical
E0323,SUB0886,2026-10-11,09:00 AM,Hall A,Practical
E0324,SUB0736,2026-08-10,09:00 AM,Hall E,Mid Semester
E0325,SUB0021,2026-04-19,02:00 PM,Hall B,Practical
E0326,SUB0615,2026-04-28,02:00 PM,Hall B,Practical
E0327,SUB0296,2026-10-14,02:00 PM,Hall D,Mid Semester
E0328,SUB0674,2026-08-19,09:00 AM,Hall C,Mid Semester
E0329,SUB0944,2026-09-13,02:00 PM,Hall A,Practical
E0330,SUB0880,2026-09-20,09:00 AM,Hall B,End Semester
E0331,SUB0380,2026-07-01,02:00 PM,Hall B,Mid Semester
E0332,SUB0484,2026-03-20,02:00 PM,Hall C,End Semester
E0333,SUB0152,2026-05-05,02:00 PM,Hall D,Mid Semester
E0334,SUB0573,2026-02-07,09:00 AM,Hall A,End Semester
E0335,SUB0395,2027-01-06,02:00 PM,Hall A,Practical
E0336,SUB0251,2026-06-13,02:00 PM,Hall E,Mid Semester
E0337,SUB0585,2026-08-11,02:00 PM,Hall D,End Semester
E0338,SUB0633,2026-07-29,09:00 AM,Hall E,End Semester
E0339,SUB0736,2026-09-17,02:00 PM,Hall A,Mid Semester
E0340,SUB0857,2026-10-26,02:00 PM,Hall C,Mid Semester
E0341,SUB0862,2027-01-07,09:00 AM,Hall B,End Semester
E0342,SUB0310,2026-02-04,02:00 PM,Hall E,End Semester
E0343,SUB0269,2026-11-10,02:00 PM,Hall A,Mid Semester
E0344,SUB0395,2026-01-21,09:00 AM,Hall D,Mid Semester
E0345,SUB0031,2026-04-06,02:00 PM,Hall B,End Semester
E0346,SUB0690,2026-05-22,02:00 PM,Hall B,Practical
E0347,SUB0499,2026-06-20,02:00 PM,Hall E,End Semester
E0348,SUB0106,2026-04-17,09:00 AM,Hall D,End Semester
E0349,SUB0548,2027-01-06,02:00 PM,Hall A,Practical
E0350,SUB0446,2026-12-26,09:00 AM,Hall E,End Semester
E0351,SUB0623,2026-10-01,02:00 PM,Hall C,End Semester
E0352,SUB0572,2026-06-20,02:00 PM,Hall B,Practical
E0353,SUB0952,2026-06-10,02:00 PM,Hall C,Mid Semester
E0354,SUB0054,2026-09-24,02:00 PM,Hall D,End Semester
E0355,SUB0002,2026-07-04,02:00 PM,Hall A,End Semester
E0356,SUB0121,2026-01-24,02:00 PM,Hall C,Practical
E0357,SUB0394,2026-06-04,02:00 PM,Hall D,Practical
E0358,SUB0788,2026-11-25,02:00 PM,Hall D,End Semester
E0359,SUB0314,2026-11-14,02:00 PM,Hall D,Mid Semester
E0360,SUB0394,2026-04-19,02:00 PM,Hall B,Mid Semester
E0361,SUB0944,2026-04-10,09:00 AM,Hall C,Practical
E0362,SUB0213,2026-07-10,02:00 PM,Hall D,End Semester
E0363,SUB0011,2026-01-31,09:00 AM,Hall B,Mid Semester
E0364,SUB0455,2026-08-21,09:00 AM,Hall B,Mid Semester
E0365,SUB0721,2026-04-29,09:00 AM,Hall A,Practical
E0366,SUB0804,2026-01-18,09:00 AM,Hall B,Mid Semester
E0367,SUB0511,2026-08-08,02:00 PM,Hall A,End Semester
E0368,SUB0777,2026-11-11,02:00 PM,Hall D,Mid Semester
E0369,SUB0836,2026-07-31,09:00 AM,Hall E,End Semester
E0370,SUB0178,2026-01-31,09:00 AM,Hall D,Practical
E0371,SUB0600,2026-06-05,09:00 AM,Hall B,Mid Semester
E0372,SUB0646,2026-01-28,02:00 PM,Hall D,Practical
E0373,SUB0325,2026-08-01,02:00 PM,Hall E,Mid Semester
E0374,SUB0764,2026-04-04,09:00 AM,Hall A,Mid Semester
E0375,SUB0508,2026-02-03,02:00 PM,Hall C,End Semester
E0376,SUB0153,2026-09-12,02:00 PM,Hall D,End Semester
E0377,SUB0581,2026-06-13,02:00 PM,Hall D,Practical
E0378,SUB0985,2026-07-12,09:00 AM,Hall C,End Semester
E0379,SUB0607,2026-06-13,02:00 PM,Hall E,End Semester
E0380,SUB0739,2026-10-10,09:00 AM,Hall B,Mid Semester
E0381,SUB0256,2026-05-05,02:00 PM,Hall D,Practical
E0382,SUB0382,2027-01-11,09:00 AM,Hall C,Practical
E0383,SUB0659,2026-07-30,02:00 PM,Hall C,Mid Semester
E0384,SUB0283,2027-01-04,09:00 AM,Hall E,Practical
E0385,SUB0146,2026-04-05,02:00 PM,Hall C,Mid Semester
E0386,SUB0581,2026-08-02,02:00 PM,Hall D,Practical
E0387,SUB0909,2026-05-14,09:00 AM,Hall B,End Semester
E0388,SUB0427,2026-10-02,02:00 PM,Hall C,Practical
E0389,SUB0515,2026-02-04,09:00 AM,Hall C,Practical
E0390,SUB0159,2026-05-16,02:00 PM,Hall C,Mid Semester
E0391,SUB0012,2026-09-10,02:00 PM,Hall E,Mid Semester
E0392,SUB0217,2026-12-19,09:00 AM,Hall C,Practical
E0393,SUB0219,2026-02-12,09:00 AM,Hall D,Practical
E0394,SUB0962,2026-04-14,02:00 PM,Hall E,Practical
E0395,SUB0938,2026-02-25,09:00 AM,Hall A,End Semester
E0396,SUB0261,2026-03-21,02:00 PM,Hall C,End Semester
E0397,SUB0074,2026-07-28,02:00 PM,Hall D,Practical
E0398,SUB0935,2026-02-21,02:00 PM,Hall A,End Semester
E0399,SUB0576,2026-09-16,02:00 PM,Hall E,End Semester
E0400,SUB0452,2026-04-06,02:00 PM,Hall D,Mid Semester
E0401,SUB0941,2026-11-06,02:00 PM,Hall E,Practical
E0402,SUB0096,2026-03-14,02:00 PM,Hall E,Practical
E0403,SUB0364,2026-08-22,09:00 AM,Hall B,End Semester
E0404,SUB0319,2026-11-05,02:00 PM,Hall A,Practical
E0405,SUB0957,2026-06-28,09:00 AM,Hall D,Practical
E0406,SUB0850,2026-03-31,09:00 AM,Hall D,Practical
E0407,SUB0436,2026-03-24,02:00 PM,Hall C,Mid Semester
E0408,SUB0605,2026-08-28,09:00 AM,Hall E,Mid Semester
E0409,SUB0203,2026-03-31,02:00 PM,Hall C,Practical
E0410,SUB0737,2026-07-25,09:00 AM,Hall D,End Semester
E0411,SUB0996,2026-12-30,09:00 AM,Hall A,Practical
E0412,SUB0959,2026-04-08,09:00 AM,Hall C,Practical
E0413,SUB0576,2026-07-01,09:00 AM,Hall D,Mid Semester
E0414,SUB0278,2026-04-01,09:00 AM,Hall C,Practical
E0415,SUB0646,2026-03-14,02:00 PM,Hall D,Mid Semester
E0416,SUB0221,2026-07-18,09:00 AM,Hall C,End Semester
E0417,SUB0818,2026-11-13,02:00 PM,Hall B,Mid Semester
E0418,SUB0792,2026-11-14,09:00 AM,Hall C,Practical
E0419,SUB0570,2027-01-12,09:00 AM,Hall B,Practical
E0420,SUB0396,2026-04-04,02:00 PM,Hall E,Practical
E0421,SUB0923,2026-01-18,02:00 PM,Hall C,Mid Semester
E0422,SUB0688,2026-08-23,09:00 AM,Hall D,End Semester
E0423,SUB0397,2026-08-28,09:00 AM,Hall E,Mid Semester
E0424,SUB0198,2026-03-11,09:00 AM,Hall D,Mid Semester
E0425,SUB0798,2026-08-31,09:00 AM,Hall A,End Semester
E0426,SUB0350,2026-03-30,02:00 PM,Hall A,Practical
E0427,SUB0670,2026-12-14,02:00 PM,Hall E,Practical
E0428,SUB0203,2026-06-02,09:00 AM,Hall C,Mid Semester
E0429,SUB0475,2026-08-07,02:00 PM,Hall B,End Semester
E0430,SUB0322,2026-12-17,02:00 PM,Hall D,Practical
E0431,SUB0775,2026-06-23,09:00 AM,Hall C,Practical
E0432,SUB0836,2026-02-25,09:00 AM,Hall D,Mid Semester
E0433,SUB0121,2026-05-17,09:00 AM,Hall D,Practical
E0434,SUB0840,2026-10-13,09:00 AM,Hall C,Practical
E0435,SUB0135,2026-07-26,02:00 PM,Hall E,Practical
E0436,SUB0641,2027-01-04,09:00 AM,Hall B,Mid Semester
E0437,SUB0937,2026-07-27,09:00 AM,Hall C,Practical
E0438,SUB0345,2026-08-26,09:00 AM,Hall B,End Semester
E0439,SUB0230,2026-06-23,02:00 PM,Hall E,Mid Semester
E0440,SUB0240,2026-09-21,09:00 AM,Hall D,Mid Semester
E0441,SUB0687,2026-03-29,02:00 PM,Hall D,End Semester
E0442,SUB0057,2026-05-27,09:00 AM,Hall C,End Semester
E0443,SUB0280,2026-11-12,09:00 AM,Hall C,Mid Semester
E0444,SUB0727,2026-08-22,02:00 PM,Hall B,Practical
E0445,SUB0353,2026-10-16,02:00 PM,Hall E,Mid Semester
E0446,SUB0858,2026-04-26,09:00 AM,Hall A,Mid Semester
E0447,SUB0443,2026-04-12,02:00 PM,Hall E,Practical
E0448,SUB0169,2026-03-22,02:00 PM,Hall D,End Semester
E0449,SUB0991,2026-12-17,09:00 AM,Hall A,End Semester
E0450,SUB0529,2027-01-12,09:00 AM,Hall B,Practical
E0451,SUB0766,2026-05-22,02:00 PM,Hall D,End Semester
E0452,SUB0164,2026-07-26,02:00 PM,Hall E,Mid Semester
E0453,SUB0095,2026-09-07,02:00 PM,Hall D,Mid Semester
E0454,SUB0607,2026-11-22,02:00 PM,Hall D,Practical
E0455,SUB0081,2027-01-12,09:00 AM,Hall A,Practical
E0456,SUB0279,2026-07-17,02:00 PM,Hall E,End Semester
E0457,SUB0427,2026-02-21,09:00 AM,Hall D,Practical
E0458,SUB0729,2026-06-05,02:00 PM,Hall E,Mid Semester
E0459,SUB0039,2026-12-08,02:00 PM,Hall A,Practical
E0460,SUB0797,2026-10-24,02:00 PM,Hall D,End Semester
E0461,SUB0737,2026-09-11,02:00 PM,Hall D,Mid Semester
E0462,SUB0364,2026-06-16,09:00 AM,Hall B,Practical
E0463,SUB0498,2026-04-27,09:00 AM,Hall E,End Semester
E0464,SUB0029,2026-07-18,02:00 PM,Hall B,Mid Semester
E0465,SUB0211,2026-08-24,02:00 PM,Hall C,Practical
E0466,SUB0994,2026-08-13,09:00 AM,Hall A,Mid Semester
E0467,SUB0983,2026-03-17,02:00 PM,Hall E,End Semester
E0468,SUB0148,2026-08-01,09:00 AM,Hall C,End Semester
E0469,SUB0948,2026-09-26,09:00 AM,Hall B,Practical
E0470,SUB0930,2026-03-02,02:00 PM,Hall B,Mid Semester
E0471,SUB0951,2026-04-01,02:00 PM,Hall D,Practical
E0472,SUB0759,2026-10-24,02:00 PM,Hall A,End Semester
E0473,SUB0032,2026-03-25,02:00 PM,Hall A,End Semester
E0474,SUB0977,2026-07-27,09:00 AM,Hall B,End Semester
E0475,SUB0331,2026-12-04,09:00 AM,Hall D,Practical
E0476,SUB0693,2026-10-24,09:00 AM,Hall A,End Semester
E0477,SUB0975,2026-02-09,02:00 PM,Hall E,Practical
E0478,SUB0009,2026-12-20,09:00 AM,Hall D,Practical
E0479,SUB0248,2026-10-16,02:00 PM,Hall D,Mid Semester
E0480,SUB0979,2026-01-31,02:00 PM,Hall B,Mid Semester
E0481,SUB0947,2026-07-15,02:00 PM,Hall C,Practical
E0482,SUB0024,2026-02-25,09:00 AM,Hall D,Practical
E0483,SUB0811,2026-05-05,09:00 AM,Hall C,End Semester
E0484,SUB0794,2026-11-24,09:00 AM,Hall C,End Semester
E0485,SUB0319,2026-05-23,02:00 PM,Hall C,Mid Semester
E0486,SUB0286,2026-09-01,02:00 PM,Hall A,Mid Semester
E0487,SUB0551,2026-04-09,09:00 AM,Hall C,Mid Semester
E0488,SUB0642,2026-04-28,09:00 AM,Hall D,Practical
E0489,SUB0885,2026-03-13,09:00 AM,Hall C,Practical
E0490,SUB0711,2026-03-16,09:00 AM,Hall E,Mid Semester
E0491,SUB0670,2026-04-16,02:00 PM,Hall D,End Semester
E0492,SUB0641,2026-11-01,02:00 PM,Hall B,Practical
E0493,SUB0040,2026-07-24,02:00 PM,Hall A,Mid Semester
E0494,SUB0683,2026-07-10,09:00 AM,Hall E,End Semester
E0495,SUB0979,2026-08-12,02:00 PM,Hall C,End Semester
E0496,SUB0253,2026-11-14,02:00 PM,Hall E,Practical
E0497,SUB0955,2026-05-15,02:00 PM,Hall E,End Semester
E0498,SUB0651,2026-12-03,09:00 AM,Hall C,End Semester
E0499,SUB0520,2026-08-11,02:00 PM,Hall A,Practical
E0500,SUB0901,2026-04-04,09:00 AM,Hall C,End Semester
E0501,SUB0965,2026-05-25,02:00 PM,Hall D,Mid Semester
E0502,SUB0196,2026-10-09,02:00 PM,Hall B,Practical
E0503,SUB0831,2026-12-26,02:00 PM,Hall A,Mid Semester
E0504,SUB0195,2026-02-24,02:00 PM,Hall B,Mid Semester
E0505,SUB0367,2027-01-11,02:00 PM,Hall E,End Semester
E0506,SUB0114,2026-04-07,02:00 PM,Hall D,End Semester
E0507,SUB0103,2026-04-01,09:00 AM,Hall E,End Semester
E0508,SUB0781,2026-11-03,02:00 PM,Hall C,End Semester
E0509,SUB0936,2026-02-24,02:00 PM,Hall B,Practical
E0510,SUB0288,2026-01-25,02:00 PM,Hall E,Practical
E0511,SUB0394,2026-08-15,02:00 PM,Hall D,End Semester
E0512,SUB0855,2026-01-22,02:00 PM,Hall A,Mid Semester
E0513,SUB0591,2026-06-29,09:00 AM,Hall D,End Semester
E0514,SUB0477,2026-05-12,02:00 PM,Hall E,Practical
E0515,SUB0078,2026-06-13,02:00 PM,Hall D,End Semester
E0516,SUB0970,2026-06-14,02:00 PM,Hall D,End Semester
E0517,SUB0796,2027-01-01,09:00 AM,Hall C,Mid Semester
E0518,SUB0187,2026-05-16,09:00 AM,Hall E,End Semester
E0519,SUB0032,2026-06-28,02:00 PM,Hall C,End Semester
E0520,SUB0047,2026-12-06,02:00 PM,Hall A,Mid Semester
E0521,SUB0878,2026-05-03,09:00 AM,Hall A,Practical
E0522,SUB0781,2026-01-19,02:00 PM,Hall B,Mid Semester
E0523,SUB0642,2026-06-11,02:00 PM,Hall B,Practical
E0524,SUB0012,2026-08-08,02:00 PM,Hall D,End Semester
E0525,SUB0724,2026-04-26,02:00 PM,Hall C,Practical
E0526,SUB0421,2026-08-14,09:00 AM,Hall C,Practical
E0527,SUB0955,2026-11-10,02:00 PM,Hall A,Mid Semester
E0528,SUB0411,2026-09-09,09:00 AM,Hall B,Mid Semester
E0529,SUB0024,2026-04-19,02:00 PM,Hall A,End Semester
E0530,SUB0614,2026-08-20,09:00 AM,Hall A,Mid Semester
E0531,SUB0122,2026-12-03,09:00 AM,Hall D,End Semester
E0532,SUB0922,2026-11-26,09:00 AM,Hall A,Practical
E0533,SUB0795,2026-02-09,02:00 PM,Hall A,Practical
E0534,SUB0310,2026-11-08,09:00 AM,Hall A,End Semester
E0535,SUB0099,2026-11-11,09:00 AM,Hall B,End Semester
E0536,SUB0584,2026-08-08,02:00 PM,Hall E,Mid Semester
E0537,SUB0248,2026-05-30,02:00 PM,Hall E,End Semester
E0538,SUB0815,2026-10-30,09:00 AM,Hall C,End Semester
E0539,SUB0101,2026-08-29,02:00 PM,Hall D,End Semester
E0540,SUB0053,2026-07-21,02:00 PM,Hall D,Mid Semester
E0541,SUB0569,2026-10-19,02:00 PM,Hall B,Mid Semester
E0542,SUB0516,2026-03-23,09:00 AM,Hall C,End Semester
E0543,SUB0585,2026-12-23,09:00 AM,Hall B,End Semester
E0544,SUB0722,2026-02-18,02:00 PM,Hall C,Mid Semester
E0545,SUB0125,2026-05-08,02:00 PM,Hall E,End Semester
E0546,SUB0966,2026-12-12,02:00 PM,Hall A,End Semester
E0547,SUB0966,2026-08-21,02:00 PM,Hall B,Practical
E0548,SUB0824,2026-11-01,09:00 AM,Hall A,Practical
E0549,SUB0257,2026-12-29,02:00 PM,Hall E,Practical
E0550,SUB0798,2026-11-12,09:00 AM,Hall B,Practical
E0551,SUB0295,2026-02-11,02:00 PM,Hall E,Practical
E0552,SUB0040,2026-12-23,09:00 AM,Hall B,End Semester
E0553,SUB0511,2026-07-08,09:00 AM,Hall D,End Semester
E0554,SUB0901,2026-11-06,09:00 AM,Hall A,Mid Semester
E0555,SUB0523,2026-04-24,09:00 AM,Hall D,End Semester
E0556,SUB0312,2026-07-10,09:00 AM,Hall D,Practical
E0557,SUB0876,2026-07-28,02:00 PM,Hall A,End Semester
E0558,SUB0217,2026-05-30,02:00 PM,Hall C,End Semester
E0559,SUB0949,2026-08-21,09:00 AM,Hall D,End Semester
E0560,SUB0073,2026-03-23,09:00 AM,Hall C,Mid Semester
E0561,SUB0608,2026-05-17,02:00 PM,Hall A,End Semester
E0562,SUB0911,2026-08-09,09:00 AM,Hall B,Mid Semester
E0563,SUB0725,2026-10-27,02:00 PM,Hall A,Practical
E0564,SUB0954,2026-11-13,09:00 AM,Hall C,Practical
E0565,SUB0746,2026-12-17,09:00 AM,Hall B,End Semester
E0566,SUB0962,2027-01-06,09:00 AM,Hall D,Practical
E0567,SUB0239,2026-01-25,09:00 AM,Hall D,Practical
E0568,SUB0878,2026-08-13,02:00 PM,Hall C,Mid Semester
E0569,SUB0085,2026-10-29,09:00 AM,Hall B,Practical
E0570,SUB0320,2026-12-09,09:00 AM,Hall C,Practical
E0571,SUB0813,2026-05-29,09:00 AM,Hall E,Mid Semester
E0572,SUB0943,2026-10-29,09:00 AM,Hall C,Mid Semester
E0573,SUB0158,2026-09-10,02:00 PM,Hall B,Practical
E0574,SUB0856,2026-12-10,02:00 PM,Hall D,End Semester
E0575,SUB0031,2026-03-20,02:00 PM,Hall E,Practical
E0576,SUB0934,2026-10-02,02:00 PM,Hall C,Mid Semester
E0577,SUB0534,2026-05-13,02:00 PM,Hall E,End Semester
E0578,SUB0011,2026-06-02,02:00 PM,Hall D,Practical
E0579,SUB0112,2026-12-16,09:00 AM,Hall A,Practical
E0580,SUB0332,2026-10-09,02:00 PM,Hall E,End Semester
E0581,SUB0020,2026-07-07,09:00 AM,Hall B,Practical
E0582,SUB0378,2026-08-05,02:00 PM,Hall E,Mid Semester
E0583,SUB0255,2026-09-26,02:00 PM,Hall A,End Semester
E0584,SUB0485,2026-10-20,09:00 AM,Hall A,Mid Semester
E0585,SUB0748,2026-03-26,02:00 PM,Hall A,End Semester
E0586,SUB0034,2026-02-04,02:00 PM,Hall C,Practical
E0587,SUB0667,2026-02-02,02:00 PM,Hall D,End Semester
E0588,SUB0097,2026-04-17,02:00 PM,Hall D,Mid Semester
E0589,SUB0522,2026-03-03,09:00 AM,Hall C,Practical
E0590,SUB0120,2026-07-13,09:00 AM,Hall B,Mid Semester
E0591,SUB0590,2026-02-01,02:00 PM,Hall A,Mid Semester
E0592,SUB0253,2026-04-06,02:00 PM,Hall B,End Semester
E0593,SUB0247,2026-04-29,02:00 PM,Hall C,Practical
E0594,SUB0872,2026-12-14,02:00 PM,Hall E,Mid Semester
E0595,SUB0418,2026-08-04,09:00 AM,Hall B,Practical
E0596,SUB0781,2026-03-10,02:00 PM,Hall E,Mid Semester
E0597,SUB0619,2026-11-07,09:00 AM,Hall E,Practical
E0598,SUB0769,2026-06-30,02:00 PM,Hall B,Practical
E0599,SUB0264,2026-07-19,09:00 AM,Hall B,Mid Semester
E0600,SUB0512,2026-06-23,09:00 AM,Hall B,End Semester
E0601,SUB0630,2026-05-27,09:00 AM,Hall D,Practical
E0602,SUB0574,2026-03-04,09:00 AM,Hall E,End Semester
E0603,SUB0567,2026-01-23,02:00 PM,Hall C,Mid Semester
E0604,SUB0100,2026-12-06,09:00 AM,Hall E,End Semester
E0605,SUB0671,2026-10-04,09:00 AM,Hall D,Practical
E0606,SUB0855,2026-04-30,02:00 PM,Hall E,Practical
E0607,SUB0310,2026-12-09,02:00 PM,Hall A,End Semester
E0608,SUB0007,2026-04-17,02:00 PM,Hall C,Practical
E0609,SUB0007,2026-06-19,09:00 AM,Hall D,Mid Semester
E0610,SUB0340,2026-12-08,02:00 PM,Hall C,Practical
E0611,SUB0460,2026-04-21,02:00 PM,Hall A,End Semester
E0612,SUB0754,2026-08-28,09:00 AM,Hall E,Practical
E0613,SUB0259,2026-11-09,02:00 PM,Hall D,End Semester
E0614,SUB0580,2026-05-01,02:00 PM,Hall C,Mid Semester
E0615,SUB0176,2026-08-27,09:00 AM,Hall C,End Semester
E0616,SUB0293,2026-06-27,02:00 PM,Hall B,End Semester
E0617,SUB0275,2026-05-09,02:00 PM,Hall D,Mid Semester
E0618,SUB0726,2027-01-10,02:00 PM,Hall D,Mid Semester
E0619,SUB0741,2026-05-16,09:00 AM,Hall A,Practical
E0620,SUB0558,2026-01-19,02:00 PM,Hall E,Mid Semester
E0621,SUB0273,2026-11-25,09:00 AM,Hall E,End Semester
E0622,SUB0001,2026-06-17,02:00 PM,Hall A,End Semester
E0623,SUB0890,2026-09-15,02:00 PM,Hall D,Mid Semester
E0624,SUB0124,2026-10-03,09:00 AM,Hall C,Mid Semester
E0625,SUB0069,2026-08-20,09:00 AM,Hall C,Mid Semester
E0626,SUB0221,2026-08-24,09:00 AM,Hall E,End Semester
E0627,SUB0963,2026-02-03,02:00 PM,Hall B,Practical
E0628,SUB0718,2026-11-09,09:00 AM,Hall D,Mid Semester
E0629,SUB0691,2026-05-14,02:00 PM,Hall E,End Semester
E0630,SUB0469,2026-07-03,09:00 AM,Hall B,Practical
E0631,SUB0368,2026-06-10,09:00 AM,Hall A,End Semester
E0632,SUB0911,2026-09-21,09:00 AM,Hall B,Practical
E0633,SUB0967,2026-03-29,02:00 PM,Hall E,End Semester
E0634,SUB0398,2026-08-06,09:00 AM,Hall D,Mid Semester
E0635,SUB0856,2026-06-01,02:00 PM,Hall A,End Semester
E0636,SUB0592,2026-10-28,09:00 AM,Hall B,Mid Semester
E0637,SUB0373,2026-02-17,02:00 PM,Hall E,Mid Semester
E0638,SUB0258,2026-06-21,09:00 AM,Hall B,Mid Semester
E0639,SUB0445,2026-06-28,09:00 AM,Hall E,Practical
E0640,SUB0124,2026-08-19,09:00 AM,Hall C,Mid Semester
E0641,SUB0857,2026-05-10,09:00 AM,Hall B,End Semester
E0642,SUB0914,2026-04-14,09:00 AM,Hall E,End Semester
E0643,SUB0474,2026-10-30,09:00 AM,Hall E,End Semester
E0644,SUB0048,2026-05-07,02:00 PM,Hall B,Mid Semester
E0645,SUB0276,2026-09-29,02:00 PM,Hall B,Mid Semester
E0646,SUB0650,2026-12-09,09:00 AM,Hall E,End Semester
E0647,SUB0523,2026-08-14,02:00 PM,Hall B,End Semester
E0648,SUB0848,2026-11-06,09:00 AM,Hall D,Practical
E0649,SUB0645,2026-05-17,09:00 AM,Hall D,Mid Semester
E0650,SUB0955,2026-06-24,09:00 AM,Hall E,End Semester
E0651,SUB0914,2026-12-07,09:00 AM,Hall B,Practical
E0652,SUB0665,2026-09-04,02:00 PM,Hall D,End Semester
E0653,SUB0671,2026-03-02,02:00 PM,Hall C,Mid Semester
E0654,SUB0303,2026-11-16,02:00 PM,Hall A,Practical
E0655,SUB0654,2026-05-30,09:00 AM,Hall C,Mid Semester
E0656,SUB0122,2026-10-28,02:00 PM,Hall B,End Semester
E0657,SUB0748,2026-04-20,09:00 AM,Hall A,End Semester
E0658,SUB0084,2027-01-02,09:00 AM,Hall E,Mid Semester
E0659,SUB0541,2026-04-14,09:00 AM,Hall E,End Semester
E0660,SUB0761,2026-09-14,02:00 PM,Hall E,End Semester
E0661,SUB1000,2026-05-31,02:00 PM,Hall C,End Semester
E0662,SUB0726,2026-08-06,09:00 AM,Hall A,End Semester
E0663,SUB0076,2026-03-14,02:00 PM,Hall D,End Semester
E0664,SUB0987,2026-06-25,02:00 PM,Hall A,Practical
E0665,SUB0629,2026-01-26,02:00 PM,Hall D,Practical
E0666,SUB0982,2026-11-30,02:00 PM,Hall D,End Semester
E0667,SUB0432,2026-08-12,09:00 AM,Hall D,Mid Semester
E0668,SUB0556,2026-06-08,02:00 PM,Hall E,Practical
E0669,SUB0491,2026-03-27,02:00 PM,Hall B,Mid Semester
E0670,SUB0684,2027-01-07,02:00 PM,Hall B,Mid Semester
E0671,SUB0697,2026-07-20,02:00 PM,Hall D,Mid Semester
E0672,SUB0802,2026-12-19,09:00 AM,Hall B,Mid Semester
E0673,SUB0687,2026-12-06,09:00 AM,Hall B,End Semester
E0674,SUB0766,2026-02-07,09:00 AM,Hall D,End Semester
E0675,SUB0690,2026-10-10,09:00 AM,Hall E,Practical
E0676,SUB0698,2026-09-01,09:00 AM,Hall A,Practical
E0677,SUB0630,2026-04-17,09:00 AM,Hall C,Mid Semester
E0678,SUB0197,2026-04-29,02:00 PM,Hall D,Mid Semester
E0679,SUB1000,2026-11-07,09:00 AM,Hall C,End Semester
E0680,SUB0447,2026-10-27,09:00 AM,Hall D,End Semester
E0681,SUB0403,2026-11-22,09:00 AM,Hall D,Practical
E0682,SUB0520,2026-07-06,02:00 PM,Hall C,Mid Semester
E0683,SUB0716,2026-03-12,09:00 AM,Hall A,End Semester
E0684,SUB0965,2026-07-17,09:00 AM,Hall E,Mid Semester
E0685,SUB0274,2026-10-21,02:00 PM,Hall D,End Semester
E0686,SUB0572,2026-10-30,02:00 PM,Hall D,End Semester
E0687,SUB0426,2026-12-01,02:00 PM,Hall C,Mid Semester
E0688,SUB0576,2026-09-24,09:00 AM,Hall D,End Semester
E0689,SUB0728,2026-08-09,09:00 AM,Hall D,End Semester
E0690,SUB0264,2026-12-31,09:00 AM,Hall E,End Semester
E0691,SUB0499,2026-05-07,09:00 AM,Hall D,Practical
E0692,SUB0655,2026-02-07,02:00 PM,Hall A,End Semester
E0693,SUB0447,2026-08-23,02:00 PM,Hall C,Mid Semester
E0694,SUB0672,2026-10-27,09:00 AM,Hall C,End Semester
E0695,SUB0636,2026-09-18,02:00 PM,Hall C,End Semester
E0696,SUB0551,2026-10-28,09:00 AM,Hall B,Practical
E0697,SUB0582,2026-10-11,09:00 AM,Hall E,Mid Semester
E0698,SUB0987,2026-07-07,09:00 AM,Hall E,End Semester
E0699,SUB0751,2026-07-21,02:00 PM,Hall D,End Semester
E0700,SUB0242,2026-10-17,09:00 AM,Hall C,Mid Semester
E0701,SUB0611,2026-03-20,02:00 PM,Hall E,End Semester
E0702,SUB0862,2026-05-30,09:00 AM,Hall B,Mid Semester
E0703,SUB0301,2026-10-27,02:00 PM,Hall B,End Semester
E0704,SUB0410,2026-07-14,09:00 AM,Hall B,Mid Semester
E0705,SUB0034,2026-05-14,09:00 AM,Hall A,Mid Semester
E0706,SUB0197,2026-07-04,09:00 AM,Hall A,Mid Semester
E0707,SUB0498,2026-09-07,09:00 AM,Hall B,Practical
E0708,SUB0330,2026-05-18,09:00 AM,Hall C,Practical
E0709,SUB0766,2026-06-21,02:00 PM,Hall E,Practical
E0710,SUB0639,2026-01-31,02:00 PM,Hall D,Mid Semester
E0711,SUB0516,2026-10-02,09:00 AM,Hall C,End Semester
E0712,SUB0176,2026-11-18,09:00 AM,Hall D,Practical
E0713,SUB0373,2026-07-26,09:00 AM,Hall A,Mid Semester
E0714,SUB0355,2026-11-09,02:00 PM,Hall A,Practical
E0715,SUB0925,2026-07-07,09:00 AM,Hall E,Mid Semester
E0716,SUB0408,2026-09-20,02:00 PM,Hall D,End Semester
E0717,SUB0989,2026-02-02,02:00 PM,Hall D,Mid Semester
E0718,SUB0715,2026-03-25,02:00 PM,Hall B,Practical
E0719,SUB0643,2026-12-20,02:00 PM,Hall A,Mid Semester
E0720,SUB0555,2026-05-22,02:00 PM,Hall D,End Semester
E0721,SUB0158,2026-09-04,09:00 AM,Hall D,Mid Semester
E0722,SUB0238,2026-03-29,02:00 PM,Hall A,Mid Semester
E0723,SUB0748,2026-01-28,09:00 AM,Hall D,Mid Semester
E0724,SUB0698,2026-05-11,02:00 PM,Hall E,Mid Semester
E0725,SUB0046,2027-01-02,09:00 AM,Hall E,End Semester
E0726,SUB0012,2026-10-22,02:00 PM,Hall A,Mid Semester
E0727,SUB0036,2026-06-23,09:00 AM,Hall D,Practical
E0728,SUB0815,2026-08-29,09:00 AM,Hall D,Mid Semester
E0729,SUB0847,2026-09-09,09:00 AM,Hall A,End Semester
E0730,SUB0543,2026-03-13,09:00 AM,Hall E,Mid Semester
E0731,SUB0784,2026-08-05,02:00 PM,Hall D,End Semester
E0732,SUB0165,2026-02-16,09:00 AM,Hall A,End Semester
E0733,SUB0154,2026-03-07,09:00 AM,Hall A,Mid Semester
E0734,SUB0959,2026-10-13,09:00 AM,Hall D,Practical
E0735,SUB0465,2026-02-27,09:00 AM,Hall C,Practical
E0736,SUB0329,2026-08-16,09:00 AM,Hall D,Mid Semester
E0737,SUB0528,2026-04-22,02:00 PM,Hall B,Practical
E0738,SUB0073,2026-07-15,09:00 AM,Hall E,End Semester
E0739,SUB0691,2026-10-02,09:00 AM,Hall B,Practical
E0740,SUB0021,2026-12-17,02:00 PM,Hall D,Practical
E0741,SUB0150,2026-03-11,09:00 AM,Hall A,Mid Semester
E0742,SUB0621,2026-01-29,02:00 PM,Hall C,Practical
E0743,SUB0192,2026-03-03,02:00 PM,Hall B,End Semester
E0744,SUB0618,2026-07-19,09:00 AM,Hall D,Mid Semester
E0745,SUB0692,2026-12-07,02:00 PM,Hall A,Practical
E0746,SUB0225,2026-07-22,09:00 AM,Hall B,Mid Semester
E0747,SUB0852,2026-08-23,02:00 PM,Hall C,End Semester
E0748,SUB0341,2026-07-25,02:00 PM,Hall A,End Semester
E0749,SUB0008,2026-03-22,02:00 PM,Hall A,End Semester
E0750,SUB0254,2026-07-15,02:00 PM,Hall E,End Semester
E0751,SUB0859,2026-12-22,09:00 AM,Hall A,End Semester
E0752,SUB0833,2026-05-25,09:00 AM,Hall A,End Semester
E0753,SUB0128,2027-01-06,02:00 PM,Hall E,Mid Semester
E0754,SUB0984,2026-02-09,09:00 AM,Hall B,Mid Semester
E0755,SUB0135,2026-07-25,09:00 AM,Hall C,Practical
E0756,SUB0594,2026-09-19,02:00 PM,Hall B,Practical
E0757,SUB0182,2026-03-02,02:00 PM,Hall C,End Semester
E0758,SUB0160,2026-04-20,09:00 AM,Hall B,End Semester
E0759,SUB0241,2026-10-02,02:00 PM,Hall C,End Semester
E0760,SUB0022,2026-11-30,02:00 PM,Hall E,End Semester
E0761,SUB0194,2026-11-28,09:00 AM,Hall A,Mid Semester
E0762,SUB0725,2027-01-11,02:00 PM,Hall E,End Semester
E0763,SUB0724,2026-12-05,09:00 AM,Hall D,End Semester
E0764,SUB0101,2026-03-06,02:00 PM,Hall E,Mid Semester
E0765,SUB0983,2026-10-09,02:00 PM,Hall D,End Semester
E0766,SUB0544,2026-03-20,02:00 PM,Hall C,End Semester
E0767,SUB0503,2026-05-22,09:00 AM,Hall D,Practical
E0768,SUB0022,2026-07-05,02:00 PM,Hall C,Practical
E0769,SUB0386,2026-08-02,09:00 AM,Hall E,Mid Semester
E0770,SUB0970,2026-07-11,02:00 PM,Hall C,Mid Semester
E0771,SUB0415,2026-10-26,09:00 AM,Hall D,End Semester
E0772,SUB0665,2026-12-29,09:00 AM,Hall D,End Semester
E0773,SUB0758,2026-08-16,02:00 PM,Hall E,Practical
E0774,SUB0214,2026-12-29,02:00 PM,Hall E,Practical
E0775,SUB0171,2026-08-02,02:00 PM,Hall C,End Semester
E0776,SUB0989,2026-06-03,02:00 PM,Hall A,End Semester
E0777,SUB0276,2026-12-12,02:00 PM,Hall B,Practical
E0778,SUB0894,2026-06-07,09:00 AM,Hall D,Mid Semester
E0779,SUB0016,2026-12-06,02:00 PM,Hall B,End Semester
E0780,SUB0715,2026-06-22,02:00 PM,Hall E,End Semester
E0781,SUB0572,2026-02-24,02:00 PM,Hall C,End Semester
E0782,SUB0842,2026-08-14,09:00 AM,Hall E,Practical
E0783,SUB0011,2026-03-16,09:00 AM,Hall C,Mid Semester
E0784,SUB0717,2026-11-09,02:00 PM,Hall C,Mid Semester
E0785,SUB0052,2026-01-18,09:00 AM,Hall A,Practical
E0786,SUB0538,2027-01-03,09:00 AM,Hall C,End Semester
E0787,SUB0177,2026-07-24,09:00 AM,Hall A,End Semester
E0788,SUB0271,2026-03-30,02:00 PM,Hall B,End Semester
E0789,SUB0776,2026-09-19,09:00 AM,Hall B,Mid Semester
E0790,SUB0719,2026-06-03,02:00 PM,Hall C,Practical
E0791,SUB0137,2026-06-19,09:00 AM,Hall C,Practical
E0792,SUB0672,2026-10-12,02:00 PM,Hall B,Practical
E0793,SUB0105,2026-05-16,09:00 AM,Hall E,Mid Semester
E0794,SUB0395,2026-06-26,02:00 PM,Hall E,Mid Semester
E0795,SUB0999,2026-07-26,02:00 PM,Hall D,Practical
E0796,SUB0419,2026-12-12,02:00 PM,Hall B,Mid Semester
E0797,SUB0305,2026-02-13,02:00 PM,Hall E,Mid Semester
E0798,SUB0409,2027-01-01,02:00 PM,Hall D,Practical
E0799,SUB0182,2026-10-07,09:00 AM,Hall B,End Semester
E0800,SUB0310,2026-07-27,02:00 PM,Hall E,Mid Semester
E0801,SUB0059,2026-11-22,02:00 PM,Hall A,Practical
E0802,SUB0202,2026-03-17,09:00 AM,Hall D,End Semester
E0803,SUB0649,2026-07-18,09:00 AM,Hall B,End Semester
E0804,SUB0021,2026-05-03,09:00 AM,Hall E,Mid Semester
E0805,SUB0472,2026-12-15,09:00 AM,Hall C,Practical
E0806,SUB0411,2026-09-23,09:00 AM,Hall C,Mid Semester
E0807,SUB0435,2026-03-26,02:00 PM,Hall E,Practical
E0808,SUB0456,2026-12-05,02:00 PM,Hall E,End Semester
E0809,SUB0765,2027-01-09,09:00 AM,Hall B,Mid Semester
E0810,SUB0646,2026-02-02,09:00 AM,Hall A,Mid Semester
E0811,SUB0262,2026-12-25,09:00 AM,Hall A,Mid Semester
E0812,SUB0066,2026-10-19,09:00 AM,Hall E,End Semester
E0813,SUB0009,2026-02-16,02:00 PM,Hall B,End Semester
E0814,SUB0854,2027-01-03,02:00 PM,Hall C,Practical
E0815,SUB0725,2026-07-07,02:00 PM,Hall D,End Semester
E0816,SUB0913,2026-03-12,02:00 PM,Hall D,Practical
E0817,SUB0892,2026-11-28,02:00 PM,Hall E,Mid Semester
E0818,SUB0747,2026-09-17,09:00 AM,Hall E,Practical
E0819,SUB0195,2026-02-12,09:00 AM,Hall D,Practical
E0820,SUB0783,2026-06-23,02:00 PM,Hall C,Practical
E0821,SUB0604,2026-12-09,02:00 PM,Hall D,End Semester
E0822,SUB0341,2026-11-14,09:00 AM,Hall A,Mid Semester
E0823,SUB0890,2026-05-10,02:00 PM,Hall A,Practical
E0824,SUB0385,2026-05-06,02:00 PM,Hall C,End Semester
E0825,SUB0994,2026-06-05,02:00 PM,Hall E,End Semester
E0826,SUB0653,2026-09-30,02:00 PM,Hall A,Practical
E0827,SUB0858,2026-05-02,09:00 AM,Hall B,Practical
E0828,SUB0962,2026-05-07,02:00 PM,Hall A,Mid Semester
E0829,SUB0308,2026-10-09,02:00 PM,Hall E,End Semester
E0830,SUB0782,2026-05-20,02:00 PM,Hall B,End Semester
E0831,SUB0697,2026-02-09,09:00 AM,Hall D,End Semester
E0832,SUB0784,2026-08-18,09:00 AM,Hall D,Mid Semester
E0833,SUB0376,2026-08-26,09:00 AM,Hall B,Mid Semester
E0834,SUB0974,2026-06-15,02:00 PM,Hall D,Mid Semester
E0835,SUB0675,2026-01-30,02:00 PM,Hall D,End Semester
E0836,SUB0598,2026-10-31,02:00 PM,Hall B,Mid Semester
E0837,SUB0525,2026-06-13,02:00 PM,Hall E,Practical
E0838,SUB0733,2026-09-01,02:00 PM,Hall D,Mid Semester
E0839,SUB0314,2026-12-08,09:00 AM,Hall C,End Semester
E0840,SUB0554,2026-10-26,09:00 AM,Hall A,Practical
E0841,SUB0248,2026-04-07,02:00 PM,Hall C,Practical
E0842,SUB0962,2026-12-10,02:00 PM,Hall B,Practical
E0843,SUB0420,2026-12-02,09:00 AM,Hall B,End Semester
E0844,SUB0379,2026-10-29,02:00 PM,Hall E,End Semester
E0845,SUB0727,2026-04-19,09:00 AM,Hall B,End Semester
E0846,SUB0579,2026-07-05,02:00 PM,Hall B,End Semester
E0847,SUB0571,2026-04-21,02:00 PM,Hall A,Mid Semester
E0848,SUB0874,2026-10-07,09:00 AM,Hall D,Practical
E0849,SUB0845,2026-04-02,09:00 AM,Hall B,End Semester
E0850,SUB0995,2026-03-29,09:00 AM,Hall E,Mid Semester
E0851,SUB0770,2026-12-27,02:00 PM,Hall D,End Semester
E0852,SUB0681,2026-08-05,02:00 PM,Hall B,End Semester
E0853,SUB0209,2026-02-23,02:00 PM,Hall D,End Semester
E0854,SUB0778,2026-03-16,09:00 AM,Hall B,End Semester
E0855,SUB0653,2026-06-10,09:00 AM,Hall B,Mid Semester
E0856,SUB0925,2026-06-19,02:00 PM,Hall D,Practical
E0857,SUB0035,2026-02-25,02:00 PM,Hall E,Mid Semester
E0858,SUB0184,2026-07-12,09:00 AM,Hall D,End Semester
E0859,SUB0850,2026-01-21,02:00 PM,Hall C,Practical
E0860,SUB0775,2026-04-29,09:00 AM,Hall E,Mid Semester
E0861,SUB0898,2026-03-14,09:00 AM,Hall D,Practical
E0862,SUB0821,2026-11-23,09:00 AM,Hall D,Practical
E0863,SUB0950,2026-09-14,09:00 AM,Hall B,End Semester
E0864,SUB0264,2026-07-19,02:00 PM,Hall D,End Semester
E0865,SUB0077,2026-05-18,02:00 PM,Hall A,Mid Semester
E0866,SUB0681,2026-03-19,02:00 PM,Hall A,End Semester
E0867,SUB0027,2026-09-06,09:00 AM,Hall C,End Semester
E0868,SUB0465,2026-03-25,09:00 AM,Hall B,Practical
E0869,SUB0664,2026-05-05,02:00 PM,Hall C,Practical
E0870,SUB0863,2026-09-27,09:00 AM,Hall A,Mid Semester
E0871,SUB0035,2026-07-04,09:00 AM,Hall C,End Semester
E0872,SUB0525,2026-08-12,09:00 AM,Hall D,Practical
E0873,SUB0006,2026-08-18,02:00 PM,Hall C,End Semester
E0874,SUB0054,2026-07-16,09:00 AM,Hall B,Practical
E0875,SUB0241,2026-04-17,02:00 PM,Hall B,End Semester
E0876,SUB0493,2026-07-04,09:00 AM,Hall E,End Semester
E0877,SUB0151,2026-03-01,02:00 PM,Hall C,Mid Semester
E0878,SUB0009,2027-01-04,09:00 AM,Hall C,Practical
E0879,SUB0916,2026-05-04,02:00 PM,Hall A,Mid Semester
E0880,SUB0968,2026-03-02,09:00 AM,Hall C,Mid Semester
E0881,SUB0469,2026-01-29,02:00 PM,Hall C,Mid Semester
E0882,SUB0485,2026-10-16,02:00 PM,Hall C,Mid Semester
E0883,SUB0815,2026-11-19,09:00 AM,Hall C,Mid Semester
E0884,SUB0741,2026-05-05,09:00 AM,Hall D,Practical
E0885,SUB0168,2026-11-10,09:00 AM,Hall C,Mid Semester
E0886,SUB0823,2026-12-20,09:00 AM,Hall A,Practical
E0887,SUB0929,2026-10-30,02:00 PM,Hall D,End Semester
E0888,SUB0842,2026-04-07,02:00 PM,Hall C,End Semester
E0889,SUB0344,2026-03-08,02:00 PM,Hall B,Practical
E0890,SUB0419,2026-09-23,09:00 AM,Hall B,Practical
E0891,SUB0182,2026-03-30,02:00 PM,Hall C,Mid Semester
E0892,SUB0409,2026-05-30,02:00 PM,Hall D,Practical
E0893,SUB0303,2026-03-31,09:00 AM,Hall B,End Semester
E0894,SUB0263,2026-04-25,02:00 PM,Hall E,Practical
E0895,SUB0841,2026-11-08,02:00 PM,Hall A,Mid Semester
E0896,SUB0234,2026-01-31,02:00 PM,Hall C,Practical
E0897,SUB0828,2026-10-29,02:00 PM,Hall C,Mid Semester
E0898,SUB0178,2026-09-28,09:00 AM,Hall D,Practical
E0899,SUB0877,2026-03-23,09:00 AM,Hall B,Practical
E0900,SUB0282,2027-01-10,02:00 PM,Hall B,Practical
E0901,SUB0199,2026-02-14,09:00 AM,Hall C,Mid Semester
E0902,SUB0623,2026-03-01,09:00 AM,Hall B,End Semester
E0903,SUB0588,2026-02-07,09:00 AM,Hall B,Practical
E0904,SUB0172,2026-03-08,02:00 PM,Hall C,Mid Semester
E0905,SUB0216,2026-10-06,02:00 PM,Hall D,Practical
E0906,SUB0762,2026-06-02,09:00 AM,Hall A,Practical
E0907,SUB0485,2027-01-05,09:00 AM,Hall A,Mid Semester
E0908,SUB0401,2026-03-30,09:00 AM,Hall B,Practical
E0909,SUB0272,2026-10-15,09:00 AM,Hall D,End Semester
E0910,SUB0673,2026-06-25,09:00 AM,Hall E,Practical
E0911,SUB0458,2026-10-31,02:00 PM,Hall B,End Semester
E0912,SUB0156,2026-09-19,02:00 PM,Hall B,Practical
E0913,SUB0497,2026-06-26,09:00 AM,Hall A,Mid Semester
E0914,SUB0108,2026-03-20,02:00 PM,Hall D,Mid Semester
E0915,SUB0715,2026-12-17,09:00 AM,Hall A,End Semester
E0916,SUB0056,2026-01-27,02:00 PM,Hall E,End Semester
E0917,SUB0249,2026-05-15,09:00 AM,Hall B,Practical
E0918,SUB0323,2026-08-05,09:00 AM,Hall C,Practical
E0919,SUB0808,2026-09-20,09:00 AM,Hall D,Practical
E0920,SUB0568,2026-06-02,02:00 PM,Hall E,Mid Semester
E0921,SUB0078,2026-12-23,02:00 PM,Hall C,End Semester
E0922,SUB0737,2026-04-23,09:00 AM,Hall A,Mid Semester
E0923,SUB0137,2026-06-04,02:00 PM,Hall C,End Semester
E0924,SUB0961,2027-01-01,09:00 AM,Hall A,Practical
E0925,SUB0529,2026-01-21,02:00 PM,Hall B,End Semester
E0926,SUB0582,2026-12-23,09:00 AM,Hall C,End Semester
E0927,SUB0524,2026-02-19,02:00 PM,Hall D,End Semester
E0928,SUB0036,2026-05-03,02:00 PM,Hall D,End Semester
E0929,SUB0815,2026-11-27,02:00 PM,Hall B,Practical
E0930,SUB0620,2027-01-06,09:00 AM,Hall D,End Semester
E0931,SUB0213,2026-10-23,02:00 PM,Hall E,End Semester
E0932,SUB0946,2026-03-04,09:00 AM,Hall A,End Semester
E0933,SUB0675,2026-02-20,09:00 AM,Hall B,Mid Semester
E0934,SUB0255,2026-06-16,02:00 PM,Hall A,Mid Semester
E0935,SUB0660,2026-12-29,09:00 AM,Hall E,Mid Semester
E0936,SUB0142,2026-04-11,09:00 AM,Hall C,Practical
E0937,SUB0216,2026-02-21,09:00 AM,Hall B,Practical
E0938,SUB0012,2026-02-19,02:00 PM,Hall A,Practical
E0939,SUB0746,2026-04-19,09:00 AM,Hall B,Mid Semester
E0940,SUB0327,2026-09-10,02:00 PM,Hall A,End Semester
E0941,SUB0005,2026-08-08,09:00 AM,Hall B,Mid Semester
E0942,SUB0668,2026-12-30,02:00 PM,Hall E,Practical
E0943,SUB0438,2026-12-22,02:00 PM,Hall B,End Semester
E0944,SUB0759,2026-07-23,02:00 PM,Hall E,End Semester
E0945,SUB0686,2026-10-05,02:00 PM,Hall A,Mid Semester
E0946,SUB0246,2026-06-16,09:00 AM,Hall C,Practical
E0947,SUB0726,2026-12-22,09:00 AM,Hall D,Mid Semester
E0948,SUB0405,2026-10-08,09:00 AM,Hall D,End Semester
E0949,SUB0808,2026-03-07,02:00 PM,Hall E,End Semester
E0950,SUB0350,2026-08-15,09:00 AM,Hall C,End Semester
E0951,SUB0428,2026-03-21,02:00 PM,Hall A,Mid Semester
E0952,SUB0383,2026-06-10,09:00 AM,Hall A,Mid Semester
E0953,SUB0357,2026-08-14,09:00 AM,Hall B,End Semester
E0954,SUB0506,2026-05-10,09:00 AM,Hall C,Practical
E0955,SUB0490,2026-11-14,09:00 AM,Hall A,Mid Semester
E0956,SUB0705,2026-07-13,09:00 AM,Hall C,Mid Semester
E0957,SUB0514,2026-03-19,09:00 AM,Hall A,Practical
E0958,SUB0887,2026-12-19,02:00 PM,Hall D,Mid Semester
E0959,SUB0910,2026-01-29,09:00 AM,Hall E,Mid Semester
E0960,SUB0562,2026-01-18,09:00 AM,Hall E,End Semester
E0961,SUB0444,2026-11-13,09:00 AM,Hall E,Practical
E0962,SUB0876,2026-11-28,09:00 AM,Hall D,Practical
E0963,SUB0695,2026-09-11,02:00 PM,Hall D,Mid Semester
E0964,SUB0703,2026-04-07,02:00 PM,Hall C,Mid Semester
E0965,SUB0860,2026-04-26,09:00 AM,Hall E,Mid Semester
E0966,SUB0363,2026-05-25,02:00 PM,Hall B,Mid Semester
E0967,SUB0444,2026-04-22,09:00 AM,Hall B,Mid Semester
E0968,SUB0845,2026-10-08,09:00 AM,Hall A,End Semester
E0969,SUB0005,2026-03-08,09:00 AM,Hall A,End Semester
E0970,SUB0364,2026-03-20,09:00 AM,Hall E,Mid Semester
E0971,SUB0683,2026-12-06,09:00 AM,Hall B,End Semester
E0972,SUB0922,2026-08-14,09:00 AM,Hall C,Mid Semester
E0973,SUB0697,2027-01-09,02:00 PM,Hall C,End Semester
E0974,SUB0943,2026-08-07,09:00 AM,Hall C,Practical
E0975,SUB0912,2026-02-03,09:00 AM,Hall A,Practical
E0976,SUB0125,2026-09-02,02:00 PM,Hall C,Mid Semester
E0977,SUB0260,2026-05-23,09:00 AM,Hall D,Mid Semester
E0978,SUB0289,2026-04-29,02:00 PM,Hall B,End Semester
E0979,SUB0425,2026-09-16,02:00 PM,Hall D,Mid Semester
E0980,SUB0225,2026-12-21,09:00 AM,Hall A,End Semester
E0981,SUB0281,2026-06-07,09:00 AM,Hall D,Mid Semester
E0982,SUB0695,2026-02-08,09:00 AM,Hall D,Practical
E0983,SUB0941,2026-10-25,09:00 AM,Hall A,Practical
E0984,SUB0962,2026-06-29,09:00 AM,Hall D,Mid Semester
E0985,SUB0473,2026-04-25,09:00 AM,Hall B,Mid Semester
E0986,SUB0289,2026-04-23,09:00 AM,Hall D,Mid Semester
E0987,SUB0162,2026-06-29,02:00 PM,Hall C,Mid Semester
E0988,SUB0399,2026-04-07,02:00 PM,Hall D,Mid Semester
E0989,SUB0063,2026-10-02,09:00 AM,Hall D,End Semester
E0990,SUB0126,2026-02-06,09:00 AM,Hall E,End Semester
E0991,SUB0020,2026-07-18,09:00 AM,Hall C,End Semester
E0992,SUB0818,2026-09-25,09:00 AM,Hall C,End Semester
E0993,SUB0473,2026-07-15,02:00 PM,Hall D,End Semester
E0994,SUB0916,2026-02-04,02:00 PM,Hall C,Mid Semester
E0995,SUB0763,2026-04-30,02:00 PM,Hall C,End Semester
E0996,SUB0803,2026-02-14,09:00 AM,Hall E,Mid Semester
E0997,SUB0161,2026-05-27,09:00 AM,Hall C,Mid Semester
E0998,SUB0541,2026-03-06,09:00 AM,Hall A,Mid Semester
E0999,SUB0048,2026-08-07,02:00 PM,Hall D,End Semester
E1000,SUB0942,2026-07-26,02:00 PM,Hall D,Practical
