faculty_id,faculty_name,designation,department_id,email,phone,experience
F0001,Peter Sekhon,Associate Professor,D005,psharaf@example.com,8898806796,10
F0002,Hiral Sibal,Assistant Professor,D004,gpalla@example.com,842558262,17
F0003,Quincy Setty,Professor,D004,isaiah62@example.com,917605057,15
F0004,Dalbir Naik,Assistant Professor,D005,timothythakur@example.org,910746252,14
F0005,Henry Ratta,Assistant Professor,D005,prisha35@example.com,348119315,16
F0006,Hredhaan Arya,Assistant Professor,D002,daksha45@example.net,918384019,20
F0007,Aadi Sheth,Assistant Professor,D001,vanyanagarajan@example.org,913683863,6
F0008,Triya Desai,Associate Professor,D005,eiravati22@example.com,276678076,19
F0009,Shravya Arora,Professor,D003,rkota@example.org,596045457,14
F0010,Kala Balay,Assistant Professor,D004,lopa40@example.org,1314695105,21
F0011,Warhi Anne,Professor,D001,vcheema@example.net,373064939,10
F0012,Patrick Radhakrishnan,Professor,D001,aryan56@example.org,96121615,21
F0013,Banjeet Borde,Associate Professor,D001,sethgaurang@example.net,917314686,19
F0014,Ayaan Deo,Associate Professor,D004,dayalhema@example.net,5556682239,7
F0015,Manan Sarna,Associate Professor,D001,manya15@example.com,219857469,10
F0016,Charan Dhawan,Professor,D002,brarfiyaz@example.org,255753470,8
F0017,Daksha Maharaj,Associate Professor,D005,subramaniamvritti@example.org,6344370557,14
F0018,Jalsa Dube,Associate Professor,D003,charan17@example.org,817909558,5
F0019,Utkarsh Prashad,Assistant Professor,D005,rbaria@example.org,188802765,25
F0020,Chakrika Guha,Associate Professor,D003,chanderbishakha@example.org,543102913,20
F0021,Janaki Vaidya,Associate Professor,D004,erama@example.org,911327542,23
F0022,Girindra Bal,Assistant Professor,D004,thakkarkeya@example.org,911561127,20
F0023,Eta Kumer,Assistant Professor,D002,zchada@example.org,918412827,25
F0024,Ekanta Prasad,Associate Professor,D002,eiravati54@example.com,915602462,4
F0025,Frederick Gade,Associate Professor,D004,yparsa@example.com,9371036186,10
F0026,Jeevika Sandhu,Professor,D004,dinvamakshi@example.net,6469210762,13
F0027,Qasim Parmer,Professor,D004,gautam94@example.net,918498973,11
F0028,Hitesh Narasimhan,Associate Professor,D003,ekumar@example.net,912101135,17
F0029,Ucchal Pant,Assistant Professor,D005,daraoviya@example.com,919669559,25
F0030,Hema Kashyap,Associate Professor,D005,xbala@example.org,685136740,11
F0031,Bina Chadha,Professor,D001,bmenon@example.net,7102893900,13
F0032,Riya Lala,Assistant Professor,D005,devikapant@example.com,3921144332,5
F0033,Sanaya Shan,Professor,D003,vasana68@example.net,914545387,11
F0034,Mugdha Tiwari,Associate Professor,D002,bhora@example.com,373329614,18
F0035,Qabil Sharma,Assistant Professor,D003,bborra@example.com,393001528,21
F0036,Baghyawati Pau,Associate Professor,D001,sneha82@example.com,797173682,14
F0037,Ishita Bala,Professor,D002,veerkant@example.net,396607016,5
F0038,Zarna Saini,Assistant Professor,D003,kalpit80@example.org,2045535424,16
F0039,Yasti Hora,Professor,D002,qgopal@example.org,674874069,11
F0040,Aarini Natt,Associate Professor,D005,lucky17@example.com,910970155,12
F0041,Netra Nagar,Professor,D003,chandani61@example.net,345307228,11
F0042,Zansi Deep,Professor,D002,rsridhar@example.net,913209345,3
F0043,William Vig,Associate Professor,D004,ekannan@example.org,705011744,10
F0044,Gaurangi Issac,Associate Professor,D002,jai03@example.com,6130187441,19
F0045,Jacob Sunder,Assistant Professor,D003,imaran64@example.org,823283050,7
F0046,William Manda,Assistant Professor,D004,theodorekakar@example.org,372449030,2
F0047,Meghana Wali,Associate Professor,D005,jacobarya@example.com,6132397181,12
F0048,Ethan Rana,Associate Professor,D005,isha96@example.com,106761555,25
F0049,Aahana Narula,Assistant Professor,D002,sastryabha@example.com,5203386041,18
F0050,Chandani Rai,Assistant Professor,D003,jedwin@example.com,26688972,3
F0051,Jagdish Ravi,Assistant Professor,D002,ikbal78@example.net,912542940,11
F0052,Libni Dutta,Associate Professor,D002,riakalita@example.org,919167501,21
F0053,Nirja Bajaj,Assistant Professor,D003,esastry@example.com,4058782200,11
F0054,Anamika Konda,Assistant Professor,D002,buchbimala@example.com,911628121,14
F0055,Yug Nagi,Assistant Professor,D002,radhikaranganathan@example.com,7815747315,22
F0056,Darpan Wason,Associate Professor,D001,widisha79@example.com,917948896,12
F0057,Tristan Krishnan,Associate Professor,D004,chokshichandran@example.org,403187611,24
F0058,Alexander Sridhar,Associate Professor,D005,eram@example.net,7039029219,10
F0059,Eshana Bahl,Professor,D002,rdugal@example.org,8330961145,18
F0060,Jagdish Rajagopal,Professor,D004,hkohli@example.org,911707820,25
F0061,Jason Seth,Professor,D002,luke81@example.org,110536548,18
F0062,Brijesh Ramesh,Professor,D005,dnaik@example.com,917519957,18
F0063,Barkha Gaba,Professor,D004,ekapad14@example.net,917368574,20
F0064,Qarin Ratti,Professor,D004,edave@example.org,628411913,22
F0065,Lavanya Dar,Associate Professor,D002,rushil06@example.com,697098093,2
F0066,Patrick Prashad,Associate Professor,D003,ipalla@example.org,911182784,5
F0067,Lila Kohli,Professor,D002,dhingraekta@example.net,885438811,21
F0068,Yochana More,Associate Professor,D002,boseanirudh@example.com,411473911,11
F0069,Ayaan Vaidya,Professor,D004,yogipranav@example.net,5674299323,3
F0070,Bhavya Deshmukh,Associate Professor,D003,yahviradhakrishnan@example.com,58249733,17
F0071,Triya Sood,Professor,D005,maxbhat@example.com,477054612,14
F0072,Victor Balay,Professor,D004,frado48@example.net,919916500,20
F0073,Gaurang Mallick,Associate Professor,D002,kmodi@example.org,4673890655,3
F0074,Simon Walla,Assistant Professor,D002,tejas23@example.org,880727817,11
F0075,Frederick Khare,Professor,D005,sathetripti@example.com,918760191,3
F0076,Nimrat Goda,Professor,D001,kashviwalla@example.net,864839063,20
F0077,Zaid Buch,Assistant Professor,D003,mbora@example.org,914334486,12
F0078,Lila Nagy,Professor,D005,pradhakrishnan@example.com,9913889462,22
F0079,Wahab Atwal,Professor,D005,paninimaster@example.org,910502149,18
F0080,Shivani Kumar,Professor,D005,janya32@example.net,306677385,23
F0081,Kalpit Virk,Associate Professor,D002,gparmer@example.net,211524493,3
F0082,Lekha Bakshi,Professor,D003,hredhaangupta@example.org,661754266,24
F0083,Chanakya Pandey,Assistant Professor,D002,daminiborra@example.net,2251233018,17
F0084,William Chaudhuri,Associate Professor,D004,banikgayathri@example.com,910439954,9
F0085,Gunbir Rajagopalan,Assistant Professor,D004,cherianchanchal@example.com,788220708,22
F0086,Victor Dhillon,Professor,D002,madanrajeshri@example.org,915709415,18
F0087,Radhika Sandhu,Assistant Professor,D001,ayush34@example.com,821960815,18
F0088,Brinda Bansal,Professor,D004,jackson31@example.org,915648646,4
F0089,Vinaya Pau,Assistant Professor,D001,lkadakia@example.net,170797150,23
F0090,Yasti Issac,Assistant Professor,D003,upadhriti09@example.net,4803441087,12
F0091,Lohit Madan,Professor,D004,naiduaadi@example.org,913696717,16
F0092,Nimrat Chanda,Assistant Professor,D001,kashvi83@example.net,914653119,18
F0093,Sathvik Banerjee,Professor,D005,tanishandra@example.com,914124258,16
F0094,Kamya Chada,Assistant Professor,D003,chandaparth@example.net,910944221,25
F0095,Maanav Thakur,Assistant Professor,D002,pallavi02@example.com,843396948,23
F0096,Aarna Nagi,Professor,D001,ykothari@example.org,499615400,8
F0097,Krishna Parikh,Assistant Professor,D003,charankurian@example.net,914679691,2
F0098,Vedhika Soni,Associate Professor,D001,shivani17@example.net,2978412454,10
F0099,Dayita Agarwal,Associate Professor,D004,xtank@example.com,474582228,23
F0100,Bimala Purohit,Assistant Professor,D005,victorparsa@example.org,882457177,18
F0101,Yauvani Doctor,Assistant Professor,D003,vyanjana52@example.org,7056851414,10
F0102,Bhavini Chaudhary,Assistant Professor,D005,srivastavafrado@example.org,5499318648,3
F0103,Aarna Chandra,Associate Professor,D003,janaki54@example.net,915240553,9
F0104,Zehaan Cherian,Assistant Professor,D002,rohan12@example.com,927353867,20
F0105,Urmi Chand,Assistant Professor,D004,sinhaomisha@example.net,913605742,15
F0106,Baljiwan Chowdhury,Assistant Professor,D004,thomasmohan@example.org,2630881948,21
F0107,Hemal Palan,Assistant Professor,D002,dev68@example.net,6683405281,20
F0108,Ayaan Ramachandran,Associate Professor,D005,vritti59@example.com,2236102601,19
F0109,Vritti Tiwari,Assistant Professor,D001,matthewgola@example.org,989780832,18
F0110,Arya Sura,Assistant Professor,D005,dhruv48@example.net,751923906,3
F0111,Leela Ranganathan,Associate Professor,D005,mpant@example.org,536897422,20
F0112,Bhavini Kar,Professor,D004,lekhamangat@example.org,160360859,2
F0113,Faqid Dayal,Associate Professor,D004,balaanika@example.net,646548646,17
F0114,Diya Datta,Associate Professor,D002,vidhilala@example.net,918046910,3
F0115,Baghyawati Natarajan,Professor,D002,raosamesh@example.org,912691157,16
F0116,Henry Ramaswamy,Assistant Professor,D002,bhagatyoshita@example.net,127934224,20
F0117,Ranbir Nadig,Associate Professor,D001,jackrandhawa@example.com,914772348,7
F0118,Urvashi Gopal,Assistant Professor,D004,onkar59@example.com,114529005,8
F0119,Frederick Som,Associate Professor,D005,ekbalbanik@example.com,912252069,23
F0120,Oeshi Sami,Assistant Professor,D001,ksem@example.com,900842217,18
F0121,Hema Kala,Professor,D003,yochanamurty@example.com,919380867,23
F0122,Dominic Master,Associate Professor,D004,saxenaharinakshi@example.com,806764282,9
F0123,Frederick Dyal,Assistant Professor,D005,nikitabava@example.org,911158762,19
F0124,Vincent Chauhan,Associate Professor,D005,pateljagat@example.org,3448975392,3
F0125,Vedhika Sabharwal,Professor,D001,hvenkatesh@example.org,916392462,15
F0126,Aarna Chaudry,Professor,D004,warrioreesha@example.net,9799495234,16
F0127,Theodore Sekhon,Assistant Professor,D003,tdalal@example.org,6588183201,12
F0128,Aarna Dhingra,Assistant Professor,D002,rachitamble@example.com,72620022,5
F0129,Urvi Gera,Associate Professor,D002,devanudarsh@example.net,3339692256,8
F0130,Yug Bakshi,Professor,D001,jacob43@example.net,2942286516,18
F0131,Vidhi Kade,Professor,D003,dugarchasmum@example.com,862466102,11
F0132,Tanish Keer,Assistant Professor,D003,vasana46@example.net,75757666,11
F0133,Raghav Zachariah,Associate Professor,D001,jagatdave@example.org,917318988,20
F0134,Anmol Gade,Professor,D003,znadkarni@example.org,917053782,17
F0135,Chanchal Dube,Associate Professor,D001,fswaminathan@example.net,910828819,22
F0136,Pranav Gola,Professor,D001,santdamyanti@example.org,5357522563,13
F0137,Kamya Hora,Assistant Professor,D001,shravyamuni@example.com,910468318,22
F0138,Qadim Saxena,Assistant Professor,D005,mohansiddharth@example.com,1370136025,14
F0139,Raghav Menon,Assistant Professor,D003,jacobrai@example.net,938462701,20
F0140,Dakshesh Chana,Associate Professor,D001,manndarpan@example.org,5711738969,5
F0141,Shivani Ravi,Professor,D005,abhatti@example.org,918686485,17
F0142,Manbir Rau,Professor,D002,mahika10@example.org,5587104192,8
F0143,Kevin Sachdeva,Professor,D005,darika21@example.com,914247778,24
F0144,Panini Dua,Associate Professor,D001,shivansh25@example.org,917358925,13
F0145,Ayush Vig,Assistant Professor,D001,doramohammed@example.org,5918045696,18
F0146,Kalpit Modi,Associate Professor,D004,rajanhemani@example.org,912676245,17
F0147,Deepa Patil,Associate Professor,D005,badalbaghyawati@example.net,384715786,8
F0148,Mitali Mishra,Assistant Professor,D004,sathevasudha@example.net,1191129899,24
F0149,Samuel Sehgal,Assistant Professor,D001,sagarpranav@example.org,1010421888,21
F0150,Xalak Pall,Professor,D005,palanharini@example.com,2992217619,8
F0151,Gunbir Sandal,Associate Professor,D002,riashan@example.com,4833886212,20
F0152,Sneha Madan,Associate Professor,D001,qram@example.net,5633056355,5
F0153,Krish Sibal,Assistant Professor,D005,basakrushil@example.com,497693051,14
F0154,Leela Borah,Associate Professor,D002,virajmuni@example.org,912029434,15
F0155,Simon Issac,Associate Professor,D004,parthbarad@example.net,9107769359,15
F0156,Siya Char,Professor,D004,xpau@example.com,6232973124,21
F0157,Vansha Chandran,Associate Professor,D003,anita56@example.com,7738626623,2
F0158,Eesha Pradhan,Assistant Professor,D003,tthakur@example.net,916084682,18
F0159,Naksh Salvi,Professor,D002,fraval@example.net,171622920,10
F0160,Ansh Bhargava,Professor,D003,dmannan@example.net,5685643086,21
F0161,Waida Dugar,Associate Professor,D001,anandlibni@example.net,5773840043,2
F0162,Pranav Kamdar,Associate Professor,D005,chandani82@example.org,2632725563,19
F0163,Nihal Madan,Professor,D004,anyahayre@example.com,108534814,25
F0164,Peter Maharaj,Associate Professor,D001,devika14@example.net,914341565,21
F0165,Vasana Pant,Associate Professor,D002,olivervohra@example.net,398078867,3
F0166,Pavani Soni,Professor,D002,iwarrior@example.net,910179209,15
F0167,Champak Khosla,Associate Professor,D003,ladligarg@example.net,918000021,11
F0168,Hemal Gaba,Assistant Professor,D003,bhattchaitanya@example.net,912014262,7
F0169,Gagan Lala,Professor,D001,nandamatthew@example.com,29792919,22
F0170,Aachal Mannan,Assistant Professor,D002,mpurohit@example.net,465199826,2
F0171,Mitali Arya,Assistant Professor,D004,parekhodika@example.com,486818098,25
F0172,Urvi Bhardwaj,Associate Professor,D003,nidhisubramaniam@example.org,917631920,25
F0173,Suhani Sabharwal,Professor,D001,qsane@example.com,917375220,3
F0174,Radhika Chahal,Assistant Professor,D001,qabildhingra@example.com,911963065,18
F0175,Noah Sami,Assistant Professor,D005,gautam83@example.com,3480827542,13
F0176,Harrison Behl,Professor,D002,daniel49@example.org,784509770,5
F0177,Triveni Puri,Professor,D002,luke59@example.net,772170235,25
F0178,Vihaan Dhawan,Associate Professor,D005,lakshmi04@example.com,9158679662,11
F0179,Kalpit Shanker,Assistant Professor,D004,kaladivya@example.net,96618377,17
F0180,Widisha Bava,Assistant Professor,D002,shettychatura@example.net,1334006934,2
F0181,Abhiram Luthra,Associate Professor,D005,rkanda@example.net,912391359,24
F0182,Frado Sidhu,Associate Professor,D004,rkashyap@example.org,6612211541,5
F0183,Zilmil Kothari,Assistant Professor,D002,amrita41@example.com,172085962,7
F0184,Ayaan Wali,Professor,D004,hmahal@example.org,912021419,17
F0185,Ethan Peri,Professor,D005,fsolanki@example.com,584089672,25
F0186,Meghana Tella,Assistant Professor,D004,banikurishilla@example.net,910500236,18
F0187,Lohit Choudhary,Assistant Professor,D003,brahmbhattumang@example.net,503156921,11
F0188,Lohit Gade,Associate Professor,D002,kritikabains@example.org,3051827391,23
F0189,Ekbal Guha,Assistant Professor,D005,maniaayush@example.net,911842034,17
F0190,Vedhika Bal,Associate Professor,D001,chaitalyatwal@example.org,379991842,3
F0191,Xiti Puri,Professor,D002,manderamol@example.org,917241271,4
F0192,Yagnesh Nagi,Associate Professor,D003,keyazachariah@example.net,6071580938,21
F0193,Rehaan Bali,Professor,D004,tpandey@example.org,6839757446,22
F0194,Aayush Peri,Associate Professor,D003,wsolanki@example.com,194791883,3
F0195,Darika Khosla,Assistant Professor,D005,dayita15@example.com,5920199193,19
F0196,Vedhika Cherian,Assistant Professor,D005,bhavini46@example.com,3485856456,19
F0197,Warjas Halder,Professor,D002,watika39@example.org,2605029341,10
F0198,Samesh Warrior,Professor,D005,falakkeer@example.com,918808183,11
F0199,Sanaya Wali,Professor,D005,nilimaramachandran@example.org,2126914131,13
F0200,Ojasvi Rao,Professor,D003,amadan@example.org,858698878,9
F0201,Ishita Dayal,Assistant Professor,D004,gkulkarni@example.net,3374714456,21
F0202,Finn Chauhan,Professor,D004,hamsinimani@example.org,918317160,24
F0203,Devika Bakshi,Assistant Professor,D002,ggolla@example.net,4144712976,24
F0204,Lohit Kala,Assistant Professor,D002,choudhryjanya@example.org,914381166,23
F0205,Pallavi Dewan,Associate Professor,D004,ochar@example.org,913894782,13
F0206,David Ratta,Professor,D004,shuklatimothy@example.com,912957553,20
F0207,Rishi Borra,Assistant Professor,D005,bansalbalveer@example.net,916202895,11
F0208,Aarnav Parsa,Assistant Professor,D001,ekaraj70@example.com,10645716,2
F0209,Lavanya Basu,Associate Professor,D002,naveen60@example.org,916331509,14
F0210,Jacob Mutti,Professor,D001,horaonveer@example.net,7456429120,7
F0211,George Goswami,Associate Professor,D003,zlala@example.com,4911515198,9
F0212,Bhavya Seth,Assistant Professor,D002,munshiagastya@example.org,336303456,16
F0213,Krishna Mani,Professor,D005,vincentkamdar@example.org,356913973,19
F0214,Aarini Saxena,Assistant Professor,D005,jhalakacharya@example.net,918887438,15
F0215,Bishakha Saini,Professor,D005,edivan@example.net,381293891,13
F0216,Vasatika Ahluwalia,Assistant Professor,D002,pdani@example.org,959704573,13
F0217,Libni Morar,Assistant Professor,D001,pathakmanbir@example.net,910548715,8
F0218,Mohammed D’Alia,Associate Professor,D004,devanshkrishnamurthy@example.net,240731194,5
F0219,Hardik Khatri,Associate Professor,D002,dbhatnagar@example.org,8932476045,3
F0220,Damini Gole,Assistant Professor,D003,umang69@example.net,912932375,24
F0221,Viraj Tiwari,Assistant Professor,D005,aroraoscar@example.net,607228240,19
F0222,Yutika Dasgupta,Assistant Professor,D001,bakshivinaya@example.org,912976756,20
F0223,Wazir Grover,Assistant Professor,D002,rudra94@example.net,916303403,2
F0224,Neha Samra,Assistant Professor,D005,gaganvora@example.com,713278980,12
F0225,Tanveer Keer,Associate Professor,D003,azadsavant@example.org,613444488,6
F0226,Bhavya Bose,Associate Professor,D002,xbahl@example.org,520970272,18
F0227,Bhavini Mane,Assistant Professor,D001,ydivan@example.net,518549188,25
F0228,Bishakha Kaul,Associate Professor,D002,natarajanqabil@example.com,846983118,23
F0229,Neel Sunder,Assistant Professor,D003,jalsanagi@example.net,454828759,17
F0230,Gavin Mani,Professor,D004,hredhaandara@example.com,843033780,16
F0231,Theodore Borde,Professor,D004,rdutta@example.net,7309110729,21
F0232,Nidra Borah,Assistant Professor,D001,ektakhatri@example.com,5217460234,8
F0233,Gunbir Babu,Associate Professor,D004,harinakshi34@example.com,911707788,25
F0234,Elijah Pai,Associate Professor,D001,marora@example.com,916034512,18
F0235,Nandini Som,Assistant Professor,D003,janaki70@example.net,22599485,7
F0236,Netra Balakrishnan,Professor,D005,daraeesha@example.com,3596318824,7
F0237,Inaya Saraf,Professor,D005,zdalia@example.net,3566173468,17
F0238,Vritti Varma,Assistant Professor,D004,vasudha44@example.com,918833574,19
F0239,Varsha Gera,Professor,D002,unni74@example.com,913425607,3
F0240,Dominic Dey,Associate Professor,D002,warinder86@example.com,491695553,16
F0241,Quincy Loke,Associate Professor,D002,groversarthak@example.net,911069086,24
F0242,Azad Palan,Associate Professor,D004,avala@example.com,913826403,6
F0243,Vanya Mannan,Associate Professor,D001,upandey@example.net,3166535733,12
F0244,Karan Mand,Professor,D005,meghana94@example.net,1788476627,25
F0245,Triveni Gour,Professor,D003,pinglekrisha@example.net,2836883991,24
F0246,Raksha Rattan,Professor,D005,fitan10@example.com,5451218518,13
F0247,Benjamin Vohra,Professor,D001,eeshamannan@example.com,198302167,9
F0248,Kavya Pingle,Assistant Professor,D005,jagdish34@example.org,1368033689,20
F0249,Max Dugal,Professor,D003,swaminathanabhiram@example.net,4114371878,21
F0250,Hemal Pillay,Associate Professor,D001,brijesh42@example.com,117578539,2
F0251,Sai Bassi,Associate Professor,D002,psabharwal@example.org,339184882,18
F0252,Amaira Shere,Associate Professor,D005,urvi83@example.net,280272811,11
F0253,Kala Kata,Associate Professor,D002,amarakamdar@example.net,915269826,12
F0254,Triveni Chatterjee,Assistant Professor,D005,damini99@example.net,910200077,8
F0255,Dayamai Badal,Associate Professor,D004,wrideshmurty@example.com,2968456369,18
F0256,Wridesh Arora,Associate Professor,D003,gaurang63@example.com,6693091947,22
F0257,Hemangini Bal,Professor,D004,cdoctor@example.org,5119090154,23
F0258,Ethan Dora,Associate Professor,D004,tanay24@example.com,6814193535,24
F0259,Thomas Deshpande,Assistant Professor,D005,sinhavarsha@example.com,4708908496,2
F0260,Devansh Desai,Associate Professor,D003,ethakkar@example.net,916351092,14
F0261,Samar Bath,Assistant Professor,D002,rajeshrikannan@example.net,139972103,12
F0262,Dalbir Sheth,Professor,D001,onigam@example.org,918182201,17
F0263,Lavanya Golla,Professor,D005,nachiket88@example.org,206189336,3
F0264,Pavani Kuruvilla,Associate Professor,D003,nehagarde@example.org,926696510,23
F0265,Ekaraj Walia,Assistant Professor,D005,ndivan@example.net,124584629,12
F0266,Irya Dhingra,Professor,D004,xagarwal@example.com,914231143,4
F0267,Tarak Hora,Associate Professor,D003,iryagade@example.net,9254112966,16
F0268,Bhavika Naidu,Associate Professor,D001,dalbirjohal@example.org,917124091,8
F0269,Eiravati Shankar,Professor,D004,ati84@example.com,903386638,18
F0270,Qasim Taneja,Associate Professor,D001,zkrishnan@example.com,764151229,14
F0271,Damini Bora,Associate Professor,D003,chamelibawa@example.org,910141541,16
F0272,William Kala,Professor,D002,rudragoswami@example.com,8367727710,22
F0273,Oscar Agarwal,Assistant Professor,D005,tprashad@example.org,858843126,15
F0274,Tripti Golla,Associate Professor,D004,advik05@example.net,2657997444,11
F0275,Aradhana Pandya,Associate Professor,D004,keyachaudhary@example.com,954401721,17
F0276,Irya Rao,Professor,D004,ochopra@example.com,917571096,23
F0277,Mahika Chatterjee,Assistant Professor,D005,amolissac@example.net,912739453,16
F0278,Wahab Sridhar,Professor,D003,vrinda12@example.org,5329476720,12
F0279,Upasna Chacko,Professor,D003,srinivasannathan@example.com,8821003285,16
F0280,Jeevika Jani,Professor,D002,pratyushraja@example.net,3077862630,16
F0281,Vasana Sen,Assistant Professor,D003,narayanbrijesh@example.org,2538048169,21
F0282,Chameli Agate,Associate Professor,D002,balveer26@example.com,917131627,2
F0283,Zehaan Radhakrishnan,Assistant Professor,D004,kbedi@example.net,917015648,7
F0284,Saanvi Sura,Assistant Professor,D004,ekalingakunda@example.org,51443902,18
F0285,Wahab Doshi,Associate Professor,D003,samaksh59@example.net,911580553,8
F0286,Kavya Dyal,Assistant Professor,D001,goswamiforum@example.org,530393219,25
F0287,Rachana Wason,Professor,D003,minhaskashvi@example.net,244777217,21
F0288,Dayita Gour,Associate Professor,D001,hchoudhary@example.com,911120561,17
F0289,Ranbir Kari,Professor,D004,saramukhopadhyay@example.net,2523797223,10
F0290,Om Basu,Professor,D002,bhardwajindira@example.org,935791083,2
F0291,Bhavini Minhas,Assistant Professor,D003,kadakialakshit@example.net,9054300055,16
F0292,Mohammed Dar,Associate Professor,D002,zayyankhalsa@example.org,768915818,5
F0293,Ayushman Oak,Associate Professor,D005,chaaya31@example.net,910172913,22
F0294,Charan Dutt,Associate Professor,D004,neha14@example.net,9339886500,22
F0295,Onkar Ratti,Associate Professor,D003,jeet66@example.org,5776348537,25
F0296,Siya Verma,Associate Professor,D004,jcomar@example.net,919329560,7
F0297,Varsha Rout,Professor,D004,varmajonathan@example.net,5640224659,13
F0298,Netra Dasgupta,Assistant Professor,D004,vsehgal@example.net,3431368751,21
F0299,Gaurika Balakrishnan,Professor,D005,hayerdivya@example.com,917442701,2
F0300,Jasmit Sibal,Professor,D005,benjaminhans@example.net,914851166,19
F0301,Karan Sawhney,Associate Professor,D005,vganesh@example.org,627880636,5
F0302,Shivansh Anne,Assistant Professor,D002,warjas61@example.com,809209452,14
F0303,Udyati Bir,Associate Professor,D003,xparmar@example.com,910469154,14
F0304,Radhika Agrawal,Assistant Professor,D005,wbal@example.net,320645634,15
F0305,Dakshesh Sarna,Assistant Professor,D003,jonathan82@example.com,915450485,20
F0306,Dalbir Acharya,Professor,D004,samrarachit@example.net,914556083,23
F0307,Advaith Bera,Assistant Professor,D005,sherebanjeet@example.com,912374697,12
F0308,Aachal Bava,Associate Professor,D002,rajata04@example.org,134321785,25
F0309,Rachit Arya,Professor,D001,chameli16@example.com,4963831432,22
F0310,Leena Bhatt,Associate Professor,D004,netrachaudhry@example.net,6604537145,13
F0311,Naksh Brahmbhatt,Associate Professor,D002,qabilyohannan@example.com,3898896,14
F0312,Yug Karpe,Associate Professor,D001,kchaudhuri@example.net,705448658,7
F0313,Oeshi Datta,Associate Professor,D004,bahadurjitraman@example.net,8468353722,3
F0314,Janaki Mohan,Assistant Professor,D004,liam70@example.org,107506058,23
F0315,Panini Dass,Associate Professor,D005,surgavin@example.com,916783765,11
F0316,Hemani Tata,Assistant Professor,D005,krishnanvamakshi@example.com,452715382,3
F0317,Tarak Mani,Professor,D003,varugheseimaran@example.com,319141531,21
F0318,Utkarsh Bali,Professor,D001,bhaktajanani@example.com,8605981668,13
F0319,Chameli Apte,Associate Professor,D001,sakshamvasa@example.com,108555459,16
F0320,Aradhana Sagar,Assistant Professor,D004,chandrangandhi@example.com,2623785688,22
F0321,Janya Padmanabhan,Assistant Professor,D004,aarnav48@example.net,5809379650,20
F0322,Irya Gara,Assistant Professor,D001,michaelpathak@example.org,810886655,9
F0323,Yachana Mittal,Associate Professor,D002,ysaraf@example.net,716270104,15
F0324,Bhavna Bhasin,Assistant Professor,D002,jchakrabarti@example.com,930871604,24
F0325,Madhavi Dixit,Professor,D003,saurora@example.com,152786880,8
F0326,Parth Barad,Professor,D002,adyathakkar@example.org,915348042,22
F0327,Aachal Mall,Associate Professor,D004,lpalan@example.com,890985708,14
F0328,Yash Pathak,Associate Professor,D002,ektaradhakrishnan@example.com,915041518,2
F0329,Ranbir Nazareth,Assistant Professor,D001,leenabal@example.com,915559167,3
F0330,Bhavani Dutt,Associate Professor,D005,gaurikawalla@example.net,9981160403,11
F0331,Zehaan Sundaram,Professor,D005,hagrawal@example.net,914949703,15
F0332,Omkaar Chahal,Assistant Professor,D003,gavindevan@example.net,2704903750,24
F0333,Nimrat Rama,Associate Professor,D001,nmander@example.net,856652020,8
F0334,Samarth Mammen,Professor,D003,mananmurty@example.net,756117754,18
F0335,Tristan Jhaveri,Assistant Professor,D004,eshanayogi@example.org,960978559,22
F0336,Kala Goyal,Assistant Professor,D005,wgade@example.net,8749127888,14
F0337,Meghana Dewan,Assistant Professor,D003,ikbal71@example.net,589368860,7
F0338,Jacob Saxena,Professor,D003,balapallavi@example.org,2438187642,13
F0339,Lekha Mandal,Assistant Professor,D002,tandonfaraj@example.com,9382755264,17
F0340,Ayush Lalla,Assistant Professor,D005,teerth47@example.com,482905712,22
F0341,Chaaya Srivastava,Assistant Professor,D005,maanasnori@example.com,910273645,13
F0342,Zashil Lall,Professor,D005,vidhi70@example.net,3195857737,24
F0343,Bhavika Varkey,Professor,D005,shravyabadal@example.org,4105164458,21
F0344,Balvan Raju,Assistant Professor,D001,svenkatesh@example.org,9723969481,8
F0345,Tejas Bhatnagar,Professor,D004,fkari@example.org,919615195,15
F0346,Vedhika Subramanian,Associate Professor,D005,tagarwal@example.net,914846404,13
F0347,Devansh Menon,Assistant Professor,D003,michael05@example.com,309913076,11
F0348,Jacob Sathe,Assistant Professor,D001,nitesh97@example.org,4015730375,5
F0349,Aashi Chatterjee,Associate Professor,D003,yastihora@example.net,312376999,23
F0350,Anusha Sagar,Professor,D003,aptejoshua@example.com,913484314,5
F0351,Wahab Mann,Associate Professor,D002,ayush39@example.org,1256320999,2
F0352,Leela Saxena,Professor,D002,bhavyagrewal@example.net,910510442,5
F0353,Sudiksha Thakkar,Associate Professor,D005,siddharth76@example.com,470149791,23
F0354,Anusha Vyas,Associate Professor,D001,nbabu@example.org,569535001,7
F0355,Manbir Karan,Associate Professor,D003,rajagopalkavya@example.net,5618076620,18
F0356,Brinda Mane,Assistant Professor,D003,ansh42@example.com,93558803,5
F0357,Yauvani Mutti,Assistant Professor,D001,lbassi@example.org,6355902518,5
F0358,Amara Dutt,Associate Professor,D005,nsaxena@example.net,5329368866,18
F0359,Abha Chaudhuri,Assistant Professor,D004,gardetanay@example.net,5254822963,8
F0360,Caleb Bhatia,Assistant Professor,D003,hritiktella@example.org,911386154,9
F0361,Om Merchant,Professor,D004,vedawalia@example.org,916168169,2
F0362,Jyoti Murthy,Associate Professor,D005,vlata@example.net,907123002,5
F0363,Hamsini Buch,Associate Professor,D004,noriurishilla@example.net,537243731,16
F0364,Manthan Kant,Assistant Professor,D005,sudikshapalla@example.com,912666261,22
F0365,Rayaan Roy,Professor,D002,zachariahfariq@example.com,552877721,11
F0366,Ekta Divan,Professor,D003,lekha80@example.org,918373947,9
F0367,Chasmum Chawla,Associate Professor,D002,lakshitratta@example.com,335617865,2
F0368,Qushi Saini,Professor,D003,pmodi@example.com,913391553,21
F0369,Akshay Barman,Professor,D004,lekhawalia@example.net,33136427,10
F0370,Abhiram Butala,Professor,D003,edhitha31@example.net,254882455,11
F0371,Wishi Mandal,Associate Professor,D002,veermammen@example.net,4697519808,13
F0372,Anthony Suri,Assistant Professor,D002,agrawalvyanjana@example.org,7759162155,17
F0373,Banjeet Babu,Assistant Professor,D001,indrajitsrinivasan@example.org,584133313,24
F0374,Warinder Palla,Assistant Professor,D003,dvig@example.org,915006632,2
F0375,Manan Mohanty,Assistant Professor,D002,vanne@example.org,675007303,17
F0376,Eshana Aurora,Professor,D002,nachiket84@example.com,9857958496,15
F0377,Damini Dutt,Assistant Professor,D005,finn22@example.org,915822931,7
F0378,Bimala Chad,Professor,D004,avala@example.org,910958480,24
F0379,Veda Bhargava,Professor,D005,robert51@example.net,726112493,15
F0380,Vanya Rege,Associate Professor,D005,daksh98@example.org,6420122617,13
F0381,Saumya Das,Professor,D004,kvala@example.org,837814138,19
F0382,Gayathri Rattan,Associate Professor,D002,manthanmody@example.org,910334730,14
F0383,Oeshi Chad,Assistant Professor,D001,bajajgirish@example.net,917032924,25
F0384,Alka Sem,Associate Professor,D002,bandivrinda@example.net,669080014,14
F0385,Neelima Ben,Associate Professor,D001,dmadan@example.org,915395258,21
F0386,Kashish Lata,Professor,D003,harinakshibajaj@example.com,919380571,16
F0387,Unni Guha,Professor,D001,wanand@example.org,1162974757,18
F0388,Brinda Kala,Associate Professor,D002,chaudharykaran@example.net,6535826,19
F0389,Amrita Dixit,Assistant Professor,D004,jhegde@example.net,918594757,6
F0390,Yashasvi Lalla,Professor,D005,aradhana08@example.org,1171982679,9
F0391,Veda Lad,Associate Professor,D005,advikkhosla@example.org,171106534,15
F0392,Gaurang Rout,Professor,D004,ptank@example.net,919882388,21
F0393,Falguni Kothari,Professor,D002,kadakiadhriti@example.com,132308000,14
F0394,Veda Toor,Assistant Professor,D002,madangirindra@example.org,273256512,17
F0395,Ekta Kibe,Associate Professor,D004,garimabarad@example.net,915294378,4
F0396,Amrita Sheth,Associate Professor,D004,ekaviruppal@example.com,634182323,10
F0397,Bhavika Nori,Associate Professor,D001,bvyas@example.org,802318168,6
F0398,Hritik Mangal,Assistant Professor,D001,abhakta@example.com,1566110339,15
F0399,Qabil Bhagat,Associate Professor,D004,ramaswamyanya@example.net,2376463417,23
F0400,Tanish Randhawa,Professor,D004,obalan@example.org,664773751,25
F0401,Yagnesh Chander,Assistant Professor,D004,ekiyachauhan@example.org,1877363157,21
F0402,Ridhi Muni,Assistant Professor,D002,geralajita@example.net,105338652,6
F0403,Saumya Menon,Professor,D001,venkataramaninaya@example.com,5738065710,6
F0404,Meghana Lal,Professor,D001,tanveer38@example.org,916207849,9
F0405,Ekani Shere,Professor,D002,luthralibni@example.org,917514605,4
F0406,Hamsini Kadakia,Professor,D004,lbedi@example.net,914170005,16
F0407,Daksha Brahmbhatt,Assistant Professor,D003,chokshiranbir@example.com,916509798,10
F0408,Aadi Ganguly,Associate Professor,D002,anusha61@example.org,86533046,4
F0409,Aishani Mukhopadhyay,Assistant Professor,D001,ydhar@example.org,879383292,17
F0410,Jeevika Shenoy,Associate Professor,D004,elad@example.net,1471362155,23
F0411,Vansha Sinha,Associate Professor,D003,ukata@example.org,8583204423,17
F0412,Zinal Kala,Assistant Professor,D001,azad06@example.com,511881669,9
F0413,Akshay Mand,Assistant Professor,D004,ekantamurty@example.com,356271165,25
F0414,Gautami Seshadri,Assistant Professor,D004,zzacharia@example.com,915232555,7
F0415,Zaid Garg,Assistant Professor,D004,lkrish@example.com,9662414603,10
F0416,Jacob Gulati,Associate Professor,D005,zansi81@example.org,6565469533,7
F0417,Owen Rana,Assistant Professor,D004,chandaaarna@example.net,919299517,7
F0418,Gautami Dutt,Associate Professor,D001,iravarghese@example.org,317471866,2
F0419,Aarna Chahal,Professor,D001,gsahni@example.org,7402849332,18
F0420,Vedant Sandhu,Assistant Professor,D002,vihaan08@example.org,604376901,22
F0421,Hemangini Brahmbhatt,Assistant Professor,D003,jhalaklala@example.org,736358802,21
F0422,Ayaan Venkatesh,Associate Professor,D005,nirja95@example.org,536629882,17
F0423,Nisha Kalita,Professor,D004,oeshi03@example.com,1046939,8
F0424,Udarsh Loke,Professor,D003,bediansh@example.org,932016149,4
F0425,Abhiram Chander,Professor,D002,pranavminhas@example.com,24309781,25
F0426,Manya Kashyap,Professor,D004,anikachoudhury@example.com,911647462,3
F0427,Kala Pandit,Professor,D001,menontimothy@example.net,8581505154,15
F0428,Chatura Agrawal,Professor,D001,ravalfiyaz@example.net,3804440355,2
F0429,Chakradhar Keer,Associate Professor,D001,charleskumar@example.com,915798174,11
F0430,Krishna Rattan,Professor,D001,samesh84@example.org,6450601985,15
F0431,Unni Warrior,Assistant Professor,D004,darika54@example.net,918841577,2
F0432,Akshay Narang,Professor,D003,upkaarvarkey@example.org,111812764,2
F0433,Kevin Golla,Associate Professor,D001,choudhryfinn@example.org,4272723497,25
F0434,Timothy Talwar,Assistant Professor,D004,chandresh68@example.com,7031779910,14
F0435,Abdul Loyal,Associate Professor,D003,yagnesh10@example.org,736314190,20
F0436,Arunima Saha,Professor,D004,ravelpooja@example.com,917628405,14
F0437,Dalaja Buch,Assistant Professor,D003,lbiswas@example.org,2404721332,10
F0438,Shivansh Chawla,Assistant Professor,D004,liam82@example.org,780064765,21
F0439,Yahvi Ramesh,Associate Professor,D002,chakrabartiisaac@example.org,410938335,15
F0440,Kai Lad,Assistant Professor,D003,falan11@example.org,916887871,18
F0441,Nimrat Varughese,Associate Professor,D002,zilmilkuruvilla@example.org,981871675,6
F0442,Dalaja Patil,Associate Professor,D002,farasprasad@example.net,910865654,2
F0443,Oeshi Nair,Assistant Professor,D001,murthysuhani@example.org,912342923,9
F0444,Ishaan Borde,Assistant Professor,D004,yoshita65@example.org,516772750,21
F0445,Indrajit Sundaram,Associate Professor,D005,bhattisamar@example.net,912403068,11
F0446,Upasna Korpal,Associate Professor,D004,gautam56@example.org,914731229,23
F0447,Nisha Murthy,Associate Professor,D005,mangatbalvan@example.org,2778048535,20
F0448,Yauvani Deep,Associate Professor,D005,pavaninaik@example.org,6135148549,6
F0449,Sneha Deo,Associate Professor,D004,usundaram@example.net,919799392,24
F0450,Ishaan Karnik,Associate Professor,D003,lakshtiwari@example.com,913215549,11
F0451,Vasudha Prashad,Professor,D002,satheriya@example.com,918350850,10
F0452,Chaitanya Doctor,Assistant Professor,D004,amritabhatia@example.net,101056528,17
F0453,Yatin Chhabra,Associate Professor,D002,ramisaac@example.com,912124185,25
F0454,Bakhshi Thaman,Professor,D005,baghyawati80@example.com,90665763,4
F0455,Ayushman Rau,Associate Professor,D004,jacobkale@example.net,9672348750,22
F0456,Utkarsh Dalal,Professor,D002,upadhriti59@example.net,707776301,19
F0457,Yashica Karpe,Associate Professor,D005,chatterjeeagastya@example.org,7728657561,19
F0458,Udant Vaidya,Professor,D005,girik60@example.com,910031715,22
F0459,Chaaya Deol,Assistant Professor,D001,plalla@example.net,479021393,15
F0460,Netra Bhatia,Professor,D003,agarwalaadi@example.org,911847123,17
F0461,Bachittar Sidhu,Professor,D002,bina87@example.com,7036966327,13
F0462,Rishi Mistry,Professor,D005,advaith59@example.com,914114781,18
F0463,Neelima Gandhi,Professor,D001,tlalla@example.net,86548878,9
F0464,Devansh Nagarajan,Associate Professor,D003,eshanamannan@example.org,915567655,3
F0465,Mitali Lall,Professor,D001,ekalinga28@example.org,726433785,23
F0466,Megha Dhillon,Associate Professor,D005,egupta@example.net,291706625,11
F0467,Tanay Prakash,Associate Professor,D004,balveertara@example.net,57294697,16
F0468,Suhani Kant,Associate Professor,D004,mbhat@example.org,5277050003,3
F0469,Xalak Choudhry,Associate Professor,D001,comardarpan@example.org,622425334,5
F0470,Arunima Prakash,Professor,D003,wchand@example.com,286259384,9
F0471,Vivaan Patla,Assistant Professor,D004,vasatika93@example.net,955190103,23
F0472,Aahana Gade,Associate Professor,D004,gayathri17@example.com,916335380,17
F0473,Maanav Mody,Associate Professor,D004,ebhagat@example.net,918091353,13
F0474,Chaaya Parikh,Assistant Professor,D001,vmody@example.net,657807988,23
F0475,Pooja Mallick,Professor,D004,bahriidika@example.net,4524016478,22
F0476,Michael Bal,Associate Professor,D005,bina21@example.org,6706704889,3
F0477,Omisha Kohli,Assistant Professor,D002,siya22@example.net,9998895462,4
F0478,Maanas Chakraborty,Associate Professor,D004,guhaazaan@example.org,4462616134,6
F0479,Harinakshi Mutti,Assistant Professor,D003,dakshdara@example.org,2628447573,19
F0480,Chakradev Bumb,Assistant Professor,D002,pathakzayyan@example.com,918594805,8
F0481,Ronith Ramaswamy,Assistant Professor,D002,dseshadri@example.com,2660203489,8
F0482,Isha Bhattacharyya,Associate Professor,D003,maanas12@example.org,4812482239,13
F0483,Chakradev Nath,Professor,D002,railavanya@example.net,917612911,13
F0484,Udarsh Ramaswamy,Associate Professor,D003,neha38@example.org,759340290,21
F0485,Yoshita Bains,Assistant Professor,D002,hamsinichauhan@example.net,848747448,7
F0486,Jack Bajaj,Associate Professor,D001,rachitaraja@example.com,693377859,19
F0487,Bimala Kari,Associate Professor,D005,pmuni@example.com,914434140,18
F0488,Mitali Bala,Professor,D002,divanindali@example.net,7549178966,24
F0489,Nitara Soman,Professor,D003,urmi01@example.com,912675112,24
F0490,Barkha Mangat,Professor,D004,barkhadalia@example.org,3914095251,24
F0491,Ranveer Srivastava,Associate Professor,D004,esinghal@example.com,1053387061,13
F0492,Harrison Mani,Assistant Professor,D005,qarinsamra@example.org,484331095,16
F0493,Pahal Sampath,Assistant Professor,D005,chaitalyaggarwal@example.org,554167883,23
F0494,Charita Mishra,Assistant Professor,D002,odutt@example.org,52870658,3
F0495,Mitali Andra,Assistant Professor,D005,echaudhuri@example.net,3707751025,8
F0496,Kavya Acharya,Professor,D002,balvanupadhyay@example.com,7801589742,9
F0497,Dominic Lala,Associate Professor,D003,ehanda@example.org,580640947,14
F0498,Watika Sagar,Assistant Professor,D002,pranitshah@example.com,541409274,12
F0499,Ekalinga Bhatt,Assistant Professor,D001,charvinazareth@example.net,15081118,22
F0500,Aayush Sathe,Professor,D001,girik64@example.net,915296718,18
F0501,Ekalinga Kari,Assistant Professor,D005,janaki07@example.net,916401673,25
F0502,Avi Toor,Professor,D005,guptanoah@example.net,914579917,17
F0503,Lakshit Ahluwalia,Assistant Professor,D005,anmolsubramaniam@example.com,916575707,3
F0504,Balhaar Arora,Associate Professor,D003,anmolkhanna@example.com,3332494764,24
F0505,Finn Palla,Professor,D001,gaurang00@example.net,912259327,14
F0506,Vansha Deshmukh,Assistant Professor,D005,ayush82@example.net,910158136,22
F0507,Madhavi Randhawa,Professor,D004,bahriqasim@example.org,6767573335,5
F0508,Chaitanya Keer,Associate Professor,D004,parmervincent@example.org,914443097,16
F0509,Jackson Gill,Assistant Professor,D002,xramesh@example.org,579547954,7
F0510,Sathvik Keer,Professor,D002,wkale@example.net,373703343,24
F0511,Bahadurjit Bail,Associate Professor,D001,dzachariah@example.org,916678334,6
F0512,Saksham Hari,Professor,D003,jkade@example.net,141257629,10
F0513,Leena Nagar,Associate Professor,D004,samakshkala@example.org,300765550,18
F0514,Anika Prabhakar,Associate Professor,D002,jeetkorpal@example.com,919753479,7
F0515,Chasmum Kapur,Assistant Professor,D001,thomasdalal@example.com,418276895,8
F0516,Nimrat Sastry,Assistant Professor,D003,anandmeera@example.net,8110277490,24
F0517,Manya Modi,Assistant Professor,D002,robert68@example.org,719689230,24
F0518,Vamakshi Zachariah,Associate Professor,D005,yochanavarkey@example.net,7358550458,9
F0519,Yash Bhavsar,Associate Professor,D001,ishani03@example.org,637903162,10
F0520,Adweta Banerjee,Associate Professor,D004,rachitamohanty@example.org,417438510,20
F0521,Neha Rai,Professor,D001,adhingra@example.net,7567581181,22
F0522,Vincent Sur,Professor,D002,jatin28@example.com,917190610,14
F0523,Charles Kohli,Assistant Professor,D004,zkanda@example.org,2922395144,18
F0524,Joshua Badal,Assistant Professor,D002,balveersur@example.com,586377989,3
F0525,David Purohit,Associate Professor,D005,falan99@example.com,84941827,4
F0526,Aashi Shetty,Assistant Professor,D005,bassiyashica@example.org,912949660,6
F0527,Xiti Bose,Assistant Professor,D003,shethbhavini@example.org,914437911,10
F0528,Jairaj Chaudry,Associate Professor,D001,wardamalhotra@example.com,3099133707,10
F0529,Lakshit Patla,Associate Professor,D005,abeerzachariah@example.net,3360959751,19
F0530,Chakrika Suri,Professor,D003,pranav68@example.com,5676345289,2
F0531,Dalbir Lal,Assistant Professor,D003,muttibenjamin@example.com,9437689196,4
F0532,Chasmum Rajagopalan,Assistant Professor,D005,oliver21@example.org,8528038777,19
F0533,Aahana Chacko,Professor,D002,mangalfaris@example.org,918327327,8
F0534,Qushi Ranganathan,Professor,D003,badamiranbir@example.net,4331793755,9
F0535,Robert Pandit,Associate Professor,D002,dharyasti@example.com,919104216,9
F0536,Azaan Arya,Professor,D003,rajanmugdha@example.net,621264683,23
F0537,George Nadkarni,Associate Professor,D001,mandadvay@example.net,915764439,16
F0538,Banjeet Sule,Professor,D004,chopraanusha@example.com,359281194,10
F0539,Januja Tella,Assistant Professor,D001,agatewarjas@example.com,912194221,4
F0540,Hritik Dora,Associate Professor,D005,cnagar@example.com,911146235,20
F0541,Arunima Pandey,Professor,D001,ekalinga41@example.org,9778263926,8
F0542,Kavya Ganguly,Associate Professor,D001,ksehgal@example.com,698368583,10
F0543,Gautami Palan,Associate Professor,D004,baghyawatithaker@example.com,916940082,22
F0544,Udant Hari,Associate Professor,D003,wchand@example.net,313661919,15
F0545,Nisha Gole,Professor,D003,karaudarsh@example.net,913307143,23
F0546,Jatin Goel,Professor,D003,niharikaseth@example.org,911576608,20
F0547,Umang Raj,Associate Professor,D004,issacatharv@example.org,537048789,8
F0548,Bachittar Datta,Assistant Professor,D003,waliaharish@example.com,565384777,11
F0549,Teerth Munshi,Professor,D002,palansimon@example.org,9160180092,16
F0550,Faris Prasad,Professor,D001,kamaladhillon@example.net,914929141,14
F0551,Varsha Borra,Assistant Professor,D001,yauvanidube@example.net,912478448,3
F0552,Chaaya Kara,Assistant Professor,D004,veerdora@example.com,917516470,17
F0553,Chakrika Bir,Associate Professor,D004,chaitanya67@example.net,917268826,14
F0554,Benjamin Bansal,Assistant Professor,D003,sudikshawalla@example.org,948249877,16
F0555,Wahab Sarna,Assistant Professor,D003,alka77@example.com,918313563,15
F0556,Ekbal Kara,Associate Professor,D004,balpratyush@example.net,7840488399,7
F0557,Liam Vasa,Assistant Professor,D001,tanejarajata@example.com,357172637,9
F0558,Tanay Raj,Professor,D004,psuri@example.net,147420105,23
F0559,Amara Morar,Associate Professor,D001,frederickdua@example.com,345033217,22
F0560,Tanay Sekhon,Professor,D002,zpal@example.net,1214063331,17
F0561,Pallavi Buch,Professor,D004,daksha72@example.org,914323702,4
F0562,Manan Saini,Professor,D004,dadadevansh@example.org,1937738308,14
F0563,Zilmil Sur,Professor,D005,bhavya63@example.net,634072226,6
F0564,Yochana Hayre,Professor,D002,jagdishmutti@example.net,914038377,3
F0565,Wishi Modi,Professor,D005,tamannarau@example.net,908050344,3
F0566,Onkar Borde,Associate Professor,D004,arinmitra@example.org,401367515,24
F0567,Mekhala Narain,Associate Professor,D003,aroratanish@example.net,7061729172,2
F0568,Ekalinga Badami,Professor,D003,hganesan@example.net,7580071403,7
F0569,Inaya Kala,Professor,D005,athaker@example.net,527748292,3
F0570,Pranit Ganguly,Assistant Professor,D005,cgulati@example.org,911583431,9
F0571,Mekhala Sankar,Assistant Professor,D003,tpillay@example.com,700620762,6
F0572,Aashi Reddy,Associate Professor,D005,esethi@example.org,192098318,13
F0573,Yasti Ratta,Associate Professor,D004,aadi23@example.net,202876062,6
F0574,Krishna Sampath,Professor,D004,advaithsubramanian@example.org,9453620192,14
F0575,Jason Dora,Assistant Professor,D001,mnayak@example.net,7176179637,2
F0576,Yasti Bedi,Assistant Professor,D003,narasimhanrehaan@example.com,911007555,4
F0577,Frederick Magar,Assistant Professor,D005,tankbachittar@example.net,919453368,18
F0578,Tristan Desai,Associate Professor,D001,yashoda03@example.com,707192526,6
F0579,Ucchal Saini,Assistant Professor,D003,parikhgavin@example.net,895793834,7
F0580,Devika Saran,Assistant Professor,D001,harikalpit@example.net,918202592,16
F0581,Shaurya Rout,Professor,D001,matthew09@example.net,2245111344,16
F0582,Chatresh Ramanathan,Professor,D002,hmistry@example.com,919415845,9
F0583,Aishani Sheth,Assistant Professor,D002,manbirchatterjee@example.org,9586710473,16
F0584,Girish Nanda,Associate Professor,D003,oliverrao@example.com,914001763,14
F0585,Patrick Brahmbhatt,Assistant Professor,D003,garimathakkar@example.org,918522436,24
F0586,Vinaya Boase,Associate Professor,D002,bhattacharyyaxalak@example.com,29978679,22
F0587,Chaitaly Date,Associate Professor,D005,fbandi@example.org,968708143,14
F0588,Xalak Chatterjee,Associate Professor,D002,tanmayi98@example.net,9439728514,14
F0589,Krisha Dyal,Associate Professor,D002,faris84@example.org,3582735713,3
F0590,Shaurya Kumer,Professor,D002,amruta02@example.com,707015515,24
F0591,Luke Dora,Professor,D003,krishnamanya@example.com,954119383,22
F0592,Tamanna Jani,Assistant Professor,D003,warinder17@example.net,912820096,7
F0593,Bhavini Gour,Assistant Professor,D001,shahfaris@example.org,793056876,25
F0594,Aishani Din,Assistant Professor,D001,mohinikuruvilla@example.com,902588135,15
F0595,Ethan Chad,Professor,D002,karkritika@example.com,916661489,5
F0596,Widisha Loyal,Professor,D002,cchana@example.com,157235894,22
F0597,Girik Mall,Professor,D002,tristan27@example.org,8249688475,19
F0598,Rehaan Chaudhry,Assistant Professor,D003,watikakunda@example.net,300494776,8
F0599,Orinder Virk,Associate Professor,D001,madhav84@example.net,508942765,10
F0600,Vincent Pal,Associate Professor,D001,miteshpau@example.com,4709963127,18
F0601,Nihal Lad,Associate Professor,D002,ldeo@example.net,396748443,9
F0602,Zashil Aurora,Professor,D005,balvan83@example.org,6001374213,20
F0603,Benjamin Rattan,Assistant Professor,D004,gopalmannan@example.net,670582458,18
F0604,Lucky Sagar,Professor,D001,wallachanakya@example.org,915247339,3
F0605,Ishaan Vala,Associate Professor,D005,manthanraj@example.net,2291702239,23
F0606,Krisha Khare,Professor,D004,narayantara@example.com,443966997,4
F0607,Unni Contractor,Assistant Professor,D005,sudikshamisra@example.org,353692121,8
F0608,Manya Prashad,Associate Professor,D005,qadim33@example.net,44048022,18
F0609,Aryan Nazareth,Assistant Professor,D001,chaayahanda@example.net,914047231,4
F0610,Samuel Hari,Associate Professor,D002,hritik11@example.org,40363767,5
F0611,Jack Parsa,Associate Professor,D005,kbhagat@example.org,490046575,13
F0612,Fitan Ganesh,Associate Professor,D003,rishi15@example.org,918111483,11
F0613,Charles Shetty,Professor,D004,psagar@example.com,3257178264,23
F0614,Kritika Ravi,Assistant Professor,D002,ganeshharinakshi@example.org,168985787,12
F0615,Warhi Krish,Associate Professor,D005,naidukavya@example.com,915010529,12
F0616,Upkaar Bhakta,Associate Professor,D002,hiteshpatla@example.net,2272959910,5
F0617,Warjas Din,Associate Professor,D001,ikshita61@example.com,492220803,8
F0618,Aayush Dugar,Professor,D005,gdin@example.org,917728405,9
F0619,Yashoda Puri,Assistant Professor,D004,vedhikasavant@example.org,27555412,5
F0620,Urmi Parsa,Associate Professor,D005,mishraadvay@example.org,360490636,7
F0621,Adweta Devi,Associate Professor,D001,lopaagarwal@example.com,887141127,12
F0622,Yasti Dey,Associate Professor,D003,qtalwar@example.com,5229075807,19
F0623,Theodore Devan,Assistant Professor,D004,devigopal@example.com,2165563709,16
F0624,Aarush Mitter,Professor,D004,sjhaveri@example.com,319569568,8
F0625,Champak Tripathi,Associate Professor,D001,saanviseth@example.com,912822000,19
F0626,Yatan Subramanian,Assistant Professor,D005,kashviganesh@example.net,780507725,10
F0627,Orinder Som,Assistant Professor,D004,jhapatrick@example.com,69025672,2
F0628,Jairaj Naik,Professor,D005,champak48@example.com,917849000,23
F0629,Neha Gokhale,Associate Professor,D003,jkrishnan@example.org,825570836,3
F0630,Kavya Chhabra,Associate Professor,D003,balvanlad@example.net,918776591,7
F0631,Ishanvi Nagi,Associate Professor,D004,zaid71@example.net,4823389582,7
F0632,Oscar Mannan,Associate Professor,D003,ishani45@example.org,246011010,18
F0633,Hemang Ravi,Assistant Professor,D002,lipika40@example.net,8578800962,11
F0634,Nihal Krishnamurthy,Assistant Professor,D004,mandaonkar@example.net,7360376778,17
F0635,Kala Prasad,Associate Professor,D001,sibalranveer@example.com,718149308,17
F0636,Kamya Prakash,Associate Professor,D003,agarwalnetra@example.org,938205284,11
F0637,Rachita Chowdhury,Assistant Professor,D002,balayash@example.org,915414917,11
F0638,Neha Sethi,Professor,D001,isharma@example.org,8121763471,15
F0639,Omkaar Lall,Associate Professor,D002,niharika69@example.org,365568464,4
F0640,Lakshit Krishna,Associate Professor,D002,amagar@example.org,85943593,15
F0641,Frederick Wali,Professor,D001,agrawalzansi@example.net,4850129473,15
F0642,Raghav Pradhan,Associate Professor,D005,sudiksha96@example.org,4196449786,11
F0643,Harsh Devan,Professor,D005,shivanshray@example.net,6780429311,6
F0644,Zehaan Chaudhuri,Associate Professor,D001,anthony55@example.com,2896634390,15
F0645,Samar Dass,Associate Professor,D003,jeevikamagar@example.net,7881329028,25
F0646,Jalsa Behl,Assistant Professor,D003,kuruvilladhruv@example.org,1203381439,16
F0647,Frederick Seshadri,Assistant Professor,D004,vasanapal@example.org,584085230,15
F0648,Sara Roy,Associate Professor,D002,mahalchaman@example.net,269855130,5
F0649,Krishna Sehgal,Professor,D001,bakhshikata@example.com,4746116708,12
F0650,Daksha Mistry,Associate Professor,D004,fganguly@example.com,2202212164,3
F0651,Abhimanyu Bahri,Professor,D002,aayushoak@example.org,433936361,7
F0652,Garima Khanna,Professor,D004,tparmer@example.net,914834718,15
F0653,Eesha Samra,Associate Professor,D003,udarshsaxena@example.net,916052276,11
F0654,Harshil Sane,Associate Professor,D004,nisha57@example.org,912423148,22
F0655,Dayamai Tank,Professor,D002,simon33@example.org,4639928786,13
F0656,Lavanya Nagi,Professor,D002,indrajit13@example.com,914948561,3
F0657,Jack Magar,Assistant Professor,D004,aarnavmahal@example.org,3007900157,17
F0658,Reyansh Hayre,Professor,D005,lakshsawhney@example.org,202380782,5
F0659,Sarthak Kaul,Associate Professor,D005,eagrawal@example.org,8967876529,22
F0660,Vansha Dugar,Professor,D001,venkataramanmanan@example.org,2361511410,4
F0661,Xalak Mall,Professor,D001,tanmayi28@example.com,181643477,9
F0662,Fariq Zacharia,Associate Professor,D002,pkeer@example.net,6913756729,4
F0663,Henry Konda,Assistant Professor,D003,janiharini@example.org,32935674,24
F0664,Barkha Handa,Assistant Professor,D002,doshiojasvi@example.net,914538656,4
F0665,Ekaja Cherian,Professor,D004,balayvidhi@example.com,917982243,11
F0666,Jalsa Sha,Associate Professor,D004,dalaldamyanti@example.com,2257388984,19
F0667,Nikita Raju,Professor,D004,jagvi64@example.org,915709876,7
F0668,Hemani Agate,Associate Professor,D003,chatreshmuni@example.com,423396100,3
F0669,Ladli Ahuja,Associate Professor,D002,bhavinidara@example.org,26551001,2
F0670,Aadhya Lalla,Professor,D004,srinivasanandrew@example.net,4340875921,3
F0671,Xavier Apte,Assistant Professor,D003,rohanrai@example.net,916788405,22
F0672,Ishita Chawla,Associate Professor,D003,pallaekavir@example.org,646452484,10
F0673,Lajita Padmanabhan,Professor,D005,nakshkrishnamurthy@example.com,590148207,17
F0674,Nitesh Bhagat,Associate Professor,D001,kalitavincent@example.net,71871297,13
F0675,Sudiksha Bhatnagar,Associate Professor,D005,darika29@example.net,463596338,23
F0676,Manya Gupta,Associate Professor,D002,anyasura@example.com,62183177,8
F0677,Aditya Hayre,Assistant Professor,D001,dhardayamai@example.org,1321896968,9
F0678,Upma Chakrabarti,Professor,D003,logankaur@example.com,914414263,21
F0679,Jack Choudhury,Associate Professor,D004,libni98@example.net,919604911,13
F0680,Parth Vohra,Associate Professor,D004,leela83@example.com,753013299,20
F0681,Tamanna Chada,Associate Professor,D004,dnanda@example.net,917466479,14
F0682,Inaya Atwal,Assistant Professor,D004,pratyush88@example.org,158256855,25
F0683,Wyatt Arya,Assistant Professor,D005,wmohan@example.com,917868373,19
F0684,Reva Yadav,Professor,D001,comarudarsh@example.com,138909658,13
F0685,Andrew Kurian,Professor,D003,boraekiya@example.com,440124537,8
F0686,Darika Merchant,Professor,D004,virajkara@example.net,918260603,23
F0687,Lakshit Sarin,Associate Professor,D003,chawlaaishani@example.org,3501086275,23
F0688,Eshana Sandal,Assistant Professor,D001,emahajan@example.org,919130802,3
F0689,Nikita Swaminathan,Assistant Professor,D001,tanveer51@example.com,910492685,17
F0690,Hredhaan Datta,Associate Professor,D004,nidra50@example.org,345799138,8
F0691,Eiravati Issac,Professor,D003,sai94@example.com,3435647195,24
F0692,Charles Jha,Assistant Professor,D005,jdoctor@example.com,914460397,25
F0693,Liam Jaggi,Assistant Professor,D003,mitalisarma@example.com,4904757056,10
F0694,Yatan Ganesh,Professor,D005,sabharwalmichael@example.org,752085193,2
F0695,Rayaan Pant,Assistant Professor,D003,settyqushi@example.com,154602330,22
F0696,Sai Grover,Assistant Professor,D004,turviapte@example.net,919544612,15
F0697,Gautam Ganesh,Professor,D005,ayushmanchaudhary@example.org,912995529,16
F0698,Wriddhish Bal,Assistant Professor,D002,shroffomisha@example.net,7714434406,23
F0699,Anvi Borah,Associate Professor,D001,baljiwanmenon@example.com,910623553,4
F0700,Devansh Garde,Assistant Professor,D002,iganguly@example.com,914139892,24
F0701,Wriddhish Swaminathan,Associate Professor,D005,vaidyaekavir@example.com,1288863413,24
F0702,Shivansh Tandon,Assistant Professor,D005,skant@example.org,281993181,3
F0703,Urvi Bhalla,Associate Professor,D003,lilamohanty@example.org,3468912824,9
F0704,Ucchal Balakrishnan,Assistant Professor,D003,cbajwa@example.com,919516722,21
F0705,Vritti Ahluwalia,Assistant Professor,D001,deepsiddharth@example.com,919270985,11
F0706,Rudra Hegde,Professor,D003,garima41@example.net,2120956935,14
F0707,Geetika Gole,Assistant Professor,D004,yashvi36@example.net,919312997,6
F0708,Garima Wali,Assistant Professor,D001,vkata@example.com,913914216,24
F0709,Siya Divan,Associate Professor,D002,saramaster@example.net,3955959667,13
F0710,Samarth Parsa,Professor,D003,dominic50@example.com,918325011,4
F0711,Ria Mammen,Professor,D005,mittaleiravati@example.org,914955849,6
F0712,Advay Maharaj,Assistant Professor,D004,simon37@example.net,7020668930,25
F0713,Zehaan Ganguly,Assistant Professor,D004,gsachdev@example.org,564019235,21
F0714,Nathaniel Andra,Associate Professor,D005,fshukla@example.net,817803229,7
F0715,Charita Varkey,Professor,D001,jai78@example.com,422609141,16
F0716,Praneel Pandya,Professor,D001,egandhi@example.net,627476292,22
F0717,Kiaan Dugar,Associate Professor,D002,nidradey@example.net,620669549,19
F0718,Gopal Mangal,Professor,D001,oborah@example.net,916382644,3
F0719,Aahana Luthra,Professor,D002,george68@example.org,913369499,13
F0720,Mekhala Sankar,Professor,D004,xkalita@example.com,688941751,8
F0721,Reyansh Contractor,Associate Professor,D005,suhani87@example.org,915070008,18
F0722,Yachana Tank,Assistant Professor,D004,akeer@example.com,9589426220,22
F0723,Frado Karan,Assistant Professor,D002,jagat86@example.org,4395930872,17
F0724,Mekhala Goda,Associate Professor,D001,manbir95@example.org,448384087,25
F0725,Shivansh Garde,Associate Professor,D002,yochanachaudhuri@example.com,912821485,13
F0726,Jyoti Srinivas,Associate Professor,D004,ekanshparekh@example.com,744492992,24
F0727,Aayush Seshadri,Professor,D002,falakmunshi@example.com,917416705,21
F0728,Deepa Sanghvi,Professor,D002,dev66@example.com,911678352,5
F0729,Maanav Chaudhuri,Associate Professor,D002,xchaudhuri@example.org,250311278,10
F0730,Dev Grewal,Assistant Professor,D005,avarty@example.net,322531509,6
F0731,Arunima Randhawa,Associate Professor,D002,qanne@example.net,976673092,2
F0732,Gauri Oak,Assistant Professor,D005,kallaishaan@example.net,253548367,15
F0733,Geetika Sidhu,Assistant Professor,D002,ghoshkamala@example.org,4369564627,15
F0734,Januja Vora,Assistant Professor,D004,yjayaraman@example.net,911916028,17
F0735,Ronith Manda,Assistant Professor,D001,rohan12@example.com,912018234,20
F0736,Oviya Nori,Associate Professor,D001,ikbal80@example.net,5542782938,3
F0737,Sarthak Hayer,Professor,D002,sakshamdugar@example.net,547353024,16
F0738,Gaurangi Deshpande,Assistant Professor,D005,widishadyal@example.org,374576178,7
F0739,David Ray,Professor,D003,ksharaf@example.net,910381238,2
F0740,Veda Manda,Assistant Professor,D002,anjali39@example.net,919060170,3
F0741,Anamika Kulkarni,Professor,D003,madhavdada@example.com,919091263,11
F0742,Kabir Tank,Associate Professor,D005,tanish23@example.com,919082661,24
F0743,Omya Rattan,Professor,D003,rshanker@example.com,484845574,24
F0744,Chakrika Som,Associate Professor,D001,gautammani@example.com,9448995354,22
F0745,Hemal Brar,Assistant Professor,D002,mitali11@example.org,911112688,20
F0746,Tanveer Dua,Assistant Professor,D004,yauvani64@example.com,9271225755,12
F0747,Raagini Iyer,Associate Professor,D002,nbhatia@example.com,916407216,18
F0748,Atharv Lall,Professor,D001,vyanjanalall@example.org,866029005,24
F0749,Mekhala Mandal,Associate Professor,D004,avi77@example.org,425428811,21
F0750,Megha Sunder,Assistant Professor,D001,capte@example.com,86335507,5
F0751,Wishi Nigam,Associate Professor,D002,qsundaram@example.org,6493405783,25
F0752,Lopa Bose,Assistant Professor,D001,vartygeetika@example.net,910704805,10
F0753,Zayyan Dara,Associate Professor,D002,yashodhara05@example.net,914909976,21
F0754,Shravya Bains,Professor,D001,shroffaradhana@example.org,912501040,21
F0755,Lucky Madan,Professor,D005,pkhurana@example.net,1720616794,23
F0756,Thomas Bansal,Associate Professor,D004,olad@example.com,589233698,7
F0757,Tanveer Vaidya,Professor,D002,rchandran@example.com,3663519150,23
F0758,Ubika Bhat,Professor,D001,surimeghana@example.com,338759933,5
F0759,Ronith Hayer,Assistant Professor,D004,zinal80@example.net,581434154,6
F0760,William Chaudhry,Assistant Professor,D004,eiravatibir@example.com,913359307,15
F0761,Ikbal Karan,Professor,D002,buchsiddharth@example.com,7606440168,25
F0762,Samuel Bahri,Professor,D001,tmahal@example.com,651476054,19
F0763,Gaurang Mander,Associate Professor,D002,pkapur@example.org,153670300,4
F0764,Tanmayi Gaba,Professor,D004,ybedi@example.org,919503455,17
F0765,Darika Tata,Assistant Professor,D001,jasmitbatra@example.org,910028061,4
F0766,Yatan Deol,Professor,D005,jbehl@example.com,235976196,17
F0767,Idika Goel,Professor,D002,udyati79@example.net,912662632,24
F0768,Kritika Joshi,Associate Professor,D002,ojasvi77@example.net,199645657,21
F0769,Hamsini Behl,Professor,D004,zsur@example.net,916256568,18
F0770,Amara Bandi,Associate Professor,D003,udua@example.com,917288160,22
F0771,Zaid Raman,Professor,D004,modisamesh@example.org,5280599046,3
F0772,Balveer Bhakta,Associate Professor,D002,abhiramahluwalia@example.com,911194013,12
F0773,Ansh Sangha,Associate Professor,D003,agaba@example.org,826168359,10
F0774,Odika Tella,Assistant Professor,D002,kalashravya@example.net,911792310,12
F0775,Jai Chakrabarti,Assistant Professor,D003,anamika35@example.net,917591144,6
F0776,Yamini Devi,Professor,D002,gagan16@example.org,6890829577,20
F0777,Shivani Deep,Professor,D005,ranbir92@example.org,8849194547,5
F0778,Upkaar Keer,Associate Professor,D004,aradhanasastry@example.com,912768912,4
F0779,Ria Varughese,Associate Professor,D005,ranbir37@example.net,910624043,9
F0780,Anvi Bassi,Assistant Professor,D002,jacob81@example.net,1550765852,23
F0781,Lavanya Shukla,Assistant Professor,D001,pranit86@example.net,919511782,12
F0782,Nitara Loke,Associate Professor,D003,wardanigam@example.com,8279087743,15
F0783,Varsha Deol,Associate Professor,D005,ochanda@example.net,9350610863,15
F0784,Saksham Aurora,Associate Professor,D001,hemang51@example.org,342933030,5
F0785,Ojas Divan,Assistant Professor,D002,wriddhishminhas@example.com,7944283826,4
F0786,Caleb Malhotra,Professor,D003,sararandhawa@example.com,1539358666,8
F0787,Divya Ghose,Professor,D005,vnayar@example.org,919282783,12
F0788,Tara Swamy,Assistant Professor,D001,iryabasu@example.org,1864882894,25
F0789,Saumya Bedi,Associate Professor,D003,iryakade@example.com,917396184,3
F0790,Sarthak Shah,Assistant Professor,D003,dkeer@example.org,310148298,20
F0791,Naksh Batta,Associate Professor,D001,yauvani45@example.org,6509719932,5
F0792,Hemang Kashyap,Associate Professor,D002,regegirik@example.org,916641658,9
F0793,Krish Pillai,Professor,D002,skadakia@example.org,916441153,5
F0794,Ekbal Bir,Assistant Professor,D002,nandavedhika@example.net,2669679035,6
F0795,Elijah Rege,Assistant Professor,D005,srivastavatanveer@example.org,935375354,8
F0796,Triya Magar,Assistant Professor,D004,chandranamrita@example.com,429208367,14
F0797,Ekalinga Rege,Associate Professor,D005,ciyengar@example.com,96053214,20
F0798,Nihal Hayer,Professor,D003,mitraaishani@example.net,919473068,5
F0799,Nirja Nagy,Associate Professor,D004,udyati61@example.org,898205831,4
F0800,Lakshmi Dutta,Associate Professor,D005,kalpit87@example.com,4093018977,18
F0801,Vritti Naik,Professor,D001,xalak13@example.com,6480179605,13
F0802,Kai Sem,Associate Professor,D001,dashlipika@example.com,911964650,6
F0803,Alka Sharma,Assistant Professor,D003,vgolla@example.com,2990051301,12
F0804,Amruta Sen,Professor,D005,mitaliratti@example.org,3778050087,7
F0805,Chaaya Singh,Professor,D003,bhagatgeorge@example.net,4377641299,14
F0806,Vedika Lad,Assistant Professor,D003,usaha@example.net,492588398,17
F0807,Bhavini Seshadri,Professor,D005,ldeo@example.com,4313811627,7
F0808,Fariq Goyal,Professor,D002,ladvictor@example.org,152975538,13
F0809,Ekiya Narula,Professor,D001,suhanimall@example.com,3528402607,25
F0810,Ishwar Parmar,Assistant Professor,D002,nakulsarna@example.com,919105423,7
F0811,Anya Suresh,Associate Professor,D003,kiaan33@example.org,9125158200,11
F0812,Sanaya Jayaraman,Assistant Professor,D003,mlad@example.net,236022584,12
F0813,Samesh Nath,Assistant Professor,D002,krishnankrisha@example.net,6295238112,15
F0814,Janani Goyal,Associate Professor,D001,zloke@example.net,5065180196,16
F0815,Raagini Ratta,Associate Professor,D001,faqidsingh@example.net,385910729,25
F0816,Lakshit Luthra,Associate Professor,D003,deybhavini@example.net,86793080,18
F0817,Wriddhish Dara,Assistant Professor,D003,advika68@example.net,469094875,19
F0818,Libni Mahajan,Assistant Professor,D001,jagat36@example.org,910493838,14
F0819,Lohit Badal,Professor,D003,wpathak@example.net,6064474156,20
F0820,Timothy Dubey,Associate Professor,D001,yashviraj@example.org,914389724,3
F0821,Aarav Krishnan,Assistant Professor,D003,jeremiah37@example.com,461634695,2
F0822,Idika More,Associate Professor,D003,noah98@example.net,912154747,20
F0823,Saksham Thaker,Assistant Professor,D005,utkarshwable@example.net,5637016755,12
F0824,Simon Chacko,Professor,D003,chadarushil@example.net,8607194154,2
F0825,Zaid Deshpande,Professor,D005,iyengarhema@example.net,2271041661,16
F0826,Anita Kant,Associate Professor,D002,nakul21@example.net,5463733550,24
F0827,Hemani Parekh,Professor,D001,sai31@example.net,856047175,2
F0828,Zayan Goel,Professor,D005,qsehgal@example.org,933441524,20
F0829,Forum Saxena,Assistant Professor,D003,wakeetarama@example.com,917563586,15
F0830,Qasim Chana,Associate Professor,D005,revamanne@example.com,965991341,8
F0831,Yachana Wadhwa,Professor,D005,chadhaisaiah@example.com,348953691,7
F0832,Daniel Master,Professor,D004,jeremiahbakshi@example.com,5893079075,7
F0833,Hredhaan Dara,Assistant Professor,D001,psem@example.net,346665790,10
F0834,Girindra Handa,Associate Professor,D005,cbalasubramanian@example.net,203674212,17
F0835,Krishna Bal,Professor,D005,diptatiwari@example.org,620741348,14
F0836,Aachal Gade,Associate Professor,D001,elijahmane@example.org,33314594,15
F0837,Nicholas Yadav,Professor,D002,anikadeshmukh@example.org,917132260,4
F0838,Manan Sehgal,Professor,D001,brattan@example.com,910490680,21
F0839,Oscar Sandal,Professor,D005,jdewan@example.net,958356687,7
F0840,Yoshita Basak,Assistant Professor,D003,dixitzashil@example.org,914544064,23
F0841,Pushti Deo,Associate Professor,D001,manthansastry@example.com,4721542652,23
F0842,Saumya Wable,Professor,D002,chandani49@example.org,912856502,25
F0843,Dev Peri,Associate Professor,D005,vedhikamitter@example.net,918189842,3
F0844,Abeer Madan,Professor,D004,samramanbir@example.com,7162520254,23
F0845,Yatin Vyas,Associate Professor,D004,aishaniramanathan@example.com,912270596,2
F0846,Unnati Kade,Associate Professor,D004,bhavna55@example.net,748524918,3
F0847,Kashish Ghose,Professor,D002,ishaan98@example.com,3402449259,16
F0848,Imaran Sarna,Associate Professor,D001,ethan52@example.org,2917624277,24
F0849,Vrinda Raja,Professor,D003,khuranaqabil@example.com,299979823,22
F0850,Pushti Sahota,Professor,D002,kalpit87@example.net,2652587900,20
F0851,Chaitanya Taneja,Associate Professor,D002,chaaya50@example.net,5430294548,3
F0852,Veer Dugar,Associate Professor,D004,balaydhriti@example.com,3268145160,10
F0853,Kashvi Mittal,Professor,D002,mishraqadim@example.com,8305280863,5
F0854,Warinder Sanghvi,Assistant Professor,D002,samarhora@example.com,917404130,8
F0855,Chakradhar Sarin,Associate Professor,D004,hardiknazareth@example.net,495977325,21
F0856,Amaira Madan,Associate Professor,D001,leela03@example.org,7060218851,21
F0857,Saumya Bhavsar,Professor,D001,vohraunnati@example.net,917285864,15
F0858,Tanish Raval,Associate Professor,D003,janaki92@example.com,730319518,16
F0859,Manbir Krishnamurthy,Professor,D003,ynagar@example.org,9021062631,23
F0860,Theodore Bahl,Associate Professor,D002,widisha93@example.net,915024521,8
F0861,Farhan Kumar,Assistant Professor,D003,agastyashenoy@example.com,916540480,22
F0862,Oeshi Singh,Assistant Professor,D003,sachdevavyanjana@example.org,914407483,19
F0863,Raksha Talwar,Associate Professor,D004,tellaatharv@example.org,984905056,10
F0864,Lajita Palan,Professor,D003,udyati14@example.org,913923062,23
F0865,Omaja Ray,Associate Professor,D005,idikadara@example.com,273841226,19
F0866,Lopa Bail,Professor,D003,regeazaan@example.com,753688203,8
F0867,Girish Narayanan,Professor,D004,osha00@example.com,218505204,8
F0868,Bhavika Chakraborty,Assistant Professor,D003,mitterveda@example.net,911021524,20
F0869,Chatura Zachariah,Professor,D003,logan41@example.net,917225383,22
F0870,Lila Anand,Professor,D002,vdalia@example.org,245061273,11
F0871,Vivaan Bobal,Assistant Professor,D003,lekhadayal@example.net,842668095,24
F0872,Abdul Badami,Professor,D001,sachdevaekani@example.org,8562855083,16
F0873,Falguni Prakash,Assistant Professor,D001,shankarurishilla@example.net,4486692997,6
F0874,Raghav Pingle,Professor,D005,anyaloke@example.net,772119822,16
F0875,Aarush Mody,Assistant Professor,D005,ipant@example.net,916814655,2
F0876,Chameli Batta,Professor,D003,anmolpant@example.net,653023430,10
F0877,Zarna Varma,Assistant Professor,D004,muttiyagnesh@example.org,1691260840,22
F0878,Saksham Guha,Assistant Professor,D005,mason08@example.com,553738239,18
F0879,Maanav Nagarajan,Associate Professor,D002,twalla@example.net,916118284,3
F0880,Charan Ahuja,Associate Professor,D001,wjayaraman@example.net,914869994,6
F0881,Bhavika Jaggi,Associate Professor,D003,ndeol@example.org,294603207,17
F0882,Anusha Sridhar,Associate Professor,D004,babufrederick@example.com,360330595,9
F0883,Lajita Merchant,Professor,D005,saramahajan@example.org,634888328,5
F0884,Advik Ganesh,Professor,D003,senguptatanveer@example.net,3362116640,16
F0885,Ladli Chokshi,Professor,D003,hiral48@example.net,761558837,2
F0886,Kamya Mandal,Assistant Professor,D001,nadighemang@example.org,286954554,24
F0887,Imaran Chaudhary,Assistant Professor,D005,lajitasetty@example.org,74926433,3
F0888,Sarthak Kapur,Professor,D004,zayan30@example.org,919206874,5
F0889,Lekha Soni,Associate Professor,D005,xalakanne@example.net,9769873233,21
F0890,Diya Mandal,Professor,D001,faras15@example.com,471850837,11
F0891,Utkarsh Nair,Associate Professor,D003,eshana36@example.com,914869811,24
F0892,Atharv Shetty,Associate Professor,D005,maanassolanki@example.com,775091875,23
F0893,Dayamai Hayer,Assistant Professor,D004,ldevi@example.com,6095439190,21
F0894,Ekaja Borra,Professor,D004,wshere@example.org,5802164882,24
F0895,Adya Ganesan,Associate Professor,D002,tristan27@example.org,6193614669,12
F0896,Udarsh Peri,Professor,D005,bahadurjitkala@example.org,89043395,13
F0897,Rachana Lad,Professor,D004,nairdipta@example.org,589769718,24
F0898,Dalbir Dugar,Professor,D002,dhriti16@example.org,912550281,17
F0899,Patrick Kakar,Assistant Professor,D005,leela42@example.net,3627006382,16
F0900,Imaran Peri,Professor,D005,draja@example.org,2500488623,4
F0901,Bhavani Borde,Professor,D005,garima45@example.com,89932326,20
F0902,Vrishti Biswas,Assistant Professor,D001,dalajavyas@example.com,694564819,12
F0903,Ridhi Deo,Associate Professor,D003,nigamomisha@example.com,371369062,25
F0904,Tanveer Cheema,Professor,D004,odikamittal@example.net,920858218,25
F0905,Christopher Anne,Assistant Professor,D004,babuthomas@example.com,919401559,8
F0906,Avni Vala,Professor,D004,kundaarya@example.org,911484318,19
F0907,Barkha Dhillon,Assistant Professor,D001,galawarhi@example.net,4891369858,12
F0908,Lohit Datta,Associate Professor,D003,warhi76@example.net,915963973,17
F0909,Alexander Sachar,Professor,D001,mnarang@example.net,5470994601,2
F0910,Hiral Venkataraman,Professor,D001,manicharvi@example.org,912731027,19
F0911,Jhalak Mand,Professor,D002,zmani@example.com,453492998,16
F0912,Hredhaan Halder,Assistant Professor,D005,anirudh04@example.com,914147933,23
F0913,Advaith Tank,Associate Professor,D003,lmannan@example.com,918661647,3
F0914,George Bassi,Professor,D001,dhriti09@example.com,2342342392,7
F0915,Oscar Pradhan,Assistant Professor,D004,labanbanerjee@example.com,456862753,6
F0916,Neelima Bhatia,Professor,D003,pallavichakraborty@example.net,912293198,2
F0917,Fariq Ramanathan,Assistant Professor,D002,sramanathan@example.org,474864955,18
F0918,Jeet Gill,Professor,D005,vedant24@example.org,913805955,14
F0919,Vanya Borah,Assistant Professor,D002,edoshi@example.org,122730249,6
F0920,Peter Dutta,Assistant Professor,D005,warjas41@example.net,705930260,18
F0921,Pavani Barad,Professor,D003,rajagopalanisaiah@example.com,913984121,3
F0922,Ria Tiwari,Professor,D004,yachanamannan@example.net,2166712270,9
F0923,Garima Bhalla,Professor,D001,edhithamannan@example.net,919555299,25
F0924,Joshua Comar,Associate Professor,D003,leena87@example.org,919817716,9
F0925,Christopher Kohli,Assistant Professor,D001,hloyal@example.net,2615645484,6
F0926,Priya Banik,Professor,D004,gayathrimand@example.com,1865496139,19
F0927,Kala Saxena,Professor,D002,caleb12@example.net,9485556717,22
F0928,Matthew Keer,Associate Professor,D005,bdatta@example.org,914609478,9
F0929,Ekani Talwar,Associate Professor,D003,vkashyap@example.com,935639425,6
F0930,Sachi Mani,Assistant Professor,D005,yatan79@example.com,379980337,2
F0931,Hredhaan Pandey,Assistant Professor,D004,shivansh70@example.net,910914911,21
F0932,Oscar Shere,Assistant Professor,D002,faraj89@example.org,913882333,12
F0933,Eiravati Suresh,Associate Professor,D004,parikhmatthew@example.com,864382284,2
F0934,Pavani Barman,Professor,D001,kai65@example.net,963648722,10
F0935,Vedant Patil,Associate Professor,D004,echoudhary@example.com,1784424155,5
F0936,Yashawini Shan,Assistant Professor,D002,sathvikgaba@example.net,914868893,15
F0937,Parth Kumar,Associate Professor,D003,nmitter@example.net,829692826,18
F0938,Pranav Mallick,Associate Professor,D002,gsahni@example.com,916403596,5
F0939,Bhavya Bhat,Associate Professor,D005,ekanshbal@example.com,919173415,12
F0940,Xiti Malhotra,Professor,D001,zhans@example.net,945159013,9
F0941,Nidra Virk,Professor,D004,upasnabalasubramanian@example.com,409583495,17
F0942,Amrita Kata,Associate Professor,D005,fitanpadmanabhan@example.org,9866666087,14
F0943,Luke Pillai,Professor,D003,ymadan@example.net,306203766,18
F0944,Isha Rana,Assistant Professor,D004,prabhakarudyati@example.net,910293852,14
F0945,Madhavi Singh,Professor,D003,vmishra@example.org,8680103543,18
F0946,Megha Nanda,Associate Professor,D005,hritikkrish@example.org,358419019,16
F0947,Ishita Patel,Professor,D005,wagleeta@example.net,913199637,10
F0948,Jason Kata,Professor,D002,minhasanthony@example.org,129796811,14
F0949,Turvi Mohan,Associate Professor,D002,libnipatil@example.net,693647526,24
F0950,Jai Handa,Associate Professor,D003,eeshakulkarni@example.com,3810335459,23
F0951,Chaitaly Bath,Assistant Professor,D005,nbhasin@example.org,917376759,11
F0952,Dominic Palla,Assistant Professor,D002,kaurradhika@example.com,9596060458,25
F0953,Brinda Trivedi,Assistant Professor,D005,lila98@example.net,337883448,7
F0954,Siddharth Kashyap,Associate Professor,D005,saiseth@example.org,749426179,5
F0955,Janya Mutti,Assistant Professor,D003,shauryachahal@example.net,278836588,10
F0956,Jack Dewan,Assistant Professor,D001,garora@example.org,914972378,6
F0957,Libni Sani,Professor,D004,lnagar@example.com,714863616,19
F0958,Alka Kibe,Professor,D001,samueljaggi@example.org,913933855,22
F0959,Aarna Narain,Professor,D005,banerjeeviraj@example.com,6778057967,16
F0960,Joshua Sahni,Assistant Professor,D001,sahniqushi@example.org,683405129,19
F0961,Chakrika Banerjee,Associate Professor,D005,santwyatt@example.org,9130874190,22
F0962,Bhavani Kannan,Associate Professor,D002,mekhalasoni@example.com,259762735,6
F0963,Kavya Keer,Associate Professor,D004,mitraindali@example.org,776770697,24
F0964,Yahvi Ganesh,Professor,D001,lkari@example.net,910306893,24
F0965,Upkaar Nanda,Associate Professor,D001,jbaria@example.net,915745072,20
F0966,Rachita Srivastava,Associate Professor,D004,dubeychandresh@example.net,910562802,20
F0967,Januja Khalsa,Professor,D002,narulasathvik@example.net,7171689701,24
F0968,Eesha Rastogi,Associate Professor,D001,chanadamini@example.org,914008407,7
F0969,Chandresh Comar,Associate Professor,D003,sameshmann@example.com,219949808,4
F0970,Brijesh Parmer,Associate Professor,D005,harish77@example.net,912994145,23
F0971,Vanya Ramaswamy,Professor,D003,dtara@example.org,910027834,7
F0972,Manya Koshy,Assistant Professor,D001,reyanshsahota@example.net,7021096298,22
F0973,Balhaar Dayal,Professor,D002,chadhaavni@example.com,9797773176,9
F0974,Logan Mitra,Professor,D003,aprasad@example.com,6023310034,9
F0975,Ekapad Badal,Professor,D001,kevinraja@example.org,333179016,20
F0976,Urvi Brar,Assistant Professor,D005,lipika74@example.net,1712133398,13
F0977,Tripti Baria,Assistant Professor,D002,chaitanya14@example.org,302210670,9
F0978,Aayush Pandit,Associate Professor,D001,kamyasom@example.net,913920765,11
F0979,Matthew Comar,Associate Professor,D002,ekarpe@example.com,3412390984,11
F0980,Nathan Shah,Associate Professor,D005,rishi47@example.org,914465815,20
F0981,Anvi Mammen,Assistant Professor,D002,panini89@example.com,868018218,25
F0982,Urvi Mangat,Assistant Professor,D001,devanshbansal@example.org,915907834,23
F0983,Lakshit Gala,Associate Professor,D004,joshibrijesh@example.org,8828836681,10
F0984,Omaja Toor,Professor,D001,gdhingra@example.org,547915923,4
F0985,Isaiah Chahal,Professor,D004,xalak70@example.com,914634679,18
F0986,Christopher Wali,Associate Professor,D004,vohrayadavi@example.net,480365195,21
F0987,Saumya Dhawan,Professor,D005,warhi00@example.net,10749666,6
F0988,Yash Dewan,Assistant Professor,D003,nayaraadhya@example.net,581735876,9
F0989,Fariq Sidhu,Assistant Professor,D003,yashodagokhale@example.net,913097384,6
F0990,Azad Verma,Assistant Professor,D003,pushtisaran@example.net,915067200,24
F0991,Isaiah Biswas,Associate Professor,D002,tnair@example.org,1471386100,8
F0992,Tanvi Purohit,Assistant Professor,D005,zinal34@example.net,917651951,3
F0993,Geetika Bhattacharyya,Assistant Professor,D003,kbaria@example.org,918833722,17
F0994,Robert Prashad,Professor,D001,gavin03@example.com,868578359,14
F0995,Charan Srinivas,Professor,D004,apalla@example.org,603521122,14
F0996,Sara Mandal,Associate Professor,D004,kashvi86@example.net,2586634634,13
F0997,Dayita Raman,Associate Professor,D005,flalla@example.org,359334902,5
F0998,Nachiket Yadav,Assistant Professor,D003,qbarad@example.net,977243910,3
F0999,Logan Jaggi,Associate Professor,D001,wrideshbose@example.net,910578417,11
F1000,Ekansh Pandey,Assistant Professor,D002,aishanivenkatesh@example.org,910024710,10
