placement_id,student_id,company_name,job_role,package_lpa,placement_year
P0001,S0001,Google,ML Engineer,13,2025
P0002,S0002,Google,Data Analyst,11,2024
P0003,S0003,Microsoft,ML Engineer,39,2025
P0004,S0004,IBM,Data Engineer,15,2024
P0005,S0005,Adobe,Data Analyst,10,2024
P0006,S0006,Wipro,Data Engineer,17,2025
P0007,S0007,Adobe,ML Engineer,21,2025
P0008,S0008,HCL,Data Engineer,15,2026
P0009,S0009,Google,ML Engineer,6,2026
P0010,S0010,TCS,Data Analyst,29,2025
P0011,S0011,IBM,Cloud Engineer,8,2026
P0012,S0012,Oracle,Backend Developer,32,2024
P0013,S0013,Microsoft,Data Engineer,21,2026
P0014,S0014,Wipro,Data Analyst,15,2026
P0015,S0015,Amazon,Cloud Engineer,34,2025
P0016,S0016,TCS,Software Engineer,6,2026
P0017,S0017,HCL,Data Analyst,30,2026
P0018,S0018,Microsoft,Data Analyst,22,2026
P0019,S0019,Deloitte,Backend Developer,17,2025
P0020,S0020,IBM,ML Engineer,19,2024
P0021,S0021,Amazon,Data Analyst,37,2026
P0022,S0022,Wipro,Data Engineer,4,2025
P0023,S0023,Adobe,Cloud Engineer,18,2025
P0024,S0024,Intel,Software Engineer,31,2024
P0025,S0025,Amazon,Cloud Engineer,25,2024
P0026,S0026,Wipro,ML Engineer,13,2025
P0027,S0027,Amazon,Backend Developer,14,2026
P0028,S0028,Accenture,Backend Developer,29,2024
P0029,S0029,Wipro,ML Engineer,30,2025
P0030,S0030,Intel,ML Engineer,13,2026
P0031,S0031,Deloitte,Software Engineer,9,2026
P0032,S0032,IBM,ML Engineer,30,2024
P0033,S0033,Accenture,Data Engineer,9,2025
P0034,S0034,Capgemini,Software Engineer,16,2026
P0035,S0035,Intel,Software Engineer,37,2024
P0036,S0036,IBM,Software Engineer,16,2026
P0037,S0037,Cisco,Cloud Engineer,16,2024
P0038,S0038,IBM,Backend Developer,12,2026
P0039,S0039,Deloitte,ML Engineer,34,2024
P0040,S0040,Infosys,Data Analyst,37,2026
P0041,S0041,Wipro,Software Engineer,8,2024
P0042,S0042,Adobe,Backend Developer,8,2024
P0043,S0043,Cisco,Cloud Engineer,37,2024
P0044,S0044,Microsoft,ML Engineer,10,2025
P0045,S0045,IBM,ML Engineer,33,2026
P0046,S0046,TCS,Cloud Engineer,16,2024
P0047,S0047,TCS,Data Engineer,20,2025
P0048,S0048,Amazon,Data Analyst,6,2025
P0049,S0049,Infosys,Software Engineer,28,2025
P0050,S0050,Cisco,Data Engineer,20,2025
P0051,S0051,IBM,ML Engineer,6,2026
P0052,S0052,Infosys,Data Engineer,21,2025
P0053,S0053,Cisco,Data Engineer,29,2024
P0054,S0054,Deloitte,ML Engineer,9,2024
P0055,S0055,Amazon,ML Engineer,32,2024
P0056,S0056,Infosys,Data Analyst,27,2025
P0057,S0057,Capgemini,ML Engineer,18,2024
P0058,S0058,Infosys,Backend Developer,29,2026
P0059,S0059,TCS,Backend Developer,31,2024
P0060,S0060,Adobe,Backend Developer,11,2025
P0061,S0061,Amazon,Data Analyst,39,2026
P0062,S0062,TCS,Backend Developer,20,2025
P0063,S0063,Wipro,Data Engineer,39,2025
P0064,S0064,Oracle,Software Engineer,12,2026
P0065,S0065,Accenture,ML Engineer,21,2025
P0066,S0066,TCS,Backend Developer,13,2026
P0067,S0067,Wipro,ML Engineer,17,2026
P0068,S0068,Oracle,Software Engineer,16,2024
P0069,S0069,Intel,Software Engineer,33,2024
P0070,S0070,HCL,Data Analyst,8,2026
P0071,S0071,TCS,Data Analyst,7,2026
P0072,S0072,Amazon,ML Engineer,28,2025
P0073,S0073,Microsoft,Data Analyst,17,2024
P0074,S0074,Infosys,Cloud Engineer,20,2024
P0075,S0075,IBM,Cloud Engineer,36,2026
P0076,S0076,Capgemini,Data Engineer,26,2025
P0077,S0077,Cisco,ML Engineer,12,2024
P0078,S0078,Google,Data Analyst,40,2024
P0079,S0079,TCS,Backend Developer,15,2024
P0080,S0080,Adobe,ML Engineer,39,2025
P0081,S0081,Accenture,Data Analyst,19,2025
P0082,S0082,Accenture,Software Engineer,15,2024
P0083,S0083,Infosys,Data Engineer,12,2026
P0084,S0084,Wipro,Cloud Engineer,8,2025
P0085,S0085,Deloitte,Software Engineer,17,2024
P0086,S0086,Adobe,Data Analyst,20,2024
P0087,S0087,Capgemini,Cloud Engineer,18,2024
P0088,S0088,Microsoft,ML Engineer,19,2025
P0089,S0089,Cisco,Software Engineer,12,2024
P0090,S0090,Capgemini,Data Analyst,35,2024
P0091,S0091,Intel,Data Analyst,29,2024
P0092,S0092,Cisco,ML Engineer,28,2026
P0093,S0093,Adobe,Cloud Engineer,37,2024
P0094,S0094,TCS,ML Engineer,40,2024
P0095,S0095,Google,Data Analyst,31,2024
P0096,S0096,Intel,Backend Developer,40,2024
P0097,S0097,Google,Cloud Engineer,9,2025
P0098,S0098,Amazon,Data Analyst,13,2026
P0099,S0099,Wipro,Data Engineer,5,2026
P0100,S0100,Wipro,Cloud Engineer,7,2026
P0101,S0101,Deloitte,Data Analyst,15,2025
P0102,S0102,Oracle,Data Engineer,24,2025
P0103,S0103,Capgemini,Cloud Engineer,28,2026
P0104,S0104,Amazon,Software Engineer,5,2026
P0105,S0105,Capgemini,Software Engineer,39,2025
P0106,S0106,IBM,Cloud Engineer,27,2024
P0107,S0107,Infosys,Cloud Engineer,18,2026
P0108,S0108,Capgemini,Data Analyst,13,2024
P0109,S0109,Cisco,Cloud Engineer,38,2024
P0110,S0110,Capgemini,Data Analyst,24,2025
P0111,S0111,Wipro,Data Engineer,13,2024
P0112,S0112,Accenture,ML Engineer,15,2026
P0113,S0113,IBM,Cloud Engineer,39,2025
P0114,S0114,Infosys,Data Analyst,16,2026
P0115,S0115,HCL,Data Analyst,27,2024
P0116,S0116,Intel,Cloud Engineer,8,2025
P0117,S0117,Infosys,Software Engineer,13,2026
P0118,S0118,HCL,Data Engineer,5,2024
P0119,S0119,TCS,Data Engineer,38,2026
P0120,S0120,Intel,Data Analyst,8,2024
P0121,S0121,HCL,ML Engineer,36,2024
P0122,S0122,IBM,Data Analyst,26,2025
P0123,S0123,Oracle,ML Engineer,5,2025
P0124,S0124,Deloitte,Cloud Engineer,18,2025
P0125,S0125,Adobe,Backend Developer,35,2026
P0126,S0126,Wipro,ML Engineer,5,2024
P0127,S0127,HCL,Data Engineer,26,2024
P0128,S0128,Accenture,Data Engineer,29,2026
P0129,S0129,Infosys,Data Engineer,33,2025
P0130,S0130,Microsoft,Backend Developer,22,2025
P0131,S0131,Wipro,Data Engineer,25,2024
P0132,S0132,Deloitte,Data Engineer,28,2024
P0133,S0133,HCL,ML Engineer,6,2025
P0134,S0134,Cisco,Software Engineer,6,2025
P0135,S0135,Cisco,Cloud Engineer,20,2026
P0136,S0136,TCS,ML Engineer,18,2025
P0137,S0137,Wipro,Data Analyst,23,2024
P0138,S0138,Accenture,ML Engineer,19,2024
P0139,S0139,Adobe,Backend Developer,13,2025
P0140,S0140,TCS,Backend Developer,11,2026
P0141,S0141,Cisco,Software Engineer,21,2026
P0142,S0142,Adobe,Data Analyst,29,2024
P0143,S0143,HCL,ML Engineer,31,2024
P0144,S0144,Oracle,Data Engineer,29,2026
P0145,S0145,Oracle,ML Engineer,10,2026
P0146,S0146,HCL,Data Analyst,4,2025
P0147,S0147,Google,Data Engineer,16,2026
P0148,S0148,Wipro,Cloud Engineer,20,2024
P0149,S0149,Deloitte,Cloud Engineer,9,2025
P0150,S0150,TCS,Data Analyst,24,2025
P0151,S0151,Microsoft,Backend Developer,33,2024
P0152,S0152,Deloitte,Software Engineer,36,2026
P0153,S0153,Amazon,ML Engineer,19,2025
P0154,S0154,Microsoft,Software Engineer,12,2026
P0155,S0155,Infosys,Backend Developer,18,2025
P0156,S0156,Deloitte,Data Engineer,24,2024
P0157,S0157,Accenture,Cloud Engineer,10,2026
P0158,S0158,Infosys,Data Engineer,18,2025
P0159,S0159,Amazon,ML Engineer,19,2026
P0160,S0160,Intel,Backend Developer,27,2025
P0161,S0161,Oracle,Software Engineer,26,2026
P0162,S0162,TCS,Software Engineer,35,2025
P0163,S0163,Adobe,Backend Developer,10,2026
P0164,S0164,Cisco,Data Analyst,8,2024
P0165,S0165,Intel,Data Analyst,39,2026
P0166,S0166,Capgemini,Software Engineer,24,2026
P0167,S0167,TCS,ML Engineer,4,2024
P0168,S0168,Google,Cloud Engineer,28,2024
P0169,S0169,Amazon,Data Analyst,30,2024
P0170,S0170,Oracle,Data Analyst,14,2024
P0171,S0171,Wipro,Data Engineer,6,2025
P0172,S0172,Adobe,Data Engineer,38,2025
P0173,S0173,TCS,Software Engineer,16,2024
P0174,S0174,Deloitte,Data Analyst,9,2026
P0175,S0175,IBM,Data Analyst,31,2026
P0176,S0176,Infosys,ML Engineer,32,2024
P0177,S0177,Infosys,Data Analyst,23,2025
P0178,S0178,Accenture,Software Engineer,10,2024
P0179,S0179,Microsoft,ML Engineer,23,2024
P0180,S0180,IBM,ML Engineer,27,2026
P0181,S0181,Accenture,Data Analyst,34,2025
P0182,S0182,HCL,Cloud Engineer,38,2024
P0183,S0183,Google,Backend Developer,18,2026
P0184,S0184,HCL,Cloud Engineer,34,2024
P0185,S0185,Accenture,Backend Developer,8,2026
P0186,S0186,Adobe,Data Engineer,37,2024
P0187,S0187,Oracle,Software Engineer,12,2024
P0188,S0188,Google,Backend Developer,22,2026
P0189,S0189,Wipro,Backend Developer,40,2025
P0190,S0190,Capgemini,Cloud Engineer,29,2024
P0191,S0191,Infosys,Data Engineer,32,2026
P0192,S0192,Accenture,Cloud Engineer,21,2025
P0193,S0193,Wipro,ML Engineer,15,2026
P0194,S0194,Wipro,Data Engineer,6,2026
P0195,S0195,Oracle,ML Engineer,37,2026
P0196,S0196,Intel,ML Engineer,17,2026
P0197,S0197,Intel,Data Analyst,32,2025
P0198,S0198,Oracle,Backend Developer,20,2024
P0199,S0199,Accenture,Software Engineer,11,2026
P0200,S0200,Amazon,Data Engineer,36,2025
P0201,S0201,Amazon,Data Analyst,32,2026
P0202,S0202,Capgemini,Data Analyst,6,2026
P0203,S0203,TCS,Cloud Engineer,37,2024
P0204,S0204,Adobe,Software Engineer,25,2025
P0205,S0205,Wipro,Software Engineer,27,2026
P0206,S0206,Microsoft,Data Analyst,29,2024
P0207,S0207,TCS,Data Analyst,30,2025
P0208,S0208,IBM,Data Engineer,17,2024
P0209,S0209,Intel,ML Engineer,38,2024
P0210,S0210,Accenture,Cloud Engineer,24,2026
P0211,S0211,Adobe,Backend Developer,31,2024
P0212,S0212,Infosys,Data Analyst,36,2026
P0213,S0213,Infosys,ML Engineer,23,2024
P0214,S0214,IBM,Cloud Engineer,17,2025
P0215,S0215,Oracle,Backend Developer,21,2024
P0216,S0216,Amazon,Cloud Engineer,35,2025
P0217,S0217,Deloitte,Software Engineer,37,2026
P0218,S0218,HCL,Data Analyst,21,2024
P0219,S0219,IBM,Backend Developer,17,2025
P0220,S0220,TCS,Software Engineer,10,2025
P0221,S0221,TCS,Data Engineer,18,2025
P0222,S0222,Cisco,Cloud Engineer,30,2025
P0223,S0223,Microsoft,ML Engineer,20,2026
P0224,S0224,Cisco,Cloud Engineer,26,2026
P0225,S0225,Capgemini,Data Engineer,33,2025
P0226,S0226,Cisco,Data Analyst,35,2025
P0227,S0227,Wipro,Data Engineer,16,2026
P0228,S0228,Deloitte,Data Analyst,8,2024
P0229,S0229,TCS,ML Engineer,6,2024
P0230,S0230,Google,ML Engineer,16,2025
P0231,S0231,Google,ML Engineer,9,2025
P0232,S0232,Amazon,ML Engineer,23,2024
P0233,S0233,Intel,ML Engineer,4,2026
P0234,S0234,Deloitte,Cloud Engineer,34,2024
P0235,S0235,Intel,Backend Developer,34,2026
P0236,S0236,Deloitte,Software Engineer,20,2026
P0237,S0237,Microsoft,ML Engineer,5,2026
P0238,S0238,Cisco,Backend Developer,29,2024
P0239,S0239,Intel,Backend Developer,14,2026
P0240,S0240,Microsoft,Data Analyst,36,2025
P0241,S0241,TCS,Data Engineer,6,2025
P0242,S0242,TCS,Backend Developer,19,2026
P0243,S0243,HCL,Cloud Engineer,35,2025
P0244,S0244,HCL,Software Engineer,19,2024
P0245,S0245,HCL,Data Engineer,5,2026
P0246,S0246,Intel,ML Engineer,30,2026
P0247,S0247,Cisco,Backend Developer,21,2024
P0248,S0248,Capgemini,ML Engineer,24,2024
P0249,S0249,Amazon,ML Engineer,15,2026
P0250,S0250,HCL,Cloud Engineer,17,2025
P0251,S0251,Wipro,Backend Developer,13,2025
P0252,S0252,HCL,Data Engineer,9,2026
P0253,S0253,Capgemini,Software Engineer,7,2024
P0254,S0254,Amazon,ML Engineer,23,2025
P0255,S0255,Accenture,Data Engineer,38,2025
P0256,S0256,Google,Backend Developer,13,2025
P0257,S0257,Google,Backend Developer,27,2025
P0258,S0258,Capgemini,Software Engineer,26,2025
P0259,S0259,Capgemini,Backend Developer,16,2025
P0260,S0260,Capgemini,ML Engineer,22,2025
P0261,S0261,Deloitte,Software Engineer,26,2024
P0262,S0262,Wipro,Data Analyst,31,2024
P0263,S0263,Wipro,Software Engineer,7,2026
P0264,S0264,Amazon,Data Engineer,15,2025
P0265,S0265,Oracle,Backend Developer,17,2024
P0266,S0266,HCL,Backend Developer,40,2026
P0267,S0267,Oracle,Cloud Engineer,22,2025
P0268,S0268,Cisco,Backend Developer,40,2026
P0269,S0269,Accenture,Backend Developer,18,2025
P0270,S0270,IBM,Cloud Engineer,33,2025
P0271,S0271,Adobe,Data Analyst,17,2026
P0272,S0272,IBM,Software Engineer,33,2026
P0273,S0273,Capgemini,Data Analyst,15,2024
P0274,S0274,Infosys,Data Analyst,10,2024
P0275,S0275,Microsoft,Data Analyst,39,2026
P0276,S0276,Cisco,Cloud Engineer,9,2025
P0277,S0277,TCS,Software Engineer,11,2025
P0278,S0278,Adobe,Backend Developer,10,2026
P0279,S0279,IBM,Data Analyst,18,2025
P0280,S0280,Microsoft,Data Engineer,34,2025
P0281,S0281,Google,Software Engineer,36,2024
P0282,S0282,Cisco,Software Engineer,17,2024
P0283,S0283,Infosys,Data Analyst,12,2026
P0284,S0284,Accenture,Cloud Engineer,9,2026
P0285,S0285,TCS,Data Engineer,16,2026
P0286,S0286,Microsoft,Backend Developer,14,2025
P0287,S0287,Deloitte,Data Analyst,15,2026
P0288,S0288,HCL,Data Engineer,23,2025
P0289,S0289,Accenture,ML Engineer,33,2026
P0290,S0290,Intel,Data Analyst,15,2026
P0291,S0291,Infosys,Data Engineer,31,2025
P0292,S0292,Amazon,Data Analyst,11,2026
P0293,S0293,Microsoft,Data Engineer,11,2024
P0294,S0294,Capgemini,Data Engineer,38,2026
P0295,S0295,TCS,Backend Developer,27,2024
P0296,S0296,Cisco,ML Engineer,13,2025
P0297,S0297,Capgemini,Data Analyst,26,2024
P0298,S0298,HCL,Data Analyst,37,2024
P0299,S0299,HCL,Backend Developer,23,2025
P0300,S0300,Accenture,Data Analyst,4,2025
P0301,S0301,Amazon,ML Engineer,28,2026
P0302,S0302,Accenture,Cloud Engineer,7,2024
P0303,S0303,Google,Data Engineer,37,2024
P0304,S0304,Cisco,Cloud Engineer,40,2026
P0305,S0305,Amazon,Data Analyst,16,2025
P0306,S0306,Infosys,Software Engineer,38,2025
P0307,S0307,Deloitte,Backend Developer,28,2025
P0308,S0308,Adobe,Software Engineer,35,2026
P0309,S0309,Intel,ML Engineer,21,2025
P0310,S0310,Adobe,Backend Developer,13,2026
P0311,S0311,Wipro,Cloud Engineer,35,2024
P0312,S0312,Capgemini,Software Engineer,14,2025
P0313,S0313,HCL,Backend Developer,16,2025
P0314,S0314,Accenture,Software Engineer,32,2025
P0315,S0315,IBM,ML Engineer,9,2025
P0316,S0316,HCL,Data Engineer,18,2024
P0317,S0317,Intel,ML Engineer,8,2024
P0318,S0318,Amazon,Software Engineer,39,2024
P0319,S0319,IBM,ML Engineer,12,2024
P0320,S0320,Infosys,ML Engineer,20,2025
P0321,S0321,Microsoft,Backend Developer,7,2025
P0322,S0322,IBM,Backend Developer,9,2025
P0323,S0323,Amazon,Data Analyst,19,2026
P0324,S0324,HCL,Backend Developer,8,2024
P0325,S0325,Deloitte,ML Engineer,17,2026
P0326,S0326,Infosys,Backend Developer,10,2024
P0327,S0327,Microsoft,Software Engineer,5,2026
P0328,S0328,Cisco,Data Analyst,15,2026
P0329,S0329,Capgemini,Cloud Engineer,31,2026
P0330,S0330,HCL,Backend Developer,25,2026
P0331,S0331,Infosys,Cloud Engineer,27,2025
P0332,S0332,HCL,Software Engineer,33,2026
P0333,S0333,Wipro,ML Engineer,27,2025
P0334,S0334,Deloitte,Software Engineer,13,2026
P0335,S0335,Adobe,ML Engineer,22,2025
P0336,S0336,Capgemini,Cloud Engineer,34,2026
P0337,S0337,Adobe,ML Engineer,39,2025
P0338,S0338,Microsoft,Cloud Engineer,28,2026
P0339,S0339,Cisco,Data Engineer,28,2025
P0340,S0340,Infosys,Backend Developer,40,2024
P0341,S0341,Cisco,Data Analyst,34,2025
P0342,S0342,TCS,Data Engineer,35,2024
P0343,S0343,Capgemini,Data Engineer,9,2026
P0344,S0344,Accenture,ML Engineer,20,2026
P0345,S0345,Google,Backend Developer,25,2026
P0346,S0346,Oracle,Software Engineer,16,2026
P0347,S0347,Amazon,Backend Developer,10,2025
P0348,S0348,Wipro,Data Engineer,15,2024
P0349,S0349,Wipro,Cloud Engineer,9,2024
P0350,S0350,TCS,Cloud Engineer,17,2026
P0351,S0351,Infosys,Cloud Engineer,25,2024
P0352,S0352,Intel,Data Analyst,7,2026
P0353,S0353,IBM,Backend Developer,20,2024
P0354,S0354,Deloitte,Cloud Engineer,34,2025
P0355,S0355,Accenture,ML Engineer,35,2024
P0356,S0356,Google,Software Engineer,5,2024
P0357,S0357,Oracle,Software Engineer,5,2026
P0358,S0358,Capgemini,Data Engineer,7,2024
P0359,S0359,TCS,Software Engineer,35,2025
P0360,S0360,Capgemini,Data Engineer,4,2024
P0361,S0361,Oracle,ML Engineer,9,2025
P0362,S0362,IBM,Data Engineer,14,2026
P0363,S0363,Cisco,Software Engineer,40,2025
P0364,S0364,HCL,Backend Developer,27,2024
P0365,S0365,HCL,Data Engineer,34,2026
P0366,S0366,Oracle,ML Engineer,39,2024
P0367,S0367,Capgemini,Data Engineer,38,2025
P0368,S0368,Capgemini,ML Engineer,33,2024
P0369,S0369,Adobe,Data Engineer,21,2026
P0370,S0370,IBM,Data Engineer,20,2024
P0371,S0371,HCL,Backend Developer,21,2024
P0372,S0372,Capgemini,Data Analyst,21,2024
P0373,S0373,Capgemini,Software Engineer,20,2026
P0374,S0374,Accenture,Data Engineer,30,2024
P0375,S0375,Microsoft,Backend Developer,35,2024
P0376,S0376,Amazon,Data Analyst,32,2025
P0377,S0377,Infosys,Cloud Engineer,35,2026
P0378,S0378,Accenture,Backend Developer,11,2024
P0379,S0379,Accenture,Data Engineer,15,2026
P0380,S0380,Accenture,Data Engineer,9,2025
P0381,S0381,TCS,Software Engineer,36,2025
P0382,S0382,Infosys,ML Engineer,29,2024
P0383,S0383,Accenture,Software Engineer,28,2025
P0384,S0384,Google,Data Engineer,38,2026
P0385,S0385,IBM,Software Engineer,14,2026
P0386,S0386,Adobe,Cloud Engineer,31,2025
P0387,S0387,Infosys,Backend Developer,38,2026
P0388,S0388,TCS,Software Engineer,28,2026
P0389,S0389,Capgemini,Data Engineer,25,2025
P0390,S0390,Microsoft,Data Engineer,7,2024
P0391,S0391,Capgemini,Software Engineer,27,2025
P0392,S0392,Deloitte,Data Analyst,18,2025
P0393,S0393,Google,Data Analyst,14,2025
P0394,S0394,Amazon,Data Engineer,17,2026
P0395,S0395,Google,ML Engineer,15,2026
P0396,S0396,Oracle,Software Engineer,21,2024
P0397,S0397,Intel,Data Analyst,28,2026
P0398,S0398,Deloitte,Data Analyst,30,2026
P0399,S0399,Accenture,Data Engineer,29,2025
P0400,S0400,Cisco,Data Analyst,21,2024
P0401,S0401,Wipro,Data Analyst,11,2026
P0402,S0402,Accenture,ML Engineer,39,2025
P0403,S0403,Microsoft,Data Analyst,29,2026
P0404,S0404,HCL,Data Analyst,13,2026
P0405,S0405,Capgemini,Software Engineer,17,2025
P0406,S0406,TCS,Software Engineer,19,2026
P0407,S0407,Capgemini,ML Engineer,8,2024
P0408,S0408,Accenture,Cloud Engineer,25,2024
P0409,S0409,Microsoft,Data Engineer,22,2024
P0410,S0410,Oracle,Data Engineer,11,2024
P0411,S0411,HCL,Backend Developer,7,2024
P0412,S0412,Adobe,Data Analyst,27,2024
P0413,S0413,Cisco,Software Engineer,12,2025
P0414,S0414,Accenture,Software Engineer,14,2025
P0415,S0415,Capgemini,Data Analyst,23,2026
P0416,S0416,Intel,ML Engineer,36,2026
P0417,S0417,IBM,ML Engineer,26,2025
P0418,S0418,IBM,Data Engineer,34,2024
P0419,S0419,Oracle,Data Engineer,28,2024
P0420,S0420,Microsoft,Data Analyst,20,2026
P0421,S0421,Cisco,Software Engineer,16,2025
P0422,S0422,Intel,Data Engineer,26,2025
P0423,S0423,Google,ML Engineer,21,2024
P0424,S0424,HCL,Cloud Engineer,16,2025
P0425,S0425,Wipro,Data Engineer,15,2026
P0426,S0426,Cisco,ML Engineer,20,2025
P0427,S0427,Cisco,Data Analyst,27,2024
P0428,S0428,Oracle,Data Analyst,21,2024
P0429,S0429,Cisco,Data Analyst,18,2026
P0430,S0430,IBM,Backend Developer,19,2025
P0431,S0431,Cisco,Data Engineer,11,2026
P0432,S0432,Intel,Backend Developer,16,2024
P0433,S0433,Adobe,ML Engineer,33,2024
P0434,S0434,Microsoft,Data Engineer,4,2024
P0435,S0435,Microsoft,Software Engineer,27,2026
P0436,S0436,Intel,Software Engineer,28,2026
P0437,S0437,Amazon,Backend Developer,19,2024
P0438,S0438,Capgemini,Cloud Engineer,12,2025
P0439,S0439,Capgemini,Data Engineer,23,2025
P0440,S0440,Microsoft,Software Engineer,38,2025
P0441,S0441,HCL,ML Engineer,24,2026
P0442,S0442,Adobe,Data Engineer,23,2026
P0443,S0443,Amazon,Data Engineer,9,2026
P0444,S0444,Deloitte,Backend Developer,35,2025
P0445,S0445,TCS,Data Analyst,22,2026
P0446,S0446,Amazon,Backend Developer,15,2026
P0447,S0447,Wipro,Cloud Engineer,27,2024
P0448,S0448,Infosys,Data Analyst,14,2025
P0449,S0449,Amazon,Data Engineer,19,2025
P0450,S0450,Deloitte,Cloud Engineer,26,2026
P0451,S0451,Google,Data Engineer,26,2025
P0452,S0452,Microsoft,Software Engineer,15,2024
P0453,S0453,Capgemini,Cloud Engineer,16,2026
P0454,S0454,TCS,Cloud Engineer,35,2024
P0455,S0455,Microsoft,Backend Developer,27,2025
P0456,S0456,Accenture,Software Engineer,10,2024
P0457,S0457,Intel,Data Engineer,29,2024
P0458,S0458,Google,Data Engineer,17,2024
P0459,S0459,Adobe,ML Engineer,9,2024
P0460,S0460,HCL,Data Engineer,20,2024
P0461,S0461,HCL,Cloud Engineer,10,2025
P0462,S0462,Adobe,Software Engineer,30,2025
P0463,S0463,Deloitte,Cloud Engineer,28,2026
P0464,S0464,Capgemini,Backend Developer,25,2025
P0465,S0465,Wipro,Backend Developer,33,2025
P0466,S0466,Capgemini,Cloud Engineer,6,2024
P0467,S0467,Accenture,Data Analyst,34,2025
P0468,S0468,TCS,ML Engineer,33,2024
P0469,S0469,Microsoft,Software Engineer,11,2026
P0470,S0470,Google,Backend Developer,11,2024
P0471,S0471,Oracle,ML Engineer,28,2024
P0472,S0472,Oracle,Backend Developer,22,2026
P0473,S0473,Intel,Software Engineer,8,2025
P0474,S0474,HCL,Data Engineer,5,2026
P0475,S0475,Deloitte,Backend Developer,9,2024
P0476,S0476,Accenture,Software Engineer,27,2026
P0477,S0477,Wipro,Data Analyst,5,2024
P0478,S0478,Adobe,Data Analyst,13,2025
P0479,S0479,Oracle,Data Engineer,14,2025
P0480,S0480,Intel,Backend Developer,25,2026
P0481,S0481,Google,Backend Developer,27,2025
P0482,S0482,IBM,Data Analyst,40,2026
P0483,S0483,TCS,ML Engineer,39,2025
P0484,S0484,Intel,Cloud Engineer,25,2026
P0485,S0485,Capgemini,ML Engineer,31,2024
P0486,S0486,Infosys,Data Engineer,22,2024
P0487,S0487,HCL,Software Engineer,28,2024
P0488,S0488,Wipro,Backend Developer,36,2024
P0489,S0489,Microsoft,Backend Developer,6,2025
P0490,S0490,IBM,ML Engineer,5,2025
P0491,S0491,Wipro,ML Engineer,17,2025
P0492,S0492,HCL,ML Engineer,21,2025
P0493,S0493,Intel,Data Engineer,14,2024
P0494,S0494,Cisco,Cloud Engineer,22,2024
P0495,S0495,Accenture,Data Engineer,8,2024
P0496,S0496,Amazon,ML Engineer,23,2024
P0497,S0497,Deloitte,Data Analyst,33,2025
P0498,S0498,Microsoft,ML Engineer,12,2026
P0499,S0499,Accenture,ML Engineer,36,2025
P0500,S0500,Cisco,Backend Developer,28,2026
P0501,S0501,Microsoft,Backend Developer,15,2025
P0502,S0502,Amazon,Cloud Engineer,11,2025
P0503,S0503,Wipro,Backend Developer,33,2026
P0504,S0504,Oracle,Software Engineer,16,2024
P0505,S0505,Accenture,Software Engineer,31,2026
P0506,S0506,Infosys,Cloud Engineer,38,2026
P0507,S0507,Cisco,Software Engineer,15,2025
P0508,S0508,Accenture,ML Engineer,16,2025
P0509,S0509,HCL,Data Analyst,40,2026
P0510,S0510,Wipro,Cloud Engineer,30,2025
P0511,S0511,IBM,ML Engineer,19,2024
P0512,S0512,Infosys,Cloud Engineer,34,2025
P0513,S0513,Wipro,Software Engineer,12,2026
P0514,S0514,Adobe,Backend Developer,35,2024
P0515,S0515,Oracle,ML Engineer,25,2025
P0516,S0516,Oracle,Backend Developer,31,2025
P0517,S0517,Intel,ML Engineer,9,2025
P0518,S0518,TCS,Software Engineer,36,2025
P0519,S0519,Intel,Cloud Engineer,39,2025
P0520,S0520,TCS,Software Engineer,15,2024
P0521,S0521,Google,Data Analyst,40,2025
P0522,S0522,HCL,Data Engineer,23,2026
P0523,S0523,Capgemini,ML Engineer,9,2024
P0524,S0524,Oracle,Data Analyst,14,2025
P0525,S0525,TCS,Backend Developer,12,2025
P0526,S0526,Infosys,Software Engineer,18,2024
P0527,S0527,Microsoft,ML Engineer,12,2024
P0528,S0528,HCL,Backend Developer,9,2026
P0529,S0529,IBM,Data Analyst,39,2024
P0530,S0530,Capgemini,Backend Developer,9,2025
P0531,S0531,Amazon,Data Engineer,12,2026
P0532,S0532,Cisco,ML Engineer,11,2024
P0533,S0533,Intel,Data Analyst,8,2024
P0534,S0534,Wipro,Backend Developer,11,2024
P0535,S0535,TCS,ML Engineer,14,2024
P0536,S0536,Infosys,Data Analyst,21,2025
P0537,S0537,Intel,ML Engineer,11,2024
P0538,S0538,IBM,Backend Developer,7,2024
P0539,S0539,Microsoft,Data Analyst,40,2025
P0540,S0540,Intel,ML Engineer,31,2026
P0541,S0541,Adobe,ML Engineer,34,2024
P0542,S0542,Deloitte,Data Engineer,19,2024
P0543,S0543,Cisco,ML Engineer,39,2025
P0544,S0544,Microsoft,ML Engineer,21,2024
P0545,S0545,Capgemini,Cloud Engineer,28,2026
P0546,S0546,Amazon,Data Engineer,22,2026
P0547,S0547,Google,Data Engineer,40,2025
P0548,S0548,Capgemini,Software Engineer,13,2026
P0549,S0549,Intel,Data Analyst,32,2025
P0550,S0550,Capgemini,Data Engineer,17,2024
P0551,S0551,Amazon,Data Analyst,28,2025
P0552,S0552,HCL,Cloud Engineer,7,2025
P0553,S0553,Wipro,Data Analyst,21,2025
P0554,S0554,Cisco,ML Engineer,22,2025
P0555,S0555,Accenture,Data Analyst,32,2025
P0556,S0556,HCL,Data Analyst,38,2025
P0557,S0557,IBM,Cloud Engineer,25,2025
P0558,S0558,Oracle,ML Engineer,5,2026
P0559,S0559,Capgemini,Software Engineer,26,2026
P0560,S0560,TCS,Data Analyst,7,2026
P0561,S0561,Cisco,Software Engineer,20,2025
P0562,S0562,Wipro,Cloud Engineer,34,2026
P0563,S0563,IBM,Data Analyst,6,2025
P0564,S0564,TCS,Backend Developer,8,2025
P0565,S0565,Google,Data Engineer,7,2025
P0566,S0566,Infosys,Data Engineer,13,2026
P0567,S0567,Microsoft,Data Analyst,38,2025
P0568,S0568,Capgemini,Cloud Engineer,36,2025
P0569,S0569,HCL,Data Analyst,29,2025
P0570,S0570,IBM,Software Engineer,38,2024
P0571,S0571,Deloitte,ML Engineer,31,2026
P0572,S0572,Capgemini,Backend Developer,7,2025
P0573,S0573,Intel,Data Analyst,15,2025
P0574,S0574,Deloitte,Software Engineer,30,2026
P0575,S0575,IBM,Software Engineer,10,2025
P0576,S0576,HCL,Cloud Engineer,16,2026
P0577,S0577,TCS,Backend Developer,31,2026
P0578,S0578,Adobe,Software Engineer,28,2025
P0579,S0579,Deloitte,Data Engineer,10,2024
P0580,S0580,Oracle,Cloud Engineer,23,2025
P0581,S0581,Deloitte,Data Analyst,34,2026
P0582,S0582,Wipro,Cloud Engineer,24,2024
P0583,S0583,Wipro,Software Engineer,33,2026
P0584,S0584,Intel,Software Engineer,13,2026
P0585,S0585,Wipro,Data Engineer,30,2026
P0586,S0586,Google,ML Engineer,4,2026
P0587,S0587,Wipro,ML Engineer,35,2025
P0588,S0588,Cisco,Backend Developer,29,2024
P0589,S0589,Capgemini,ML Engineer,14,2026
P0590,S0590,Google,Backend Developer,33,2025
P0591,S0591,Microsoft,Backend Developer,4,2026
P0592,S0592,Amazon,Cloud Engineer,40,2024
P0593,S0593,Cisco,Backend Developer,18,2026
P0594,S0594,Adobe,Data Engineer,30,2025
P0595,S0595,Oracle,ML Engineer,27,2024
P0596,S0596,Intel,ML Engineer,20,2026
P0597,S0597,Google,Software Engineer,28,2024
P0598,S0598,Infosys,Cloud Engineer,31,2024
P0599,S0599,Amazon,Software Engineer,11,2026
P0600,S0600,IBM,Data Analyst,18,2024
P0601,S0601,Cisco,Backend Developer,6,2025
P0602,S0602,Intel,Backend Developer,29,2025
P0603,S0603,Cisco,Backend Developer,20,2026
P0604,S0604,Deloitte,Data Analyst,36,2024
P0605,S0605,Cisco,Data Analyst,16,2025
P0606,S0606,Adobe,Backend Developer,16,2025
P0607,S0607,Microsoft,Backend Developer,37,2024
P0608,S0608,Infosys,Cloud Engineer,24,2025
P0609,S0609,Oracle,Software Engineer,34,2026
P0610,S0610,Microsoft,Software Engineer,9,2024
P0611,S0611,Amazon,ML Engineer,37,2025
P0612,S0612,TCS,Software Engineer,11,2025
P0613,S0613,Intel,ML Engineer,26,2025
P0614,S0614,Wipro,Software Engineer,6,2024
P0615,S0615,Accenture,Cloud Engineer,9,2025
P0616,S0616,Google,Cloud Engineer,15,2025
P0617,S0617,Oracle,Software Engineer,39,2025
P0618,S0618,Deloitte,Backend Developer,36,2026
P0619,S0619,TCS,ML Engineer,21,2025
P0620,S0620,TCS,Software Engineer,31,2025
P0621,S0621,Capgemini,Software Engineer,19,2025
P0622,S0622,Adobe,Software Engineer,22,2025
P0623,S0623,Google,Data Engineer,9,2026
P0624,S0624,Wipro,ML Engineer,36,2025
P0625,S0625,Oracle,Backend Developer,25,2026
P0626,S0626,TCS,Backend Developer,37,2024
P0627,S0627,Adobe,Data Engineer,21,2024
P0628,S0628,Oracle,Software Engineer,14,2024
P0629,S0629,IBM,Cloud Engineer,6,2026
P0630,S0630,Google,Data Analyst,14,2024
P0631,S0631,Google,Backend Developer,21,2026
P0632,S0632,Adobe,Software Engineer,20,2025
P0633,S0633,HCL,Data Analyst,32,2024
P0634,S0634,Wipro,Data Engineer,29,2024
P0635,S0635,Infosys,Software Engineer,31,2025
P0636,S0636,Infosys,Cloud Engineer,22,2026
P0637,S0637,HCL,Backend Developer,17,2024
P0638,S0638,Capgemini,Cloud Engineer,27,2024
P0639,S0639,Microsoft,Cloud Engineer,24,2025
P0640,S0640,IBM,Cloud Engineer,23,2024
P0641,S0641,TCS,ML Engineer,21,2026
P0642,S0642,Intel,Backend Developer,15,2025
P0643,S0643,HCL,ML Engineer,30,2024
P0644,S0644,IBM,Data Analyst,39,2025
P0645,S0645,HCL,ML Engineer,24,2024
P0646,S0646,Capgemini,Backend Developer,18,2026
P0647,S0647,Deloitte,ML Engineer,29,2026
P0648,S0648,Deloitte,Data Analyst,23,2024
P0649,S0649,Adobe,ML Engineer,9,2025
P0650,S0650,Intel,Software Engineer,9,2025
P0651,S0651,IBM,ML Engineer,25,2026
P0652,S0652,Intel,Cloud Engineer,13,2026
P0653,S0653,IBM,Data Engineer,14,2024
P0654,S0654,Capgemini,Cloud Engineer,21,2026
P0655,S0655,Accenture,Data Engineer,14,2025
P0656,S0656,Amazon,Data Analyst,14,2026
P0657,S0657,Intel,Data Engineer,8,2024
P0658,S0658,Infosys,Software Engineer,18,2024
P0659,S0659,Google,Cloud Engineer,32,2024
P0660,S0660,Oracle,Backend Developer,14,2026
P0661,S0661,Intel,Data Engineer,20,2026
P0662,S0662,Infosys,Backend Developer,7,2026
P0663,S0663,Cisco,Software Engineer,36,2025
P0664,S0664,Infosys,Data Analyst,22,2025
P0665,S0665,Deloitte,Data Engineer,34,2024
P0666,S0666,Deloitte,ML Engineer,30,2025
P0667,S0667,HCL,Data Analyst,36,2026
P0668,S0668,TCS,Data Analyst,12,2026
P0669,S0669,Adobe,Data Analyst,31,2025
P0670,S0670,Google,Cloud Engineer,8,2026
P0671,S0671,Oracle,ML Engineer,27,2026
P0672,S0672,TCS,Data Analyst,35,2025
P0673,S0673,Cisco,Backend Developer,25,2026
P0674,S0674,Adobe,Data Analyst,19,2025
P0675,S0675,Google,Data Analyst,34,2024
P0676,S0676,Infosys,ML Engineer,4,2026
P0677,S0677,Adobe,Software Engineer,22,2025
P0678,S0678,Deloitte,Backend Developer,38,2025
P0679,S0679,Intel,Backend Developer,39,2025
P0680,S0680,Deloitte,Software Engineer,4,2024
P0681,S0681,Accenture,Data Analyst,15,2025
P0682,S0682,TCS,Data Analyst,24,2024
P0683,S0683,Infosys,ML Engineer,25,2026
P0684,S0684,Accenture,ML Engineer,15,2025
P0685,S0685,Accenture,ML Engineer,32,2024
P0686,S0686,Intel,Cloud Engineer,16,2024
P0687,S0687,Adobe,Data Engineer,33,2024
P0688,S0688,Capgemini,Data Engineer,35,2024
P0689,S0689,HCL,Cloud Engineer,30,2024
P0690,S0690,Infosys,Cloud Engineer,8,2025
P0691,S0691,Capgemini,Backend Developer,24,2024
P0692,S0692,IBM,Software Engineer,4,2024
P0693,S0693,Oracle,ML Engineer,37,2024
P0694,S0694,Amazon,Data Engineer,28,2026
P0695,S0695,Oracle,ML Engineer,40,2025
P0696,S0696,Capgemini,Backend Developer,27,2024
P0697,S0697,Wipro,Data Engineer,37,2024
P0698,S0698,Adobe,Backend Developer,25,2025
P0699,S0699,Wipro,Data Analyst,37,2024
P0700,S0700,Cisco,Cloud Engineer,25,2026
P0701,S0701,Accenture,ML Engineer,23,2025
P0702,S0702,Google,Data Analyst,39,2025
P0703,S0703,Intel,Data Engineer,40,2025
P0704,S0704,Accenture,Data Engineer,27,2024
P0705,S0705,Google,Data Analyst,13,2024
P0706,S0706,TCS,Backend Developer,30,2024
P0707,S0707,Deloitte,Software Engineer,7,2025
P0708,S0708,Wipro,Software Engineer,12,2026
P0709,S0709,HCL,Data Engineer,32,2024
P0710,S0710,HCL,Data Analyst,13,2025
P0711,S0711,IBM,Software Engineer,7,2025
P0712,S0712,IBM,Cloud Engineer,25,2026
P0713,S0713,IBM,Data Engineer,37,2026
P0714,S0714,Accenture,Cloud Engineer,12,2025
P0715,S0715,HCL,Software Engineer,24,2025
P0716,S0716,Infosys,Backend Developer,26,2024
P0717,S0717,Wipro,Software Engineer,33,2026
P0718,S0718,Wipro,Data Engineer,29,2025
P0719,S0719,TCS,Backend Developer,28,2024
P0720,S0720,Microsoft,Software Engineer,18,2024
P0721,S0721,Wipro,Cloud Engineer,13,2026
P0722,S0722,Adobe,Data Engineer,32,2024
P0723,S0723,Wipro,Data Analyst,21,2024
P0724,S0724,IBM,ML Engineer,17,2026
P0725,S0725,IBM,Data Engineer,9,2026
P0726,S0726,HCL,Cloud Engineer,15,2024
P0727,S0727,Microsoft,Data Analyst,23,2025
P0728,S0728,Oracle,Data Analyst,39,2025
P0729,S0729,Accenture,Cloud Engineer,16,2026
P0730,S0730,Infosys,Cloud Engineer,17,2024
P0731,S0731,Oracle,Backend Developer,34,2024
P0732,S0732,Google,Backend Developer,5,2024
P0733,S0733,Wipro,Backend Developer,31,2024
P0734,S0734,Microsoft,Data Engineer,9,2024
P0735,S0735,Microsoft,Data Engineer,10,2024
P0736,S0736,IBM,Cloud Engineer,33,2024
P0737,S0737,Amazon,Data Analyst,36,2025
P0738,S0738,Adobe,Data Engineer,33,2024
P0739,S0739,Adobe,Cloud Engineer,23,2024
P0740,S0740,Capgemini,ML Engineer,15,2024
P0741,S0741,Intel,Data Analyst,33,2026
P0742,S0742,Capgemini,Data Engineer,24,2024
P0743,S0743,Cisco,Data Engineer,32,2025
P0744,S0744,Microsoft,ML Engineer,10,2025
P0745,S0745,IBM,Cloud Engineer,15,2026
P0746,S0746,Accenture,Backend Developer,8,2025
P0747,S0747,Deloitte,Backend Developer,38,2025
P0748,S0748,Amazon,Cloud Engineer,36,2024
P0749,S0749,HCL,Software Engineer,21,2025
P0750,S0750,Infosys,Data Analyst,7,2026
P0751,S0751,Wipro,Cloud Engineer,29,2026
P0752,S0752,Google,Software Engineer,13,2026
P0753,S0753,Amazon,Software Engineer,26,2025
P0754,S0754,Microsoft,Backend Developer,8,2024
P0755,S0755,Google,ML Engineer,40,2026
P0756,S0756,Deloitte,Software Engineer,15,2025
P0757,S0757,Oracle,Cloud Engineer,40,2024
P0758,S0758,Intel,Backend Developer,38,2024
P0759,S0759,Adobe,Software Engineer,22,2025
P0760,S0760,Accenture,Data Engineer,23,2026
P0761,S0761,Infosys,Software Engineer,19,2025
P0762,S0762,Adobe,Backend Developer,13,2026
P0763,S0763,TCS,Data Analyst,22,2026
P0764,S0764,Cisco,ML Engineer,19,2026
P0765,S0765,HCL,Data Analyst,7,2024
P0766,S0766,TCS,ML Engineer,17,2026
P0767,S0767,Adobe,ML Engineer,36,2025
P0768,S0768,Deloitte,Cloud Engineer,31,2024
P0769,S0769,Infosys,Data Engineer,12,2026
P0770,S0770,Accenture,Cloud Engineer,11,2024
P0771,S0771,Adobe,Software Engineer,27,2026
P0772,S0772,Adobe,Cloud Engineer,37,2025
P0773,S0773,Amazon,ML Engineer,22,2026
P0774,S0774,Adobe,Cloud Engineer,37,2025
P0775,S0775,Wipro,Software Engineer,26,2025
P0776,S0776,Cisco,ML Engineer,10,2026
P0777,S0777,Intel,Software Engineer,18,2025
P0778,S0778,Microsoft,Cloud Engineer,35,2025
P0779,S0779,Cisco,Cloud Engineer,32,2024
P0780,S0780,Google,Data Engineer,7,2026
P0781,S0781,Wipro,Software Engineer,5,2025
P0782,S0782,Adobe,Data Analyst,25,2026
P0783,S0783,Google,Backend Developer,30,2024
P0784,S0784,Capgemini,Backend Developer,31,2026
P0785,S0785,Accenture,Data Engineer,11,2024
P0786,S0786,Infosys,Software Engineer,8,2024
P0787,S0787,Deloitte,Software Engineer,15,2025
P0788,S0788,Amazon,ML Engineer,24,2025
P0789,S0789,Amazon,Software Engineer,15,2026
P0790,S0790,Google,Data Analyst,20,2025
P0791,S0791,Wipro,Cloud Engineer,10,2024
P0792,S0792,Capgemini,Cloud Engineer,20,2026
P0793,S0793,Google,Software Engineer,32,2026
P0794,S0794,TCS,Software Engineer,10,2025
P0795,S0795,Wipro,Software Engineer,9,2025
P0796,S0796,Google,Backend Developer,5,2024
P0797,S0797,Capgemini,Backend Developer,5,2024
P0798,S0798,Microsoft,ML Engineer,12,2025
P0799,S0799,TCS,Data Analyst,5,2025
P0800,S0800,Infosys,Cloud Engineer,13,2025
P0801,S0801,Oracle,ML Engineer,34,2026
P0802,S0802,Infosys,Backend Developer,32,2026
P0803,S0803,Cisco,Software Engineer,34,2024
P0804,S0804,Capgemini,Cloud Engineer,31,2024
P0805,S0805,Oracle,ML Engineer,18,2025
P0806,S0806,Adobe,ML Engineer,20,2024
P0807,S0807,Google,Software Engineer,13,2025
P0808,S0808,Amazon,ML Engineer,14,2025
P0809,S0809,Microsoft,Software Engineer,7,2024
P0810,S0810,Microsoft,Software Engineer,33,2025
P0811,S0811,Adobe,Cloud Engineer,11,2025
P0812,S0812,Microsoft,Software Engineer,37,2024
P0813,S0813,Wipro,ML Engineer,6,2026
P0814,S0814,Wipro,Data Analyst,10,2025
P0815,S0815,Infosys,Software Engineer,14,2024
P0816,S0816,Deloitte,Data Analyst,17,2025
P0817,S0817,Intel,Backend Developer,21,2024
P0818,S0818,Capgemini,ML Engineer,8,2026
P0819,S0819,Accenture,ML Engineer,23,2025
P0820,S0820,Microsoft,ML Engineer,29,2024
P0821,S0821,Infosys,Data Analyst,32,2025
P0822,S0822,Google,Software Engineer,7,2024
P0823,S0823,Wipro,Software Engineer,20,2025
P0824,S0824,Amazon,Data Analyst,28,2026
P0825,S0825,Google,Data Analyst,14,2026
P0826,S0826,Cisco,Data Engineer,18,2026
P0827,S0827,Google,Software Engineer,13,2025
P0828,S0828,Accenture,Data Analyst,31,2026
P0829,S0829,Wipro,Software Engineer,24,2026
P0830,S0830,Adobe,ML Engineer,5,2025
P0831,S0831,Capgemini,Cloud Engineer,22,2024
P0832,S0832,Wipro,Data Analyst,35,2024
P0833,S0833,Amazon,Data Analyst,32,2025
P0834,S0834,TCS,Backend Developer,23,2025
P0835,S0835,Microsoft,Cloud Engineer,33,2024
P0836,S0836,TCS,Cloud Engineer,26,2025
P0837,S0837,IBM,Software Engineer,33,2025
P0838,S0838,Amazon,Software Engineer,36,2024
P0839,S0839,Oracle,Data Analyst,19,2026
P0840,S0840,Deloitte,Cloud Engineer,33,2024
P0841,S0841,Oracle,Data Engineer,19,2024
P0842,S0842,Google,Software Engineer,14,2025
P0843,S0843,IBM,Software Engineer,34,2025
P0844,S0844,Capgemini,Data Engineer,9,2026
P0845,S0845,Wipro,ML Engineer,35,2024
P0846,S0846,Intel,Software Engineer,19,2025
P0847,S0847,Oracle,Data Analyst,16,2024
P0848,S0848,Google,Data Analyst,33,2025
P0849,S0849,Wipro,ML Engineer,39,2025
P0850,S0850,Intel,Backend Developer,40,2024
P0851,S0851,Wipro,Software Engineer,29,2025
P0852,S0852,Capgemini,Backend Developer,9,2024
P0853,S0853,Google,Cloud Engineer,10,2024
P0854,S0854,Adobe,Software Engineer,29,2025
P0855,S0855,Infosys,Data Analyst,35,2026
P0856,S0856,Oracle,Backend Developer,35,2025
P0857,S0857,Infosys,ML Engineer,27,2025
P0858,S0858,Accenture,Software Engineer,6,2024
P0859,S0859,Deloitte,Data Engineer,19,2025
P0860,S0860,Intel,Backend Developer,13,2026
P0861,S0861,Deloitte,Backend Developer,17,2024
P0862,S0862,Intel,Data Engineer,12,2024
P0863,S0863,IBM,Cloud Engineer,30,2024
P0864,S0864,Oracle,Backend Developer,19,2024
P0865,S0865,Google,ML Engineer,36,2025
P0866,S0866,Microsoft,Data Analyst,8,2024
P0867,S0867,Capgemini,Data Analyst,23,2024
P0868,S0868,Adobe,Data Analyst,28,2026
P0869,S0869,Infosys,Backend Developer,26,2024
P0870,S0870,Accenture,Data Engineer,37,2025
P0871,S0871,Accenture,Cloud Engineer,13,2026
P0872,S0872,Capgemini,Data Engineer,6,2026
P0873,S0873,HCL,Cloud Engineer,21,2024
P0874,S0874,Accenture,ML Engineer,28,2024
P0875,S0875,Accenture,Data Analyst,30,2024
P0876,S0876,Capgemini,ML Engineer,14,2025
P0877,S0877,Infosys,Data Engineer,30,2026
P0878,S0878,TCS,Data Engineer,12,2026
P0879,S0879,Amazon,Cloud Engineer,34,2025
P0880,S0880,Microsoft,Software Engineer,28,2025
P0881,S0881,TCS,Data Analyst,13,2025
P0882,S0882,Adobe,Data Engineer,7,2026
P0883,S0883,Amazon,Backend Developer,30,2026
P0884,S0884,Deloitte,Data Engineer,23,2025
P0885,S0885,Microsoft,Data Analyst,19,2026
P0886,S0886,Microsoft,Data Engineer,28,2024
P0887,S0887,Amazon,Backend Developer,37,2024
P0888,S0888,Wipro,Cloud Engineer,36,2026
P0889,S0889,Capgemini,Backend Developer,13,2025
P0890,S0890,Accenture,Backend Developer,27,2026
P0891,S0891,Infosys,Data Analyst,38,2026
P0892,S0892,IBM,Data Analyst,28,2026
P0893,S0893,Microsoft,Data Analyst,40,2025
P0894,S0894,Google,Software Engineer,26,2025
P0895,S0895,Capgemini,Cloud Engineer,24,2026
P0896,S0896,IBM,Cloud Engineer,33,2024
P0897,S0897,Cisco,Data Analyst,37,2026
P0898,S0898,TCS,Data Engineer,27,2025
P0899,S0899,Accenture,Data Engineer,36,2025
P0900,S0900,Deloitte,Data Analyst,27,2025
P0901,S0901,Infosys,Data Analyst,10,2025
P0902,S0902,Oracle,Data Engineer,28,2026
P0903,S0903,Cisco,Cloud Engineer,34,2024
P0904,S0904,Wipro,Cloud Engineer,7,2025
P0905,S0905,TCS,Data Engineer,20,2024
P0906,S0906,HCL,Cloud Engineer,21,2026
P0907,S0907,IBM,Software Engineer,17,2025
P0908,S0908,Cisco,Data Engineer,18,2024
P0909,S0909,TCS,Backend Developer,38,2024
P0910,S0910,Intel,Data Engineer,6,2025
P0911,S0911,Capgemini,ML Engineer,13,2026
P0912,S0912,TCS,Backend Developer,36,2024
P0913,S0913,Google,Data Engineer,33,2024
P0914,S0914,TCS,ML Engineer,40,2025
P0915,S0915,Cisco,Software Engineer,24,2025
P0916,S0916,Infosys,ML Engineer,35,2025
P0917,S0917,Adobe,Software Engineer,6,2025
P0918,S0918,Intel,Backend Developer,38,2025
P0919,S0919,Cisco,Cloud Engineer,11,2025
P0920,S0920,TCS,Backend Developer,8,2026
P0921,S0921,Accenture,Data Analyst,25,2026
P0922,S0922,Accenture,ML Engineer,13,2026
P0923,S0923,Cisco,Software Engineer,5,2026
P0924,S0924,IBM,Data Analyst,7,2025
P0925,S0925,TCS,Software Engineer,23,2025
P0926,S0926,Accenture,Software Engineer,4,2024
P0927,S0927,Intel,Software Engineer,32,2025
P0928,S0928,Deloitte,Data Analyst,10,2026
P0929,S0929,IBM,Backend Developer,19,2025
P0930,S0930,Capgemini,Cloud Engineer,4,2025
P0931,S0931,Google,Cloud Engineer,15,2025
P0932,S0932,Accenture,Data Analyst,13,2025
P0933,S0933,IBM,ML Engineer,38,2026
P0934,S0934,Adobe,Backend Developer,12,2024
P0935,S0935,Infosys,Data Analyst,12,2025
P0936,S0936,IBM,Data Analyst,10,2025
P0937,S0937,Infosys,Data Analyst,34,2026
P0938,S0938,Google,Cloud Engineer,33,2024
P0939,S0939,Deloitte,Backend Developer,5,2026
P0940,S0940,Oracle,ML Engineer,11,2025
P0941,S0941,HCL,Cloud Engineer,12,2026
P0942,S0942,Google,Data Analyst,34,2024
P0943,S0943,Capgemini,Backend Developer,26,2026
P0944,S0944,Cisco,Backend Developer,27,2026
P0945,S0945,IBM,Data Engineer,28,2025
P0946,S0946,Google,Data Engineer,25,2024
P0947,S0947,Google,Cloud Engineer,30,2024
P0948,S0948,Capgemini,ML Engineer,8,2026
P0949,S0949,Adobe,Backend Developer,29,2025
P0950,S0950,Adobe,Cloud Engineer,10,2024
P0951,S0951,HCL,Cloud Engineer,16,2024
P0952,S0952,Oracle,Cloud Engineer,29,2024
P0953,S0953,Amazon,Software Engineer,36,2025
P0954,S0954,Microsoft,Software Engineer,8,2025
P0955,S0955,Capgemini,Cloud Engineer,12,2026
P0956,S0956,Capgemini,ML Engineer,35,2025
P0957,S0957,IBM,Cloud Engineer,16,2026
P0958,S0958,Wipro,Data Engineer,38,2025
P0959,S0959,Capgemini,Software Engineer,23,2026
P0960,S0960,Adobe,Data Analyst,34,2025
P0961,S0961,HCL,ML Engineer,27,2024
P0962,S0962,IBM,Data Analyst,18,2024
P0963,S0963,Wipro,Cloud Engineer,33,2026
P0964,S0964,Adobe,ML Engineer,28,2025
P0965,S0965,Intel,Backend Developer,34,2024
P0966,S0966,Capgemini,Cloud Engineer,25,2025
P0967,S0967,TCS,Data Engineer,21,2025
P0968,S0968,Infosys,Software Engineer,33,2026
P0969,S0969,Wipro,Software Engineer,10,2026
P0970,S0970,Cisco,Cloud Engineer,5,2026
P0971,S0971,Infosys,Software Engineer,25,2025
P0972,S0972,Adobe,Backend Developer,20,2025
P0973,S0973,HCL,Data Engineer,28,2024
P0974,S0974,Microsoft,Data Engineer,12,2024
P0975,S0975,Amazon,Backend Developer,5,2026
P0976,S0976,Microsoft,Data Analyst,25,2024
P0977,S0977,Infosys,Data Engineer,15,2024
P0978,S0978,TCS,ML Engineer,40,2026
P0979,S0979,Amazon,Data Engineer,30,2024
P0980,S0980,HCL,ML Engineer,27,2025
P0981,S0981,Microsoft,Data Engineer,23,2025
P0982,S0982,Cisco,Data Analyst,21,2024
P0983,S0983,Infosys,Backend Developer,22,2025
P0984,S0984,Accenture,Data Engineer,8,2026
P0985,S0985,Capgemini,Data Engineer,15,2024
P0986,S0986,Capgemini,ML Engineer,13,2026
P0987,S0987,Cisco,ML Engineer,30,2024
P0988,S0988,Adobe,Backend Developer,18,2025
P0989,S0989,Oracle,Software Engineer,16,2025
P0990,S0990,Cisco,Backend Developer,36,2026
P0991,S0991,HCL,ML Engineer,25,2026
P0992,S0992,Cisco,Cloud Engineer,33,2024
P0993,S0993,Capgemini,ML Engineer,33,2024
P0994,S0994,Google,ML Engineer,10,2024
P0995,S0995,Google,ML Engineer,34,2026
P0996,S0996,Microsoft,ML Engineer,11,2026
P0997,S0997,Google,Data Analyst,30,2026
P0998,S0998,Adobe,Data Analyst,6,2025
P0999,S0999,Intel,Data Engineer,5,2026
P1000,S1000,Intel,Data Engineer,16,2024
