subject_id,subject_name,semester,credits,course_id
SUB0001,Machine Learning,7,3,C002
SUB0002,Computer Networks,3,3,C006
SUB0003,Object Oriented Programming,8,3,C003
SUB0004,Statistics,6,5,C007
SUB0005,Cyber Security,5,4,C008
SUB0006,Database Management System,5,2,C001
SUB0007,Engineering Mathematics,2,2,C004
SUB0008,Operating Systems,1,4,C003
SUB0009,Compiler Design,1,2,C001
SUB0010,Data Analytics,6,2,C004
SUB0011,Object Oriented Programming,2,3,C005
SUB0012,Digital Logic,2,2,C005
SUB0013,Data Mining,4,4,C001
SUB0014,Programming in Python,6,3,C004
SUB0015,Discrete Mathematics,8,3,C004
SUB0016,Microprocessors,2,2,C006
SUB0017,Engineering Mathematics,4,4,C003
SUB0018,Computer Networks,6,2,C004
SUB0019,Data Structures,7,2,C004
SUB0020,Artificial Intelligence,6,5,C008
SUB0021,Operating Systems,4,3,C010
SUB0022,Cyber Security,6,5,C009
SUB0023,Operating Systems,3,5,C006
SUB0024,Engineering Mathematics,4,2,C003
SUB0025,Software Engineering,4,4,C006
SUB0026,Object Oriented Programming,4,2,C007
SUB0027,Discrete Mathematics,5,2,C003
SUB0028,Programming in Java,7,4,C010
SUB0029,Microprocessors,5,2,C005
SUB0030,Software Engineering,4,3,C002
SUB0031,Microprocessors,3,5,C002
SUB0032,Programming in Python,1,5,C005
SUB0033,Data Structures,6,5,C003
SUB0034,Deep Learning,6,5,C009
SUB0035,Engineering Mathematics,4,2,C005
SUB0036,Data Analytics,5,3,C005
SUB0037,Software Engineering,7,5,C001
SUB0038,Database Management System,6,4,C008
SUB0039,Object Oriented Programming,6,4,C002
SUB0040,Cloud Computing,7,2,C003
SUB0041,Digital Logic,2,3,C004
SUB0042,Operating Systems,2,5,C005
SUB0043,Object Oriented Programming,5,3,C009
SUB0044,Microprocessors,6,2,C008
SUB0045,Deep Learning,3,3,C009
SUB0046,Discrete Mathematics,6,3,C007
SUB0047,Deep Learning,7,2,C004
SUB0048,Software Engineering,7,4,C007
SUB0049,Programming in Java,4,3,C007
SUB0050,Programming in C,4,2,C001
SUB0051,Programming in Python,4,5,C001
SUB0052,Compiler Design,3,2,C005
SUB0053,Software Engineering,1,3,C004
SUB0054,Programming in Python,1,5,C009
SUB0055,Software Engineering,7,4,C004
SUB0056,Microprocessors,5,3,C009
SUB0057,Algorithms,3,3,C001
SUB0058,Data Mining,2,2,C002
SUB0059,Digital Logic,5,2,C009
SUB0060,Programming in C,8,2,C009
SUB0061,Big Data,4,2,C002
SUB0062,Deep Learning,6,3,C005
SUB0063,Computer Graphics,2,2,C007
SUB0064,Database Management System,2,3,C007
SUB0065,Data Structures,4,5,C002
SUB0066,Programming in C,7,4,C009
SUB0067,Software Engineering,5,3,C005
SUB0068,Algorithms,6,4,C007
SUB0069,Computer Networks,7,2,C005
SUB0070,Computer Graphics,4,5,C010
SUB0071,Data Analytics,1,5,C001
SUB0072,Operating Systems,2,5,C008
SUB0073,Software Engineering,4,3,C004
SUB0074,Computer Networks,2,5,C002
SUB0075,Software Engineering,7,3,C008
SUB0076,Deep Learning,5,5,C009
SUB0077,Discrete Mathematics,1,3,C010
SUB0078,Engineering Mathematics,8,5,C001
SUB0079,Database Management System,5,3,C005
SUB0080,Cyber Security,6,4,C003
SUB0081,Database Management System,3,3,C002
SUB0082,Cyber Security,4,5,C006
SUB0083,Programming in C,4,5,C009
SUB0084,Big Data,5,3,C006
SUB0085,Data Mining,4,4,C007
SUB0086,Machine Learning,6,4,C005
SUB0087,Engineering Mathematics,8,2,C009
SUB0088,Compiler Design,6,2,C007
SUB0089,Object Oriented Programming,2,3,C007
SUB0090,Digital Logic,8,3,C001
SUB0091,Discrete Mathematics,2,3,C002
SUB0092,Discrete Mathematics,3,5,C007
SUB0093,Data Structures,4,2,C010
SUB0094,Operating Systems,3,2,C006
SUB0095,Machine Learning,8,2,C008
SUB0096,Statistics,4,3,C009
SUB0097,Cyber Security,4,5,C009
SUB0098,Software Engineering,4,5,C002
SUB0099,Software Engineering,7,2,C010
SUB0100,Object Oriented Programming,1,3,C006
SUB0101,Computer Networks,6,3,C008
SUB0102,Computer Graphics,2,3,C002
SUB0103,Programming in C,1,5,C007
SUB0104,Data Analytics,4,4,C004
SUB0105,Software Engineering,8,3,C001
SUB0106,Data Structures,8,5,C007
SUB0107,Programming in C,2,2,C004
SUB0108,Programming in Python,2,3,C003
SUB0109,Machine Learning,5,3,C006
SUB0110,Engineering Mathematics,2,3,C002
SUB0111,Statistics,8,3,C006
SUB0112,Programming in C,3,4,C009
SUB0113,Deep Learning,3,5,C001
SUB0114,Compiler Design,5,4,C002
SUB0115,Digital Logic,7,3,C005
SUB0116,Cloud Computing,2,5,C002
SUB0117,Programming in Python,7,5,C002
SUB0118,Database Management System,6,5,C003
SUB0119,Compiler Design,5,5,C010
SUB0120,Deep Learning,7,2,C001
SUB0121,Data Structures,5,4,C005
SUB0122,Statistics,5,3,C001
SUB0123,Discrete Mathematics,4,3,C008
SUB0124,Data Structures,7,2,C004
SUB0125,Software Engineering,7,3,C001
SUB0126,Algorithms,2,3,C001
SUB0127,Operating Systems,8,3,C002
SUB0128,Statistics,3,5,C008
SUB0129,Digital Logic,8,4,C005
SUB0130,Software Engineering,5,4,C005
SUB0131,Computer Networks,2,5,C005
SUB0132,Digital Logic,3,4,C005
SUB0133,Data Analytics,1,4,C010
SUB0134,Statistics,3,4,C001
SUB0135,Data Analytics,6,4,C003
SUB0136,Programming in Java,7,4,C008
SUB0137,Discrete Mathematics,2,3,C006
SUB0138,Computer Graphics,6,2,C004
SUB0139,Cloud Computing,2,3,C008
SUB0140,Big Data,4,2,C001
SUB0141,Operating Systems,3,4,C002
SUB0142,Programming in C,7,3,C009
SUB0143,Digital Logic,7,5,C005
SUB0144,Cyber Security,3,3,C004
SUB0145,Machine Learning,4,2,C002
SUB0146,Engineering Mathematics,8,5,C001
SUB0147,Artificial Intelligence,1,4,C009
SUB0148,Software Engineering,8,4,C005
SUB0149,Cloud Computing,1,5,C007
SUB0150,Software Engineering,6,3,C006
SUB0151,Discrete Mathematics,4,5,C009
SUB0152,Microprocessors,4,3,C008
SUB0153,Machine Learning,1,3,C008
SUB0154,Operating Systems,3,3,C006
SUB0155,Engineering Mathematics,2,2,C004
SUB0156,Statistics,1,2,C001
SUB0157,Database Management System,1,3,C005
SUB0158,Discrete Mathematics,1,2,C010
SUB0159,Computer Graphics,6,3,C006
SUB0160,Computer Graphics,4,2,C004
SUB0161,Big Data,7,3,C008
SUB0162,Object Oriented Programming,2,2,C004
SUB0163,Programming in C,6,2,C009
SUB0164,Data Structures,1,2,C006
SUB0165,Software Engineering,4,2,C008
SUB0166,Computer Graphics,1,4,C003
SUB0167,Big Data,3,3,C010
SUB0168,Compiler Design,2,3,C004
SUB0169,Deep Learning,8,3,C001
SUB0170,Artificial Intelligence,3,4,C005
SUB0171,Computer Graphics,2,2,C001
SUB0172,Programming in Java,5,4,C006
SUB0173,Cyber Security,8,5,C007
SUB0174,Software Engineering,8,2,C003
SUB0175,Programming in Java,1,5,C003
SUB0176,Programming in Java,3,4,C006
SUB0177,Data Mining,3,3,C006
SUB0178,Compiler Design,7,3,C004
SUB0179,Computer Graphics,7,5,C010
SUB0180,Computer Networks,3,5,C010
SUB0181,Database Management System,7,4,C009
SUB0182,Object Oriented Programming,8,3,C008
SUB0183,Computer Graphics,2,3,C001
SUB0184,Artificial Intelligence,6,4,C002
SUB0185,Compiler Design,5,4,C010
SUB0186,Artificial Intelligence,2,5,C005
SUB0187,Data Mining,5,2,C008
SUB0188,Data Analytics,5,5,C006
SUB0189,Programming in Java,7,5,C001
SUB0190,Statistics,8,2,C007
SUB0191,Microprocessors,8,5,C008
SUB0192,Software Engineering,8,5,C010
SUB0193,Artificial Intelligence,8,3,C005
SUB0194,Deep Learning,7,5,C005
SUB0195,Statistics,6,4,C006
SUB0196,Discrete Mathematics,3,5,C006
SUB0197,Programming in C,5,2,C008
SUB0198,Programming in Java,6,4,C004
SUB0199,Programming in Java,5,3,C009
SUB0200,Cyber Security,2,3,C006
SUB0201,Algorithms,6,4,C008
SUB0202,Statistics,4,2,C005
SUB0203,Statistics,7,3,C007
SUB0204,Cloud Computing,8,2,C002
SUB0205,Software Engineering,1,4,C005
SUB0206,Computer Networks,8,5,C010
SUB0207,Object Oriented Programming,5,2,C004
SUB0208,Digital Logic,1,2,C007
SUB0209,Data Mining,7,2,C007
SUB0210,Machine Learning,5,2,C009
SUB0211,Engineering Mathematics,4,2,C007
SUB0212,Machine Learning,1,5,C009
SUB0213,Artificial Intelligence,1,5,C003
SUB0214,Programming in Python,7,2,C006
SUB0215,Data Structures,4,2,C004
SUB0216,Object Oriented Programming,6,2,C004
SUB0217,Programming in Java,7,2,C003
SUB0218,Software Engineering,2,5,C002
SUB0219,Data Structures,7,3,C001
SUB0220,Algorithms,2,5,C007
SUB0221,Algorithms,6,2,C008
SUB0222,Digital Logic,6,2,C007
SUB0223,Compiler Design,4,5,C008
SUB0224,Data Structures,8,4,C002
SUB0225,Microprocessors,7,5,C008
SUB0226,Programming in C,1,5,C003
SUB0227,Digital Logic,8,4,C005
SUB0228,Microprocessors,5,4,C010
SUB0229,Digital Logic,3,2,C003
SUB0230,Big Data,3,2,C006
SUB0231,Data Structures,3,2,C001
SUB0232,Algorithms,6,5,C008
SUB0233,Algorithms,4,5,C005
SUB0234,Database Management System,2,4,C006
SUB0235,Artificial Intelligence,4,3,C010
SUB0236,Object Oriented Programming,6,2,C003
SUB0237,Artificial Intelligence,6,2,C001
SUB0238,Compiler Design,2,4,C008
SUB0239,Computer Graphics,3,2,C007
SUB0240,Discrete Mathematics,1,4,C001
SUB0241,Artificial Intelligence,8,2,C007
SUB0242,Operating Systems,2,4,C002
SUB0243,Machine Learning,6,3,C007
SUB0244,Programming in Python,7,5,C010
SUB0245,Data Analytics,4,5,C008
SUB0246,Programming in Java,5,5,C007
SUB0247,Algorithms,2,3,C009
SUB0248,Data Analytics,8,3,C004
SUB0249,Software Engineering,3,4,C008
SUB0250,Data Mining,2,4,C007
SUB0251,Computer Graphics,6,5,C001
SUB0252,Statistics,7,2,C010
SUB0253,Big Data,5,5,C009
SUB0254,Machine Learning,5,5,C006
SUB0255,Programming in Python,3,3,C007
SUB0256,Machine Learning,5,3,C009
SUB0257,Computer Graphics,2,5,C004
SUB0258,Programming in Java,6,4,C009
SUB0259,Engineering Mathematics,3,5,C003
SUB0260,Programming in Java,5,5,C002
SUB0261,Operating Systems,6,3,C004
SUB0262,Database Management System,3,2,C009
SUB0263,Database Management System,6,5,C010
SUB0264,Computer Graphics,8,2,C006
SUB0265,Deep Learning,7,5,C003
SUB0266,Machine Learning,1,3,C006
SUB0267,Data Structures,1,4,C008
SUB0268,Computer Networks,6,5,C010
SUB0269,Data Mining,4,2,C006
SUB0270,Data Analytics,4,2,C005
SUB0271,Cloud Computing,6,5,C006
SUB0272,Object Oriented Programming,6,4,C010
SUB0273,Statistics,5,3,C005
SUB0274,Microprocessors,4,3,C009
SUB0275,Engineering Mathematics,7,4,C006
SUB0276,Discrete Mathematics,5,4,C010
SUB0277,Algorithms,8,4,C002
SUB0278,Algorithms,6,4,C007
SUB0279,Artificial Intelligence,8,4,C009
SUB0280,Programming in Python,1,4,C002
SUB0281,Engineering Mathematics,7,4,C004
SUB0282,Programming in Java,5,3,C001
SUB0283,Data Mining,1,4,C006
SUB0284,Data Analytics,7,2,C006
SUB0285,Discrete Mathematics,1,3,C010
SUB0286,Programming in Java,3,5,C010
SUB0287,Programming in Java,8,5,C006
SUB0288,Database Management System,3,4,C006
SUB0289,Data Structures,8,4,C003
SUB0290,Programming in Python,6,3,C010
SUB0291,Data Analytics,5,5,C005
SUB0292,Programming in Java,2,4,C008
SUB0293,Statistics,4,3,C007
SUB0294,Software Engineering,3,4,C001
SUB0295,Artificial Intelligence,7,3,C007
SUB0296,Artificial Intelligence,1,3,C007
SUB0297,Machine Learning,4,3,C007
SUB0298,Data Analytics,6,5,C006
SUB0299,Big Data,5,4,C004
SUB0300,Computer Networks,6,4,C001
SUB0301,Machine Learning,2,4,C002
SUB0302,Machine Learning,5,4,C007
SUB0303,Microprocessors,5,3,C007
SUB0304,Machine Learning,4,3,C001
SUB0305,Data Structures,5,3,C001
SUB0306,Big Data,6,4,C004
SUB0307,Machine Learning,2,5,C006
SUB0308,Operating Systems,7,4,C010
SUB0309,Deep Learning,2,3,C010
SUB0310,Programming in Python,2,5,C001
SUB0311,Engineering Mathematics,7,3,C007
SUB0312,Operating Systems,7,2,C003
SUB0313,Object Oriented Programming,7,2,C004
SUB0314,Programming in C,2,3,C008
SUB0315,Programming in C,8,5,C006
SUB0316,Computer Networks,3,3,C003
SUB0317,Engineering Mathematics,3,5,C006
SUB0318,Cyber Security,8,3,C004
SUB0319,Database Management System,3,3,C003
SUB0320,Machine Learning,2,5,C001
SUB0321,Object Oriented Programming,4,2,C001
SUB0322,Data Analytics,4,5,C010
SUB0323,Discrete Mathematics,5,4,C005
SUB0324,Computer Networks,4,3,C004
SUB0325,Deep Learning,4,5,C003
SUB0326,Engineering Mathematics,7,2,C010
SUB0327,Artificial Intelligence,5,2,C006
SUB0328,Data Mining,8,5,C008
SUB0329,Digital Logic,3,4,C002
SUB0330,Machine Learning,7,2,C009
SUB0331,Computer Graphics,6,3,C009
SUB0332,Algorithms,5,4,C006
SUB0333,Cloud Computing,4,5,C003
SUB0334,Microprocessors,4,5,C009
SUB0335,Programming in Python,4,2,C009
SUB0336,Software Engineering,3,4,C002
SUB0337,Programming in Java,2,4,C002
SUB0338,Database Management System,3,5,C004
SUB0339,Data Structures,1,3,C002
SUB0340,Big Data,4,2,C008
SUB0341,Operating Systems,4,4,C008
SUB0342,Operating Systems,2,2,C006
SUB0343,Big Data,3,5,C008
SUB0344,Computer Networks,5,5,C007
SUB0345,Cloud Computing,4,3,C001
SUB0346,Microprocessors,3,3,C006
SUB0347,Data Structures,8,5,C003
SUB0348,Artificial Intelligence,4,3,C002
SUB0349,Deep Learning,7,3,C003
SUB0350,Computer Networks,3,5,C010
SUB0351,Big Data,7,3,C005
SUB0352,Computer Networks,5,2,C003
SUB0353,Artificial Intelligence,6,3,C004
SUB0354,Computer Networks,2,3,C008
SUB0355,Object Oriented Programming,7,5,C003
SUB0356,Data Mining,8,3,C005
SUB0357,Deep Learning,1,5,C003
SUB0358,Operating Systems,2,5,C006
SUB0359,Data Structures,2,5,C005
SUB0360,Big Data,6,4,C008
SUB0361,Computer Graphics,8,3,C002
SUB0362,Data Mining,7,4,C007
SUB0363,Digital Logic,4,4,C001
SUB0364,Compiler Design,5,4,C009
SUB0365,Computer Networks,2,4,C005
SUB0366,Big Data,2,2,C005
SUB0367,Digital Logic,6,4,C008
SUB0368,Programming in C,2,3,C001
SUB0369,Database Management System,1,4,C002
SUB0370,Engineering Mathematics,8,5,C005
SUB0371,Algorithms,8,4,C005
SUB0372,Discrete Mathematics,4,3,C001
SUB0373,Compiler Design,2,5,C006
SUB0374,Cloud Computing,6,2,C007
SUB0375,Operating Systems,4,5,C001
SUB0376,Discrete Mathematics,1,5,C009
SUB0377,Compiler Design,1,5,C006
SUB0378,Discrete Mathematics,3,5,C001
SUB0379,Software Engineering,7,2,C009
SUB0380,Database Management System,3,2,C005
SUB0381,Database Management System,5,4,C005
SUB0382,Engineering Mathematics,3,4,C001
SUB0383,Algorithms,2,5,C010
SUB0384,Microprocessors,8,5,C008
SUB0385,Microprocessors,3,5,C006
SUB0386,Algorithms,8,4,C007
SUB0387,Compiler Design,2,2,C009
SUB0388,Data Analytics,4,5,C004
SUB0389,Deep Learning,3,5,C003
SUB0390,Object Oriented Programming,7,4,C006
SUB0391,Big Data,8,4,C008
SUB0392,Object Oriented Programming,2,5,C005
SUB0393,Cyber Security,3,3,C005
SUB0394,Software Engineering,4,5,C004
SUB0395,Compiler Design,7,5,C003
SUB0396,Algorithms,4,3,C002
SUB0397,Cloud Computing,3,3,C007
SUB0398,Computer Networks,4,5,C003
SUB0399,Compiler Design,7,3,C006
SUB0400,Statistics,2,5,C005
SUB0401,Computer Graphics,8,4,C001
SUB0402,Algorithms,8,4,C003
SUB0403,Artificial Intelligence,3,4,C006
SUB0404,Data Structures,6,5,C006
SUB0405,Compiler Design,8,4,C010
SUB0406,Operating Systems,1,5,C004
SUB0407,Cloud Computing,4,3,C009
SUB0408,Programming in Java,6,4,C008
SUB0409,Cyber Security,8,4,C010
SUB0410,Data Structures,4,3,C010
SUB0411,Deep Learning,4,4,C003
SUB0412,Deep Learning,2,3,C002
SUB0413,Operating Systems,8,5,C001
SUB0414,Object Oriented Programming,6,5,C010
SUB0415,Microprocessors,6,2,C010
SUB0416,Engineering Mathematics,4,2,C008
SUB0417,Operating Systems,8,5,C002
SUB0418,Algorithms,8,2,C003
SUB0419,Compiler Design,2,5,C003
SUB0420,Machine Learning,5,3,C002
SUB0421,Digital Logic,7,2,C005
SUB0422,Artificial Intelligence,5,2,C009
SUB0423,Software Engineering,7,2,C007
SUB0424,Computer Networks,2,5,C010
SUB0425,Engineering Mathematics,6,4,C003
SUB0426,Software Engineering,4,4,C009
SUB0427,Programming in Python,5,4,C010
SUB0428,Cloud Computing,6,3,C005
SUB0429,Database Management System,6,4,C003
SUB0430,Programming in Java,1,3,C001
SUB0431,Object Oriented Programming,4,5,C006
SUB0432,Cyber Security,8,2,C002
SUB0433,Digital Logic,1,3,C001
SUB0434,Statistics,8,2,C009
SUB0435,Digital Logic,4,3,C010
SUB0436,Operating Systems,8,2,C008
SUB0437,Statistics,8,3,C001
SUB0438,Artificial Intelligence,7,5,C007
SUB0439,Discrete Mathematics,4,3,C006
SUB0440,Digital Logic,6,4,C003
SUB0441,Compiler Design,8,2,C003
SUB0442,Data Structures,7,4,C001
SUB0443,Statistics,5,5,C008
SUB0444,Data Mining,4,3,C007
SUB0445,Digital Logic,5,4,C008
SUB0446,Statistics,1,2,C002
SUB0447,Programming in Python,6,5,C008
SUB0448,Programming in Java,2,3,C007
SUB0449,Computer Networks,8,2,C002
SUB0450,Programming in Java,2,2,C004
SUB0451,Cyber Security,2,5,C007
SUB0452,Algorithms,2,5,C009
SUB0453,Artificial Intelligence,7,4,C004
SUB0454,Cloud Computing,4,4,C009
SUB0455,Artificial Intelligence,2,4,C009
SUB0456,Discrete Mathematics,3,3,C002
SUB0457,Data Analytics,3,4,C003
SUB0458,Big Data,3,3,C010
SUB0459,Computer Networks,2,3,C005
SUB0460,Cyber Security,1,5,C007
SUB0461,Algorithms,5,5,C010
SUB0462,Operating Systems,8,2,C007
SUB0463,Programming in C,4,4,C009
SUB0464,Data Mining,3,5,C001
SUB0465,Computer Networks,3,5,C004
SUB0466,Programming in C,3,4,C003
SUB0467,Cloud Computing,4,2,C010
SUB0468,Deep Learning,5,4,C007
SUB0469,Software Engineering,3,2,C006
SUB0470,Discrete Mathematics,1,5,C004
SUB0471,Artificial Intelligence,2,5,C006
SUB0472,Data Mining,1,5,C009
SUB0473,Cyber Security,1,4,C001
SUB0474,Data Analytics,1,2,C003
SUB0475,Data Mining,4,5,C006
SUB0476,Cloud Computing,1,3,C004
SUB0477,Big Data,5,5,C007
SUB0478,Statistics,5,3,C007
SUB0479,Cyber Security,8,4,C003
SUB0480,Machine Learning,3,4,C007
SUB0481,Computer Networks,8,2,C007
SUB0482,Computer Networks,2,4,C001
SUB0483,Big Data,1,3,C001
SUB0484,Discrete Mathematics,5,2,C003
SUB0485,Deep Learning,5,2,C007
SUB0486,Data Structures,8,3,C005
SUB0487,Cloud Computing,1,5,C004
SUB0488,Programming in C,5,5,C008
SUB0489,Computer Networks,1,5,C001
SUB0490,Computer Graphics,7,2,C004
SUB0491,Data Analytics,7,5,C007
SUB0492,Data Analytics,7,5,C003
SUB0493,Cyber Security,1,5,C001
SUB0494,Engineering Mathematics,2,3,C004
SUB0495,Statistics,7,4,C007
SUB0496,Compiler Design,2,2,C009
SUB0497,Cyber Security,3,5,C001
SUB0498,Data Structures,4,4,C004
SUB0499,Algorithms,5,4,C008
SUB0500,Data Mining,3,2,C002
SUB0501,Database Management System,5,3,C008
SUB0502,Deep Learning,1,3,C001
SUB0503,Database Management System,2,3,C006
SUB0504,Big Data,4,5,C007
SUB0505,Object Oriented Programming,5,3,C001
SUB0506,Operating Systems,2,2,C010
SUB0507,Data Analytics,3,4,C002
SUB0508,Data Structures,3,4,C004
SUB0509,Digital Logic,3,2,C003
SUB0510,Digital Logic,8,3,C001
SUB0511,Data Structures,1,3,C003
SUB0512,Programming in Python,4,3,C002
SUB0513,Cyber Security,1,2,C001
SUB0514,Programming in Python,2,5,C004
SUB0515,Compiler Design,3,2,C004
SUB0516,Programming in C,2,3,C009
SUB0517,Algorithms,3,3,C005
SUB0518,Database Management System,6,5,C001
SUB0519,Operating Systems,3,4,C002
SUB0520,Cloud Computing,5,2,C001
SUB0521,Algorithms,5,2,C002
SUB0522,Operating Systems,8,5,C010
SUB0523,Software Engineering,5,2,C007
SUB0524,Artificial Intelligence,7,4,C001
SUB0525,Software Engineering,4,2,C010
SUB0526,Programming in Java,2,5,C003
SUB0527,Digital Logic,5,3,C005
SUB0528,Data Mining,6,2,C007
SUB0529,Software Engineering,7,2,C006
SUB0530,Deep Learning,8,5,C001
SUB0531,Big Data,5,4,C001
SUB0532,Programming in C,6,3,C005
SUB0533,Compiler Design,3,3,C008
SUB0534,Statistics,6,5,C007
SUB0535,Cloud Computing,5,2,C003
SUB0536,Programming in C,6,5,C004
SUB0537,Database Management System,7,4,C005
SUB0538,Data Mining,3,4,C003
SUB0539,Data Analytics,7,4,C008
SUB0540,Compiler Design,7,3,C004
SUB0541,Artificial Intelligence,2,2,C006
SUB0542,Object Oriented Programming,4,3,C009
SUB0543,Data Structures,4,4,C001
SUB0544,Cyber Security,1,3,C007
SUB0545,Data Mining,8,5,C008
SUB0546,Statistics,1,4,C009
SUB0547,Microprocessors,3,2,C009
SUB0548,Data Structures,3,5,C007
SUB0549,Deep Learning,6,5,C002
SUB0550,Deep Learning,5,4,C007
SUB0551,Computer Networks,5,5,C009
SUB0552,Compiler Design,4,2,C008
SUB0553,Engineering Mathematics,8,4,C010
SUB0554,Data Analytics,3,3,C003
SUB0555,Artificial Intelligence,6,4,C009
SUB0556,Machine Learning,4,4,C003
SUB0557,Discrete Mathematics,2,4,C009
SUB0558,Machine Learning,1,5,C010
SUB0559,Microprocessors,7,5,C001
SUB0560,Discrete Mathematics,3,2,C006
SUB0561,Programming in Python,1,2,C003
SUB0562,Cyber Security,1,4,C008
SUB0563,Data Mining,3,3,C006
SUB0564,Database Management System,7,3,C005
SUB0565,Programming in Python,5,4,C008
SUB0566,Data Mining,1,3,C006
SUB0567,Programming in C,1,3,C009
SUB0568,Software Engineering,3,5,C001
SUB0569,Cloud Computing,8,5,C003
SUB0570,Object Oriented Programming,3,4,C001
SUB0571,Big Data,6,5,C009
SUB0572,Big Data,1,3,C008
SUB0573,Data Analytics,6,3,C002
SUB0574,Big Data,7,3,C002
SUB0575,Programming in C,5,3,C002
SUB0576,Statistics,2,3,C006
SUB0577,Data Mining,5,2,C003
SUB0578,Artificial Intelligence,2,5,C007
SUB0579,Engineering Mathematics,4,4,C006
SUB0580,Cyber Security,8,3,C004
SUB0581,Computer Graphics,1,5,C001
SUB0582,Computer Graphics,4,3,C006
SUB0583,Cyber Security,8,2,C004
SUB0584,Software Engineering,7,3,C002
SUB0585,Data Analytics,8,3,C008
SUB0586,Statistics,6,2,C004
SUB0587,Digital Logic,3,4,C002
SUB0588,Computer Networks,4,5,C001
SUB0589,Cyber Security,6,4,C006
SUB0590,Data Analytics,2,4,C002
SUB0591,Algorithms,1,2,C009
SUB0592,Compiler Design,4,3,C009
SUB0593,Object Oriented Programming,8,4,C008
SUB0594,Deep Learning,8,5,C006
SUB0595,Programming in Python,1,2,C007
SUB0596,Compiler Design,5,5,C006
SUB0597,Big Data,5,2,C002
SUB0598,Computer Graphics,3,4,C003
SUB0599,Data Mining,3,4,C007
SUB0600,Data Mining,3,5,C002
SUB0601,Programming in Java,5,3,C007
SUB0602,Data Mining,8,2,C006
SUB0603,Computer Networks,5,4,C004
SUB0604,Computer Graphics,1,2,C005
SUB0605,Engineering Mathematics,8,5,C003
SUB0606,Computer Networks,1,2,C005
SUB0607,Operating Systems,5,3,C007
SUB0608,Compiler Design,5,4,C006
SUB0609,Artificial Intelligence,4,3,C009
SUB0610,Computer Networks,8,3,C003
SUB0611,Statistics,6,3,C009
SUB0612,Artificial Intelligence,8,3,C007
SUB0613,Artificial Intelligence,1,2,C009
SUB0614,Computer Graphics,3,5,C005
SUB0615,Programming in Python,7,4,C010
SUB0616,Data Structures,1,3,C006
SUB0617,Object Oriented Programming,4,4,C010
SUB0618,Engineering Mathematics,7,4,C007
SUB0619,Cyber Security,8,3,C002
SUB0620,Compiler Design,2,3,C002
SUB0621,Cloud Computing,4,5,C001
SUB0622,Engineering Mathematics,4,5,C005
SUB0623,Big Data,6,4,C010
SUB0624,Statistics,3,4,C005
SUB0625,Database Management System,5,4,C007
SUB0626,Compiler Design,7,2,C002
SUB0627,Computer Networks,6,5,C005
SUB0628,Compiler Design,5,2,C003
SUB0629,Computer Networks,3,5,C004
SUB0630,Database Management System,7,4,C007
SUB0631,Data Analytics,3,4,C010
SUB0632,Programming in Python,1,4,C008
SUB0633,Data Structures,5,4,C001
SUB0634,Software Engineering,7,4,C002
SUB0635,Programming in Python,5,2,C005
SUB0636,Engineering Mathematics,8,2,C005
SUB0637,Programming in Python,2,2,C001
SUB0638,Microprocessors,3,5,C009
SUB0639,Cloud Computing,2,5,C002
SUB0640,Cyber Security,2,2,C001
SUB0641,Digital Logic,4,4,C006
SUB0642,Cyber Security,6,3,C001
SUB0643,Object Oriented Programming,6,3,C006
SUB0644,Data Structures,4,2,C010
SUB0645,Digital Logic,4,3,C010
SUB0646,Engineering Mathematics,3,2,C006
SUB0647,Statistics,5,5,C002
SUB0648,Cyber Security,6,2,C007
SUB0649,Data Structures,1,5,C010
SUB0650,Cloud Computing,1,3,C009
SUB0651,Engineering Mathematics,2,2,C005
SUB0652,Artificial Intelligence,3,2,C006
SUB0653,Computer Networks,3,2,C005
SUB0654,Programming in C,8,5,C004
SUB0655,Programming in Java,5,5,C001
SUB0656,Algorithms,3,5,C009
SUB0657,Programming in C,5,2,C002
SUB0658,Programming in C,7,5,C010
SUB0659,Computer Networks,1,5,C001
SUB0660,Discrete Mathematics,5,2,C001
SUB0661,Operating Systems,6,2,C010
SUB0662,Computer Graphics,8,4,C001
SUB0663,Object Oriented Programming,3,4,C001
SUB0664,Big Data,1,4,C008
SUB0665,Microprocessors,6,2,C001
SUB0666,Artificial Intelligence,7,2,C002
SUB0667,Compiler Design,5,5,C001
SUB0668,Database Management System,2,3,C001
SUB0669,Data Analytics,8,4,C008
SUB0670,Object Oriented Programming,7,5,C002
SUB0671,Computer Graphics,4,3,C002
SUB0672,Deep Learning,4,2,C010
SUB0673,Object Oriented Programming,7,2,C005
SUB0674,Software Engineering,3,4,C005
SUB0675,Compiler Design,6,5,C010
SUB0676,Software Engineering,7,2,C003
SUB0677,Discrete Mathematics,8,4,C006
SUB0678,Computer Graphics,3,2,C009
SUB0679,Deep Learning,4,3,C005
SUB0680,Microprocessors,7,3,C005
SUB0681,Cloud Computing,6,2,C007
SUB0682,Microprocessors,8,2,C009
SUB0683,Programming in C,3,4,C001
SUB0684,Machine Learning,8,3,C009
SUB0685,Microprocessors,5,2,C009
SUB0686,Cloud Computing,5,2,C002
SUB0687,Operating Systems,3,2,C008
SUB0688,Operating Systems,6,3,C010
SUB0689,Discrete Mathematics,7,4,C002
SUB0690,Object Oriented Programming,5,3,C006
SUB0691,Deep Learning,2,2,C009
SUB0692,Compiler Design,3,3,C002
SUB0693,Object Oriented Programming,8,5,C010
SUB0694,Programming in C,8,5,C001
SUB0695,Digital Logic,6,3,C010
SUB0696,Programming in C,5,4,C009
SUB0697,Microprocessors,4,3,C007
SUB0698,Deep Learning,2,5,C009
SUB0699,Engineering Mathematics,6,4,C008
SUB0700,Statistics,6,5,C008
SUB0701,Algorithms,1,5,C009
SUB0702,Programming in C,8,5,C008
SUB0703,Cloud Computing,2,2,C002
SUB0704,Database Management System,2,2,C010
SUB0705,Microprocessors,4,3,C004
SUB0706,Algorithms,1,5,C005
SUB0707,Cloud Computing,8,2,C004
SUB0708,Software Engineering,8,2,C007
SUB0709,Statistics,5,4,C008
SUB0710,Data Analytics,3,2,C008
SUB0711,Artificial Intelligence,5,2,C009
SUB0712,Engineering Mathematics,2,4,C001
SUB0713,Microprocessors,3,4,C005
SUB0714,Microprocessors,8,3,C010
SUB0715,Artificial Intelligence,4,2,C001
SUB0716,Big Data,8,2,C004
SUB0717,Microprocessors,5,4,C001
SUB0718,Programming in C,1,2,C006
SUB0719,Programming in Python,8,2,C010
SUB0720,Data Structures,1,2,C002
SUB0721,Algorithms,2,5,C009
SUB0722,Programming in C,5,3,C010
SUB0723,Computer Networks,7,3,C003
SUB0724,Compiler Design,4,5,C003
SUB0725,Digital Logic,5,5,C001
SUB0726,Cyber Security,4,5,C008
SUB0727,Database Management System,2,5,C005
SUB0728,Computer Graphics,5,4,C002
SUB0729,Computer Graphics,3,5,C002
SUB0730,Programming in C,7,2,C001
SUB0731,Cyber Security,1,4,C006
SUB0732,Operating Systems,5,4,C007
SUB0733,Algorithms,5,5,C004
SUB0734,Programming in C,7,3,C009
SUB0735,Data Mining,2,4,C007
SUB0736,Operating Systems,7,3,C009
SUB0737,Machine Learning,2,2,C007
SUB0738,Data Mining,1,2,C004
SUB0739,Database Management System,8,5,C004
SUB0740,Digital Logic,6,2,C010
SUB0741,Computer Graphics,8,2,C004
SUB0742,Programming in C,7,3,C008
SUB0743,Programming in Java,8,2,C010
SUB0744,Data Structures,5,5,C006
SUB0745,Statistics,8,5,C003
SUB0746,Cyber Security,6,3,C006
SUB0747,Computer Networks,6,3,C007
SUB0748,Data Structures,7,5,C003
SUB0749,Digital Logic,5,4,C006
SUB0750,Programming in Java,3,4,C002
SUB0751,Data Mining,4,3,C003
SUB0752,Computer Graphics,1,3,C006
SUB0753,Compiler Design,1,4,C002
SUB0754,Statistics,2,3,C002
SUB0755,Data Structures,4,4,C001
SUB0756,Discrete Mathematics,3,5,C004
SUB0757,Big Data,1,5,C006
SUB0758,Software Engineering,6,3,C001
SUB0759,Compiler Design,8,4,C009
SUB0760,Software Engineering,7,2,C002
SUB0761,Cloud Computing,4,3,C002
SUB0762,Programming in C,1,2,C007
SUB0763,Engineering Mathematics,5,5,C001
SUB0764,Data Mining,3,3,C010
SUB0765,Digital Logic,4,5,C007
SUB0766,Software Engineering,7,4,C001
SUB0767,Algorithms,4,5,C009
SUB0768,Database Management System,7,2,C007
SUB0769,Cloud Computing,8,2,C007
SUB0770,Object Oriented Programming,8,3,C004
SUB0771,Cloud Computing,3,5,C008
SUB0772,Machine Learning,1,3,C002
SUB0773,Data Mining,4,3,C009
SUB0774,Data Structures,1,3,C002
SUB0775,Programming in Java,3,3,C009
SUB0776,Object Oriented Programming,7,5,C003
SUB0777,Digital Logic,5,2,C001
SUB0778,Software Engineering,7,2,C004
SUB0779,Operating Systems,3,4,C002
SUB0780,Compiler Design,1,3,C002
SUB0781,Digital Logic,3,4,C010
SUB0782,Statistics,4,4,C005
SUB0783,Compiler Design,3,5,C005
SUB0784,Digital Logic,3,2,C007
SUB0785,Object Oriented Programming,5,2,C005
SUB0786,Discrete Mathematics,5,2,C006
SUB0787,Object Oriented Programming,2,5,C006
SUB0788,Cyber Security,1,3,C009
SUB0789,Microprocessors,7,3,C001
SUB0790,Computer Graphics,5,4,C010
SUB0791,Data Structures,4,3,C010
SUB0792,Cyber Security,1,5,C008
SUB0793,Microprocessors,6,2,C009
SUB0794,Discrete Mathematics,7,4,C008
SUB0795,Operating Systems,3,4,C010
SUB0796,Discrete Mathematics,3,2,C008
SUB0797,Microprocessors,7,5,C002
SUB0798,Digital Logic,6,5,C009
SUB0799,Software Engineering,4,3,C003
SUB0800,Programming in Java,2,4,C010
SUB0801,Computer Networks,6,5,C010
SUB0802,Engineering Mathematics,8,5,C010
SUB0803,Operating Systems,5,2,C010
SUB0804,Computer Graphics,6,2,C002
SUB0805,Programming in Python,4,3,C010
SUB0806,Data Analytics,8,5,C002
SUB0807,Computer Networks,4,4,C002
SUB0808,Object Oriented Programming,7,5,C001
SUB0809,Computer Networks,4,5,C007
SUB0810,Big Data,5,5,C002
SUB0811,Machine Learning,4,3,C006
SUB0812,Programming in C,4,4,C003
SUB0813,Machine Learning,4,3,C005
SUB0814,Operating Systems,7,3,C003
SUB0815,Operating Systems,4,2,C004
SUB0816,Engineering Mathematics,3,4,C007
SUB0817,Data Analytics,5,5,C003
SUB0818,Cloud Computing,1,4,C007
SUB0819,Compiler Design,7,4,C003
SUB0820,Microprocessors,5,5,C009
SUB0821,Algorithms,8,3,C007
SUB0822,Cloud Computing,6,5,C005
SUB0823,Engineering Mathematics,8,2,C007
SUB0824,Database Management System,4,3,C003
SUB0825,Database Management System,5,5,C004
SUB0826,Machine Learning,7,5,C009
SUB0827,Algorithms,7,2,C009
SUB0828,Software Engineering,4,4,C002
SUB0829,Discrete Mathematics,1,3,C002
SUB0830,Data Structures,4,5,C008
SUB0831,Software Engineering,7,5,C005
SUB0832,Machine Learning,5,3,C010
SUB0833,Big Data,1,5,C006
SUB0834,Operating Systems,5,2,C004
SUB0835,Microprocessors,6,3,C001
SUB0836,Computer Graphics,6,4,C002
SUB0837,Microprocessors,6,4,C004
SUB0838,Compiler Design,1,3,C009
SUB0839,Artificial Intelligence,1,4,C008
SUB0840,Database Management System,5,2,C008
SUB0841,Cloud Computing,5,2,C002
SUB0842,Deep Learning,4,3,C005
SUB0843,Compiler Design,4,3,C004
SUB0844,Digital Logic,2,4,C001
SUB0845,Engineering Mathematics,7,4,C006
SUB0846,Software Engineering,7,4,C006
SUB0847,Compiler Design,8,2,C002
SUB0848,Statistics,5,2,C008
SUB0849,Digital Logic,4,4,C008
SUB0850,Artificial Intelligence,2,2,C005
SUB0851,Statistics,4,4,C010
SUB0852,Engineering Mathematics,6,5,C007
SUB0853,Algorithms,3,3,C006
SUB0854,Software Engineering,6,3,C003
SUB0855,Programming in C,7,4,C005
SUB0856,Data Mining,7,3,C001
SUB0857,Programming in Python,2,4,C004
SUB0858,Computer Graphics,8,5,C008
SUB0859,Programming in C,1,3,C009
SUB0860,Machine Learning,2,4,C003
SUB0861,Discrete Mathematics,4,3,C009
SUB0862,Database Management System,6,3,C004
SUB0863,Data Analytics,7,5,C007
SUB0864,Algorithms,5,3,C008
SUB0865,Microprocessors,7,2,C001
SUB0866,Machine Learning,1,5,C010
SUB0867,Computer Graphics,5,3,C009
SUB0868,Programming in Python,2,5,C003
SUB0869,Discrete Mathematics,8,3,C007
SUB0870,Algorithms,1,3,C005
SUB0871,Discrete Mathematics,6,4,C004
SUB0872,Statistics,7,3,C006
SUB0873,Machine Learning,1,5,C001
SUB0874,Data Analytics,4,2,C005
SUB0875,Big Data,6,3,C006
SUB0876,Data Structures,8,5,C007
SUB0877,Algorithms,2,2,C002
SUB0878,Discrete Mathematics,6,3,C009
SUB0879,Digital Logic,8,5,C009
SUB0880,Engineering Mathematics,1,5,C009
SUB0881,Machine Learning,1,5,C004
SUB0882,Cyber Security,6,5,C009
SUB0883,Big Data,3,5,C010
SUB0884,Artificial Intelligence,4,5,C001
SUB0885,Programming in C,2,3,C006
SUB0886,Software Engineering,6,4,C010
SUB0887,Cloud Computing,2,2,C007
SUB0888,Machine Learning,3,5,C003
SUB0889,Operating Systems,2,2,C008
SUB0890,Big Data,8,2,C002
SUB0891,Digital Logic,8,3,C003
SUB0892,Database Management System,7,2,C004
SUB0893,Operating Systems,3,5,C003
SUB0894,Data Structures,3,2,C004
SUB0895,Big Data,7,3,C007
SUB0896,Data Mining,8,4,C003
SUB0897,Object Oriented Programming,6,4,C001
SUB0898,Algorithms,1,5,C002
SUB0899,Data Analytics,6,4,C007
SUB0900,Data Structures,1,5,C001
SUB0901,Machine Learning,2,3,C001
SUB0902,Algorithms,6,3,C001
SUB0903,Object Oriented Programming,7,4,C009
SUB0904,Cloud Computing,4,4,C002
SUB0905,Engineering Mathematics,2,5,C009
SUB0906,Engineering Mathematics,2,2,C009
SUB0907,Database Management System,4,4,C010
SUB0908,Statistics,2,3,C009
SUB0909,Discrete Mathematics,3,4,C005
SUB0910,Computer Networks,6,2,C004
SUB0911,Digital Logic,3,2,C001
SUB0912,Engineering Mathematics,7,3,C007
SUB0913,Software Engineering,2,3,C008
SUB0914,Microprocessors,1,3,C002
SUB0915,Engineering Mathematics,2,3,C010
SUB0916,Machine Learning,7,4,C006
SUB0917,Deep Learning,5,4,C005
SUB0918,Cloud Computing,3,2,C006
SUB0919,Cyber Security,3,2,C001
SUB0920,Programming in Java,2,5,C008
SUB0921,Discrete Mathematics,5,2,C009
SUB0922,Discrete Mathematics,6,3,C002
SUB0923,Data Structures,7,2,C005
SUB0924,Cyber Security,4,3,C009
SUB0925,Programming in Python,2,2,C004
SUB0926,Programming in Python,5,2,C002
SUB0927,Statistics,5,5,C007
SUB0928,Computer Networks,2,5,C001
SUB0929,Deep Learning,7,4,C009
SUB0930,Statistics,4,5,C005
SUB0931,Machine Learning,5,4,C006
SUB0932,Data Structures,5,4,C007
SUB0933,Statistics,4,2,C004
SUB0934,Deep Learning,1,5,C007
SUB0935,Cyber Security,2,4,C010
SUB0936,Big Data,2,4,C009
SUB0937,Algorithms,4,5,C006
SUB0938,Database Management System,7,5,C002
SUB0939,Data Analytics,6,2,C010
SUB0940,Deep Learning,7,3,C007
SUB0941,Compiler Design,6,4,C003
SUB0942,Cloud Computing,3,4,C010
SUB0943,Engineering Mathematics,2,4,C002
SUB0944,Discrete Mathematics,5,2,C004
SUB0945,Cyber Security,7,4,C003
SUB0946,Statistics,2,3,C010
SUB0947,Discrete Mathematics,5,5,C007
SUB0948,Artificial Intelligence,2,5,C010
SUB0949,Database Management System,2,5,C006
SUB0950,Programming in Python,2,3,C010
SUB0951,Cyber Security,6,5,C006
SUB0952,Programming in Java,2,3,C009
SUB0953,Programming in Java,7,5,C003
SUB0954,Operating Systems,7,3,C002
SUB0955,Artificial Intelligence,4,4,C006
SUB0956,Data Mining,8,5,C003
SUB0957,Cyber Security,4,4,C001
SUB0958,Programming in Python,4,5,C005
SUB0959,Artificial Intelligence,2,4,C009
SUB0960,Database Management System,1,2,C003
SUB0961,Operating Systems,5,5,C001
SUB0962,Machine Learning,6,2,C007
SUB0963,Cyber Security,1,5,C004
SUB0964,Algorithms,7,3,C006
SUB0965,Cloud Computing,8,2,C009
SUB0966,Machine Learning,5,5,C008
SUB0967,Operating Systems,2,5,C003
SUB0968,Artificial Intelligence,6,4,C002
SUB0969,Digital Logic,1,4,C008
SUB0970,Computer Graphics,1,5,C008
SUB0971,Big Data,1,5,C006
SUB0972,Database Management System,8,2,C001
SUB0973,Object Oriented Programming,7,2,C002
SUB0974,Data Mining,6,3,C009
SUB0975,Statistics,6,4,C009
SUB0976,Data Structures,8,2,C008
SUB0977,Software Engineering,7,2,C005
SUB0978,Operating Systems,6,2,C001
SUB0979,Deep Learning,2,4,C009
SUB0980,Programming in Java,1,2,C006
SUB0981,Data Analytics,5,5,C008
SUB0982,Cyber Security,1,3,C009
SUB0983,Computer Networks,3,2,C010
SUB0984,Computer Graphics,6,3,C010
SUB0985,Operating Systems,3,4,C004
SUB0986,Cloud Computing,6,2,C007
SUB0987,Object Oriented Programming,6,5,C009
SUB0988,Cloud Computing,1,2,C002
SUB0989,Algorithms,8,5,C003
SUB0990,Statistics,7,2,C005
SUB0991,Artificial Intelligence,8,5,C006
SUB0992,Machine Learning,1,5,C003
SUB0993,Data Mining,3,5,C004
SUB0994,Data Mining,7,3,C002
SUB0995,Operating Systems,2,5,C005
SUB0996,Programming in Java,6,3,C006
SUB0997,Programming in C,5,3,C009
SUB0998,Artificial Intelligence,3,5,C001
SUB0999,Data Mining,6,4,C007
SUB1000,Cyber Security,2,4,C004
