timetable_id,day,time_slot,subject_id,faculty_id,room
TT0001,Tuesday,10:00-11:00,SUB0719,F0782,A149
TT0002,Friday,12:15-01:15,SUB0243,F0736,B214
TT0003,Wednesday,10:00-11:00,SUB0308,F0836,A136
TT0004,Wednesday,12:15-01:15,SUB0630,F0146,B226
TT0005,Tuesday,10:00-11:00,SUB0209,F0048,B203
TT0006,Tuesday,11:15-12:15,SUB0896,F0199,B225
TT0007,Tuesday,11:15-12:15,SUB0517,F0174,B216
TT0008,Tuesday,10:00-11:00,SUB0927,F0202,B239
TT0009,Friday,10:00-11:00,SUB0464,F0448,A136
TT0010,Tuesday,10:00-11:00,SUB0306,F0140,A140
TT0011,Friday,11:15-12:15,SUB0975,F0575,A148
TT0012,Tuesday,10:00-11:00,SUB0992,F0953,A123
TT0013,Monday,12:15-01:15,SUB0060,F0923,B222
TT0014,Friday,03:00-04:00,SUB0659,F0801,A115
TT0015,Monday,11:15-12:15,SUB0663,F0973,B243
TT0016,Thursday,09:00-10:00,SUB0922,F0391,A113
TT0017,Thursday,09:00-10:00,SUB0647,F0267,B244
TT0018,Tuesday,12:15-01:15,SUB0528,F0220,A104
TT0019,Tuesday,10:00-11:00,SUB0652,F0452,B202
TT0020,Tuesday,02:00-03:00,SUB0762,F0071,B202
TT0021,Thursday,12:15-01:15,SUB0067,F0397,A117
TT0022,Tuesday,11:15-12:15,SUB0679,F0433,A109
TT0023,Tuesday,02:00-03:00,SUB0761,F0724,A111
TT0024,Wednesday,09:00-10:00,SUB0811,F0725,A148
TT0025,Wednesday,11:15-12:15,SUB0935,F0474,A139
TT0026,Wednesday,02:00-03:00,SUB0196,F0219,B244
TT0027,Wednesday,09:00-10:00,SUB0015,F0928,B220
TT0028,Tuesday,09:00-10:00,SUB0749,F0156,B214
TT0029,Wednesday,10:00-11:00,SUB0635,F0648,A130
TT0030,Friday,03:00-04:00,SUB0752,F0242,A134
TT0031,Wednesday,10:00-11:00,SUB0149,F0689,A150
TT0032,Tuesday,03:00-04:00,SUB0325,F0043,A115
TT0033,Monday,11:15-12:15,SUB0461,F0830,B220
TT0034,Friday,10:00-11:00,SUB0142,F0425,A136
TT0035,Friday,03:00-04:00,SUB0034,F0527,B209
TT0036,Friday,02:00-03:00,SUB0095,F0304,B219
TT0037,Thursday,10:00-11:00,SUB0953,F0892,A108
TT0038,Wednesday,11:15-12:15,SUB0522,F0057,A102
TT0039,Tuesday,11:15-12:15,SUB0693,F0479,A135
TT0040,Tuesday,09:00-10:00,SUB0514,F0754,A126
TT0041,Friday,11:15-12:15,SUB0891,F0336,A101
TT0042,Wednesday,10:00-11:00,SUB0368,F0500,A113
TT0043,Tuesday,11:15-12:15,SUB0980,F0454,A131
TT0044,Friday,09:00-10:00,SUB0954,F0073,B212
TT0045,Thursday,10:00-11:00,SUB0979,F0728,A132
TT0046,Tuesday,03:00-04:00,SUB0731,F0260,A129
TT0047,Monday,10:00-11:00,SUB0253,F0004,B227
TT0048,Monday,02:00-03:00,SUB0181,F0513,A145
TT0049,Tuesday,12:15-01:15,SUB0744,F0645,A141
TT0050,Friday,11:15-12:15,SUB0225,F0667,B224
TT0051,Thursday,10:00-11:00,SUB0890,F0614,A143
TT0052,Monday,02:00-03:00,SUB0186,F0472,B204
TT0053,Thursday,10:00-11:00,SUB0035,F0332,A124
TT0054,Thursday,12:15-01:15,SUB0947,F0048,A114
TT0055,Tuesday,11:15-12:15,SUB0346,F0656,B217
TT0056,Wednesday,02:00-03:00,SUB0663,F0370,A130
TT0057,Tuesday,02:00-03:00,SUB0422,F0122,A125
TT0058,Wednesday,12:15-01:15,SUB0227,F0470,A121
TT0059,Friday,10:00-11:00,SUB0388,F0407,A118
TT0060,Friday,09:00-10:00,SUB0028,F0904,B211
TT0061,Friday,03:00-04:00,SUB0697,F0230,A124
TT0062,Friday,02:00-03:00,SUB0027,F0144,B233
TT0063,Friday,09:00-10:00,SUB0402,F0960,A143
TT0064,Friday,02:00-03:00,SUB0057,F0757,A109
TT0065,Tuesday,11:15-12:15,SUB0032,F0676,B243
TT0066,Friday,12:15-01:15,SUB0745,F0636,A109
TT0067,Wednesday,03:00-04:00,SUB0242,F0941,B243
TT0068,Wednesday,03:00-04:00,SUB0862,F0693,B205
TT0069,Tuesday,03:00-04:00,SUB0886,F0864,A147
TT0070,Thursday,12:15-01:15,SUB0457,F0152,A149
TT0071,Thursday,09:00-10:00,SUB0394,F0696,A121
TT0072,Tuesday,11:15-12:15,SUB0537,F0582,B238
TT0073,Thursday,09:00-10:00,SUB0464,F0398,A134
TT0074,Tuesday,09:00-10:00,SUB0744,F0167,B246
TT0075,Thursday,03:00-04:00,SUB0259,F0768,B230
TT0076,Thursday,02:00-03:00,SUB0275,F0428,A143
TT0077,Monday,03:00-04:00,SUB0342,F0802,B203
TT0078,Wednesday,10:00-11:00,SUB0862,F0229,B211
TT0079,Wednesday,11:15-12:15,SUB0427,F0376,A139
TT0080,Friday,02:00-03:00,SUB0563,F0931,B221
TT0081,Friday,03:00-04:00,SUB0128,F0106,B243
TT0082,Tuesday,03:00-04:00,SUB0769,F0948,A142
TT0083,Tuesday,11:15-12:15,SUB0694,F0216,A124
TT0084,Monday,12:15-01:15,SUB0253,F0444,A108
TT0085,Thursday,11:15-12:15,SUB0296,F1000,B203
TT0086,Thursday,09:00-10:00,SUB0768,F0714,B218
TT0087,Friday,12:15-01:15,SUB0513,F0074,A110
TT0088,Tuesday,10:00-11:00,SUB0501,F0135,B232
TT0089,Monday,10:00-11:00,SUB0352,F0673,A134
TT0090,Friday,03:00-04:00,SUB0202,F0598,B228
TT0091,Friday,12:15-01:15,SUB0028,F0897,A104
TT0092,Friday,12:15-01:15,SUB0743,F0268,B212
TT0093,Wednesday,11:15-12:15,SUB0594,F0315,B231
TT0094,Monday,02:00-03:00,SUB0866,F0378,B248
TT0095,Wednesday,03:00-04:00,SUB0496,F0435,B202
TT0096,Wednesday,11:15-12:15,SUB0289,F0658,B212
TT0097,Thursday,03:00-04:00,SUB0161,F0101,A116
TT0098,Tuesday,11:15-12:15,SUB0772,F0715,B228
TT0099,Tuesday,11:15-12:15,SUB0400,F0508,B232
TT0100,Thursday,10:00-11:00,SUB0500,F0930,B236
TT0101,Friday,02:00-03:00,SUB0669,F0104,A134
TT0102,Thursday,10:00-11:00,SUB0537,F0512,B204
TT0103,Friday,10:00-11:00,SUB0283,F0076,A107
TT0104,Friday,12:15-01:15,SUB0102,F0740,B240
TT0105,Wednesday,02:00-03:00,SUB0817,F0825,B215
TT0106,Wednesday,09:00-10:00,SUB0385,F0422,B221
TT0107,Tuesday,12:15-01:15,SUB0116,F0738,A143
TT0108,Wednesday,10:00-11:00,SUB0327,F0153,B212
TT0109,Friday,03:00-04:00,SUB0288,F0418,B205
TT0110,Thursday,03:00-04:00,SUB0201,F0364,A137
TT0111,Wednesday,10:00-11:00,SUB0463,F0794,A116
TT0112,Wednesday,10:00-11:00,SUB0067,F0379,A145
TT0113,Tuesday,02:00-03:00,SUB0658,F0956,A108
TT0114,Thursday,12:15-01:15,SUB0968,F0458,A117
TT0115,Wednesday,11:15-12:15,SUB0650,F0532,B219
TT0116,Tuesday,03:00-04:00,SUB0347,F0019,A113
TT0117,Monday,09:00-10:00,SUB0782,F0747,A109
TT0118,Tuesday,09:00-10:00,SUB0267,F0642,B206
TT0119,Thursday,09:00-10:00,SUB0243,F0827,B201
TT0120,Friday,03:00-04:00,SUB0018,F0879,B207
TT0121,Friday,10:00-11:00,SUB0786,F0234,A147
TT0122,Friday,03:00-04:00,SUB0198,F0371,A148
TT0123,Tuesday,02:00-03:00,SUB0931,F0416,A112
TT0124,Tuesday,12:15-01:15,SUB0159,F0882,A122
TT0125,Friday,02:00-03:00,SUB0951,F0019,B236
TT0126,Thursday,02:00-03:00,SUB0956,F0142,B240
TT0127,Monday,09:00-10:00,SUB0742,F0454,A105
TT0128,Tuesday,03:00-04:00,SUB0004,F0057,A104
TT0129,Thursday,12:15-01:15,SUB0140,F0282,A120
TT0130,Monday,02:00-03:00,SUB0914,F0668,B240
TT0131,Monday,12:15-01:15,SUB0481,F0698,A131
TT0132,Tuesday,02:00-03:00,SUB0991,F0775,B214
TT0133,Tuesday,03:00-04:00,SUB0107,F0312,A128
TT0134,Tuesday,11:15-12:15,SUB0045,F0488,A129
TT0135,Wednesday,12:15-01:15,SUB0997,F0436,B241
TT0136,Tuesday,12:15-01:15,SUB0694,F0485,A114
TT0137,Tuesday,10:00-11:00,SUB0024,F0386,A119
TT0138,Friday,12:15-01:15,SUB0012,F0764,A112
TT0139,Wednesday,12:15-01:15,SUB0196,F0338,A139
TT0140,Friday,09:00-10:00,SUB0481,F0770,B224
TT0141,Tuesday,02:00-03:00,SUB0240,F0806,A128
TT0142,Friday,10:00-11:00,SUB0212,F0092,B246
TT0143,Thursday,10:00-11:00,SUB0756,F0371,B201
TT0144,Wednesday,03:00-04:00,SUB0730,F0283,A110
TT0145,Thursday,10:00-11:00,SUB0611,F0244,A117
TT0146,Tuesday,02:00-03:00,SUB0693,F0103,B213
TT0147,Thursday,10:00-11:00,SUB0587,F0709,B213
TT0148,Monday,02:00-03:00,SUB0386,F0110,B218
TT0149,Thursday,02:00-03:00,SUB0421,F0104,B229
TT0150,Wednesday,03:00-04:00,SUB0064,F0302,A103
TT0151,Thursday,10:00-11:00,SUB0605,F0736,A103
TT0152,Monday,10:00-11:00,SUB0549,F0731,A104
TT0153,Thursday,03:00-04:00,SUB0921,F0394,A130
TT0154,Thursday,02:00-03:00,SUB0473,F0484,B238
TT0155,Tuesday,09:00-10:00,SUB0057,F0397,A128
TT0156,Thursday,03:00-04:00,SUB0095,F0990,A144
TT0157,Friday,03:00-04:00,SUB0325,F0029,A113
TT0158,Friday,09:00-10:00,SUB0309,F0629,B212
TT0159,Wednesday,09:00-10:00,SUB0385,F0686,B213
TT0160,Tuesday,10:00-11:00,SUB0769,F0504,B243
TT0161,Monday,12:15-01:15,SUB0627,F0052,B232
TT0162,Monday,09:00-10:00,SUB0822,F0421,A137
TT0163,Tuesday,10:00-11:00,SUB0784,F0179,B235
TT0164,Monday,10:00-11:00,SUB0098,F0400,B225
TT0165,Friday,11:15-12:15,SUB0811,F0658,A101
TT0166,Tuesday,10:00-11:00,SUB0976,F0146,B231
TT0167,Wednesday,02:00-03:00,SUB0927,F0127,B209
TT0168,Tuesday,02:00-03:00,SUB0601,F0618,A105
TT0169,Thursday,02:00-03:00,SUB0974,F0836,A114
TT0170,Friday,02:00-03:00,SUB0879,F0504,A150
TT0171,Thursday,02:00-03:00,SUB0850,F0069,B202
TT0172,Wednesday,10:00-11:00,SUB0619,F0816,A121
TT0173,Friday,11:15-12:15,SUB0323,F0081,B247
TT0174,Wednesday,03:00-04:00,SUB0743,F0048,A149
TT0175,Friday,12:15-01:15,SUB0386,F0060,B230
TT0176,Monday,10:00-11:00,SUB0135,F0839,A114
TT0177,Friday,09:00-10:00,SUB0701,F0970,B213
TT0178,Tuesday,11:15-12:15,SUB0827,F0359,B216
TT0179,Thursday,12:15-01:15,SUB0384,F0495,A139
TT0180,Friday,12:15-01:15,SUB0644,F0955,B218
TT0181,Wednesday,10:00-11:00,SUB0216,F0309,B228
TT0182,Friday,09:00-10:00,SUB0092,F0301,B226
TT0183,Friday,02:00-03:00,SUB0474,F0122,A132
TT0184,Tuesday,02:00-03:00,SUB0446,F0233,A134
TT0185,Friday,03:00-04:00,SUB0544,F0440,A147
TT0186,Thursday,02:00-03:00,SUB0945,F0463,A136
TT0187,Tuesday,11:15-12:15,SUB0847,F0863,A133
TT0188,Friday,03:00-04:00,SUB0814,F0563,B243
TT0189,Thursday,03:00-04:00,SUB0096,F0923,B213
TT0190,Thursday,03:00-04:00,SUB0429,F0172,A142
TT0191,Monday,02:00-03:00,SUB0139,F0106,A109
TT0192,Tuesday,11:15-12:15,SUB0298,F0453,B246
TT0193,Monday,03:00-04:00,SUB0491,F0138,A102
TT0194,Tuesday,03:00-04:00,SUB0443,F0861,B248
TT0195,Friday,12:15-01:15,SUB0609,F0268,B246
TT0196,Friday,09:00-10:00,SUB0894,F0887,B211
TT0197,Monday,10:00-11:00,SUB0539,F0378,B216
TT0198,Tuesday,10:00-11:00,SUB0671,F0555,A118
TT0199,Tuesday,03:00-04:00,SUB0195,F0790,A145
TT0200,Wednesday,10:00-11:00,SUB0844,F0428,B244
TT0201,Tuesday,11:15-12:15,SUB0404,F0541,A120
TT0202,Thursday,11:15-12:15,SUB0737,F0446,A116
TT0203,Wednesday,03:00-04:00,SUB0897,F0531,B218
TT0204,Monday,10:00-11:00,SUB0642,F0101,B248
TT0205,Wednesday,11:15-12:15,SUB0915,F0753,B236
TT0206,Friday,02:00-03:00,SUB0232,F0529,B237
TT0207,Tuesday,12:15-01:15,SUB0253,F0343,B224
TT0208,Wednesday,09:00-10:00,SUB0492,F0529,B208
TT0209,Tuesday,03:00-04:00,SUB0532,F0910,A124
TT0210,Thursday,12:15-01:15,SUB0980,F0637,B246
TT0211,Wednesday,03:00-04:00,SUB0973,F0045,B207
TT0212,Thursday,03:00-04:00,SUB0141,F0528,B227
TT0213,Thursday,10:00-11:00,SUB0423,F0976,B218
TT0214,Monday,10:00-11:00,SUB0172,F0138,B226
TT0215,Monday,03:00-04:00,SUB0402,F0761,B218
TT0216,Thursday,09:00-10:00,SUB0968,F0331,B235
TT0217,Wednesday,03:00-04:00,SUB0782,F0425,A137
TT0218,Tuesday,02:00-03:00,SUB0721,F0725,B229
TT0219,Thursday,03:00-04:00,SUB0184,F0122,A105
TT0220,Monday,02:00-03:00,SUB0051,F0182,B230
TT0221,Wednesday,03:00-04:00,SUB0220,F0133,B234
TT0222,Thursday,10:00-11:00,SUB0208,F0421,A118
TT0223,Monday,09:00-10:00,SUB0107,F0695,B219
TT0224,Thursday,12:15-01:15,SUB0638,F0145,A143
TT0225,Friday,11:15-12:15,SUB0810,F0123,A101
TT0226,Friday,09:00-10:00,SUB0468,F0898,A124
TT0227,Thursday,11:15-12:15,SUB0065,F0778,A134
TT0228,Wednesday,11:15-12:15,SUB0973,F0282,A127
TT0229,Wednesday,10:00-11:00,SUB0626,F0699,B226
TT0230,Friday,02:00-03:00,SUB0312,F0768,A126
TT0231,Friday,02:00-03:00,SUB0360,F0832,A148
TT0232,Tuesday,12:15-01:15,SUB0014,F0485,B241
TT0233,Monday,10:00-11:00,SUB0545,F0104,A121
TT0234,Tuesday,03:00-04:00,SUB0797,F0582,B223
TT0235,Monday,11:15-12:15,SUB0114,F0663,B201
TT0236,Monday,03:00-04:00,SUB0415,F0352,A116
TT0237,Tuesday,02:00-03:00,SUB0859,F0471,B222
TT0238,Tuesday,03:00-04:00,SUB0147,F0185,B242
TT0239,Monday,09:00-10:00,SUB0838,F0551,B240
TT0240,Thursday,09:00-10:00,SUB0657,F0469,A142
TT0241,Wednesday,10:00-11:00,SUB0593,F0885,B250
TT0242,Friday,02:00-03:00,SUB0179,F0992,A109
TT0243,Tuesday,10:00-11:00,SUB0932,F0124,B203
TT0244,Friday,09:00-10:00,SUB0281,F0442,B249
TT0245,Thursday,10:00-11:00,SUB0451,F0783,A143
TT0246,Wednesday,03:00-04:00,SUB0640,F0866,B234
TT0247,Wednesday,09:00-10:00,SUB0290,F0755,B201
TT0248,Tuesday,09:00-10:00,SUB0532,F0903,A147
TT0249,Monday,10:00-11:00,SUB0368,F0695,A123
TT0250,Wednesday,11:15-12:15,SUB0536,F0601,A129
TT0251,Monday,09:00-10:00,SUB0437,F0160,A113
TT0252,Friday,10:00-11:00,SUB0749,F0997,B205
TT0253,Friday,03:00-04:00,SUB0858,F0870,B227
TT0254,Thursday,03:00-04:00,SUB0592,F0188,A107
TT0255,Thursday,11:15-12:15,SUB0169,F0914,A119
TT0256,Tuesday,03:00-04:00,SUB0709,F0148,B233
TT0257,Tuesday,12:15-01:15,SUB0665,F0098,A131
TT0258,Thursday,11:15-12:15,SUB0902,F0291,B216
TT0259,Tuesday,09:00-10:00,SUB0435,F0823,A109
TT0260,Monday,10:00-11:00,SUB0275,F0617,A145
TT0261,Tuesday,03:00-04:00,SUB0154,F0585,B245
TT0262,Wednesday,11:15-12:15,SUB0192,F0529,A106
TT0263,Thursday,10:00-11:00,SUB0317,F0764,B229
TT0264,Wednesday,12:15-01:15,SUB0379,F0661,B240
TT0265,Friday,02:00-03:00,SUB0311,F0154,A139
TT0266,Tuesday,12:15-01:15,SUB0709,F0349,B248
TT0267,Thursday,10:00-11:00,SUB0773,F0270,B242
TT0268,Tuesday,10:00-11:00,SUB0374,F1000,A142
TT0269,Thursday,11:15-12:15,SUB0927,F0082,B226
TT0270,Monday,02:00-03:00,SUB0027,F0054,A117
TT0271,Monday,09:00-10:00,SUB0625,F0707,A136
TT0272,Monday,11:15-12:15,SUB0755,F0182,A107
TT0273,Wednesday,11:15-12:15,SUB0662,F0903,A106
TT0274,Friday,10:00-11:00,SUB0400,F0557,B237
TT0275,Tuesday,09:00-10:00,SUB0959,F0587,B250
TT0276,Thursday,10:00-11:00,SUB0016,F0064,B202
TT0277,Thursday,02:00-03:00,SUB0037,F0101,A132
TT0278,Wednesday,02:00-03:00,SUB0153,F0006,B232
TT0279,Friday,09:00-10:00,SUB0173,F0336,A138
TT0280,Tuesday,03:00-04:00,SUB0709,F0618,B203
TT0281,Friday,10:00-11:00,SUB0381,F0448,A111
TT0282,Monday,03:00-04:00,SUB0522,F0361,A104
TT0283,Thursday,11:15-12:15,SUB0792,F0342,B209
TT0284,Friday,11:15-12:15,SUB0067,F0619,A133
TT0285,Tuesday,03:00-04:00,SUB0114,F0984,A106
TT0286,Thursday,09:00-10:00,SUB0473,F0889,B219
TT0287,Wednesday,02:00-03:00,SUB0250,F0437,A145
TT0288,Thursday,02:00-03:00,SUB0691,F0816,A112
TT0289,Wednesday,12:15-01:15,SUB0500,F0041,B241
TT0290,Thursday,09:00-10:00,SUB0099,F0610,B237
TT0291,Thursday,03:00-04:00,SUB0263,F0437,A109
TT0292,Thursday,12:15-01:15,SUB0176,F0167,A102
TT0293,Monday,10:00-11:00,SUB0473,F0071,B246
TT0294,Thursday,11:15-12:15,SUB0962,F0732,A128
TT0295,Thursday,02:00-03:00,SUB0306,F0306,A141
TT0296,Monday,03:00-04:00,SUB0385,F0906,B227
TT0297,Wednesday,02:00-03:00,SUB0433,F0374,B214
TT0298,Wednesday,10:00-11:00,SUB0350,F0719,A104
TT0299,Wednesday,10:00-11:00,SUB0675,F0752,B209
TT0300,Friday,02:00-03:00,SUB0596,F0091,B205
TT0301,Tuesday,11:15-12:15,SUB0141,F0577,B210
TT0302,Tuesday,09:00-10:00,SUB0912,F0566,B217
TT0303,Tuesday,02:00-03:00,SUB0742,F0683,A125
TT0304,Tuesday,09:00-10:00,SUB0655,F0930,A127
TT0305,Wednesday,12:15-01:15,SUB0499,F0751,A144
TT0306,Tuesday,03:00-04:00,SUB0362,F0664,B239
TT0307,Friday,11:15-12:15,SUB0408,F0374,A126
TT0308,Friday,12:15-01:15,SUB0690,F0640,B237
TT0309,Friday,03:00-04:00,SUB0992,F0886,B245
TT0310,Tuesday,03:00-04:00,SUB0853,F0250,A132
TT0311,Wednesday,09:00-10:00,SUB0227,F0078,B217
TT0312,Tuesday,11:15-12:15,SUB0117,F0832,B225
TT0313,Thursday,03:00-04:00,SUB0775,F0929,B222
TT0314,Thursday,11:15-12:15,SUB0549,F0384,B222
TT0315,Thursday,02:00-03:00,SUB0746,F0623,A106
TT0316,Tuesday,10:00-11:00,SUB0862,F0034,B218
TT0317,Tuesday,03:00-04:00,SUB0133,F0724,A139
TT0318,Thursday,03:00-04:00,SUB0868,F0454,B213
TT0319,Tuesday,11:15-12:15,SUB0312,F0872,B205
TT0320,Friday,02:00-03:00,SUB0123,F0638,B217
TT0321,Monday,11:15-12:15,SUB0782,F0619,B226
TT0322,Thursday,03:00-04:00,SUB0115,F0329,B209
TT0323,Friday,10:00-11:00,SUB0435,F0817,A150
TT0324,Tuesday,03:00-04:00,SUB0154,F0679,B219
TT0325,Wednesday,10:00-11:00,SUB0419,F0993,A112
TT0326,Wednesday,11:15-12:15,SUB0696,F0606,A135
TT0327,Friday,10:00-11:00,SUB0065,F0131,A103
TT0328,Monday,02:00-03:00,SUB0864,F0475,A105
TT0329,Friday,10:00-11:00,SUB0714,F0336,A124
TT0330,Wednesday,11:15-12:15,SUB0384,F0290,B235
TT0331,Tuesday,10:00-11:00,SUB0206,F0468,A124
TT0332,Friday,03:00-04:00,SUB0864,F0746,A107
TT0333,Friday,11:15-12:15,SUB0612,F0107,A116
TT0334,Tuesday,11:15-12:15,SUB0834,F0273,B244
TT0335,Wednesday,12:15-01:15,SUB0914,F0931,B240
TT0336,Monday,09:00-10:00,SUB0700,F0892,B224
TT0337,Thursday,10:00-11:00,SUB0251,F0719,B249
TT0338,Monday,12:15-01:15,SUB0992,F0877,A112
TT0339,Monday,09:00-10:00,SUB0001,F0874,A145
TT0340,Thursday,03:00-04:00,SUB0223,F0299,B245
TT0341,Monday,10:00-11:00,SUB0432,F0980,B247
TT0342,Tuesday,02:00-03:00,SUB0761,F0912,A150
TT0343,Thursday,02:00-03:00,SUB0426,F0666,B211
TT0344,Wednesday,03:00-04:00,SUB0395,F0578,A139
TT0345,Monday,12:15-01:15,SUB0823,F0157,A135
TT0346,Wednesday,02:00-03:00,SUB0405,F0912,B227
TT0347,Tuesday,11:15-12:15,SUB0683,F0228,A137
TT0348,Thursday,09:00-10:00,SUB0536,F0590,B220
TT0349,Wednesday,09:00-10:00,SUB0681,F0673,A136
TT0350,Monday,10:00-11:00,SUB0199,F0693,A139
TT0351,Monday,12:15-01:15,SUB0298,F0700,A114
TT0352,Thursday,11:15-12:15,SUB0975,F0092,B237
TT0353,Wednesday,12:15-01:15,SUB0472,F0309,B219
TT0354,Wednesday,03:00-04:00,SUB0239,F0992,B237
TT0355,Wednesday,10:00-11:00,SUB0168,F0451,B229
TT0356,Monday,11:15-12:15,SUB0441,F0984,B237
TT0357,Friday,10:00-11:00,SUB0919,F0910,A105
TT0358,Monday,12:15-01:15,SUB0232,F0042,A114
TT0359,Friday,03:00-04:00,SUB0918,F0235,B213
TT0360,Thursday,02:00-03:00,SUB0552,F0961,B216
TT0361,Tuesday,03:00-04:00,SUB0969,F0062,B236
TT0362,Friday,02:00-03:00,SUB0857,F0698,A104
TT0363,Friday,10:00-11:00,SUB0038,F0997,B237
TT0364,Thursday,09:00-10:00,SUB0786,F0612,B236
TT0365,Wednesday,02:00-03:00,SUB0607,F0452,B216
TT0366,Monday,02:00-03:00,SUB0064,F0298,B245
TT0367,Friday,10:00-11:00,SUB0078,F0685,A109
TT0368,Friday,03:00-04:00,SUB0202,F0663,A138
TT0369,Wednesday,02:00-03:00,SUB0632,F0883,B221
TT0370,Thursday,12:15-01:15,SUB0818,F0531,A120
TT0371,Friday,02:00-03:00,SUB0548,F0102,A121
TT0372,Wednesday,12:15-01:15,SUB0507,F0824,B245
TT0373,Wednesday,03:00-04:00,SUB0197,F0402,A148
TT0374,Friday,09:00-10:00,SUB0850,F0792,A136
TT0375,Tuesday,02:00-03:00,SUB0294,F0191,B222
TT0376,Friday,10:00-11:00,SUB0674,F0327,A103
TT0377,Wednesday,11:15-12:15,SUB0464,F0600,B249
TT0378,Wednesday,09:00-10:00,SUB0293,F0143,B233
TT0379,Monday,02:00-03:00,SUB0196,F0439,A145
TT0380,Wednesday,10:00-11:00,SUB0428,F0241,A130
TT0381,Monday,10:00-11:00,SUB0587,F0914,B223
TT0382,Wednesday,11:15-12:15,SUB0114,F0013,B219
TT0383,Friday,02:00-03:00,SUB0984,F0896,B222
TT0384,Friday,10:00-11:00,SUB0553,F0007,B201
TT0385,Tuesday,12:15-01:15,SUB0992,F0998,A114
TT0386,Friday,11:15-12:15,SUB0152,F0008,A121
TT0387,Thursday,10:00-11:00,SUB0852,F0830,A134
TT0388,Tuesday,11:15-12:15,SUB0388,F0630,A146
TT0389,Thursday,11:15-12:15,SUB0619,F0306,A105
TT0390,Monday,03:00-04:00,SUB0617,F0912,B246
TT0391,Tuesday,03:00-04:00,SUB0198,F0818,A110
TT0392,Wednesday,11:15-12:15,SUB0197,F0802,A118
TT0393,Thursday,02:00-03:00,SUB0343,F0101,A115
TT0394,Monday,12:15-01:15,SUB0923,F0203,B221
TT0395,Thursday,09:00-10:00,SUB0777,F0442,A114
TT0396,Thursday,12:15-01:15,SUB0743,F0377,B241
TT0397,Friday,02:00-03:00,SUB0066,F0719,A117
TT0398,Monday,09:00-10:00,SUB0463,F0893,A110
TT0399,Monday,10:00-11:00,SUB0529,F0989,B218
TT0400,Tuesday,03:00-04:00,SUB0502,F0574,A125
TT0401,Friday,02:00-03:00,SUB0253,F0862,A112
TT0402,Tuesday,11:15-12:15,SUB0387,F0079,B211
TT0403,Thursday,10:00-11:00,SUB0181,F0586,A110
TT0404,Thursday,12:15-01:15,SUB0549,F0569,A115
TT0405,Tuesday,09:00-10:00,SUB0578,F0373,B209
TT0406,Wednesday,11:15-12:15,SUB0410,F0502,A129
TT0407,Tuesday,10:00-11:00,SUB0537,F0740,B215
TT0408,Monday,03:00-04:00,SUB0904,F0499,B208
TT0409,Wednesday,10:00-11:00,SUB0554,F0498,B249
TT0410,Thursday,09:00-10:00,SUB0425,F0864,A146
TT0411,Thursday,11:15-12:15,SUB0335,F0252,A132
TT0412,Wednesday,12:15-01:15,SUB0499,F0456,A142
TT0413,Friday,10:00-11:00,SUB0318,F0046,A128
TT0414,Friday,10:00-11:00,SUB0058,F0752,A131
TT0415,Monday,12:15-01:15,SUB0558,F0730,A138
TT0416,Thursday,12:15-01:15,SUB0337,F0972,A133
TT0417,Friday,10:00-11:00,SUB0045,F0636,A120
TT0418,Thursday,02:00-03:00,SUB0664,F0484,B223
TT0419,Tuesday,10:00-11:00,SUB0920,F0004,A104
TT0420,Wednesday,09:00-10:00,SUB0290,F0452,A134
TT0421,Monday,03:00-04:00,SUB0476,F0278,B205
TT0422,Monday,03:00-04:00,SUB0240,F0427,A138
TT0423,Monday,09:00-10:00,SUB0409,F0081,B234
TT0424,Tuesday,03:00-04:00,SUB0796,F0800,B216
TT0425,Thursday,09:00-10:00,SUB0988,F0768,A146
TT0426,Tuesday,02:00-03:00,SUB0436,F0425,A105
TT0427,Tuesday,12:15-01:15,SUB0060,F0457,A110
TT0428,Monday,10:00-11:00,SUB0292,F0979,B228
TT0429,Wednesday,10:00-11:00,SUB0210,F0644,B218
TT0430,Tuesday,02:00-03:00,SUB0109,F0450,B206
TT0431,Monday,12:15-01:15,SUB0783,F0475,B236
TT0432,Friday,03:00-04:00,SUB0380,F0667,B208
TT0433,Wednesday,02:00-03:00,SUB0076,F0055,B216
TT0434,Friday,12:15-01:15,SUB0236,F0346,A139
TT0435,Friday,03:00-04:00,SUB0197,F0798,A108
TT0436,Tuesday,10:00-11:00,SUB0197,F0001,B240
TT0437,Wednesday,10:00-11:00,SUB0003,F0624,B249
TT0438,Wednesday,11:15-12:15,SUB0203,F0337,B226
TT0439,Tuesday,11:15-12:15,SUB0460,F0259,B220
TT0440,Friday,09:00-10:00,SUB0695,F0370,A123
TT0441,Friday,10:00-11:00,SUB0473,F0399,A108
TT0442,Friday,03:00-04:00,SUB0606,F0824,A118
TT0443,Monday,10:00-11:00,SUB0507,F0419,B233
TT0444,Wednesday,09:00-10:00,SUB0984,F0083,A143
TT0445,Friday,12:15-01:15,SUB0225,F0031,A126
TT0446,Tuesday,11:15-12:15,SUB0755,F0108,B250
TT0447,Wednesday,09:00-10:00,SUB0799,F0816,B222
TT0448,Monday,09:00-10:00,SUB0427,F0543,A135
TT0449,Wednesday,12:15-01:15,SUB0267,F0638,A143
TT0450,Tuesday,10:00-11:00,SUB0082,F0183,A105
TT0451,Wednesday,02:00-03:00,SUB0817,F0717,A123
TT0452,Thursday,09:00-10:00,SUB0030,F0614,A128
TT0453,Wednesday,09:00-10:00,SUB0155,F0616,A131
TT0454,Thursday,11:15-12:15,SUB0500,F0770,A148
TT0455,Monday,03:00-04:00,SUB0457,F0954,A129
TT0456,Monday,02:00-03:00,SUB0192,F0024,B219
TT0457,Wednesday,11:15-12:15,SUB0262,F0637,B213
TT0458,Monday,03:00-04:00,SUB0094,F0969,B208
TT0459,Monday,02:00-03:00,SUB0182,F0577,A102
TT0460,Friday,12:15-01:15,SUB0951,F0419,B207
TT0461,Monday,10:00-11:00,SUB0781,F0614,A121
TT0462,Monday,09:00-10:00,SUB0413,F0251,A117
TT0463,Monday,09:00-10:00,SUB0490,F0544,B232
TT0464,Wednesday,02:00-03:00,SUB0467,F0800,B208
TT0465,Thursday,03:00-04:00,SUB0363,F0595,B247
TT0466,Wednesday,09:00-10:00,SUB0917,F0532,B205
TT0467,Monday,12:15-01:15,SUB0194,F0014,A111
TT0468,Friday,02:00-03:00,SUB0372,F0782,B227
TT0469,Friday,02:00-03:00,SUB0826,F0907,A134
TT0470,Tuesday,09:00-10:00,SUB0565,F0840,B231
TT0471,Tuesday,12:15-01:15,SUB0254,F0034,B201
TT0472,Wednesday,10:00-11:00,SUB0212,F0189,A120
TT0473,Wednesday,09:00-10:00,SUB0025,F0217,B236
TT0474,Wednesday,03:00-04:00,SUB0091,F0769,B223
TT0475,Friday,12:15-01:15,SUB0302,F0375,B228
TT0476,Friday,11:15-12:15,SUB0408,F0824,B247
TT0477,Thursday,10:00-11:00,SUB0593,F0382,B249
TT0478,Friday,12:15-01:15,SUB0638,F0269,A148
TT0479,Wednesday,02:00-03:00,SUB0847,F0769,A107
TT0480,Friday,11:15-12:15,SUB0697,F0189,B222
TT0481,Wednesday,03:00-04:00,SUB0718,F0517,A142
TT0482,Monday,02:00-03:00,SUB0015,F0385,B240
TT0483,Wednesday,11:15-12:15,SUB0534,F0308,A147
TT0484,Thursday,12:15-01:15,SUB0707,F0739,B228
TT0485,Thursday,03:00-04:00,SUB0278,F0461,B230
TT0486,Friday,10:00-11:00,SUB0700,F0603,A143
TT0487,Friday,12:15-01:15,SUB0336,F0439,B216
TT0488,Monday,12:15-01:15,SUB0499,F0473,B224
TT0489,Monday,02:00-03:00,SUB0109,F0658,B249
TT0490,Tuesday,12:15-01:15,SUB0298,F0106,A111
TT0491,Monday,10:00-11:00,SUB0255,F0276,B206
TT0492,Monday,02:00-03:00,SUB0138,F0875,A142
TT0493,Friday,12:15-01:15,SUB0003,F0659,B203
TT0494,Wednesday,02:00-03:00,SUB0175,F0543,B217
TT0495,Friday,12:15-01:15,SUB0281,F0370,B238
TT0496,Friday,09:00-10:00,SUB0658,F0691,A136
TT0497,Friday,10:00-11:00,SUB0637,F0221,B217
TT0498,Monday,11:15-12:15,SUB0373,F0472,B211
TT0499,Thursday,09:00-10:00,SUB0954,F0575,A132
TT0500,Tuesday,09:00-10:00,SUB0290,F0709,B201
TT0501,Tuesday,02:00-03:00,SUB0345,F0669,B209
TT0502,Friday,10:00-11:00,SUB0470,F0499,B204
TT0503,Tuesday,12:15-01:15,SUB0002,F0236,B246
TT0504,Friday,12:15-01:15,SUB0505,F0839,A132
TT0505,Friday,03:00-04:00,SUB0145,F0870,B250
TT0506,Friday,12:15-01:15,SUB0376,F0068,B221
TT0507,Wednesday,12:15-01:15,SUB0830,F0561,A135
TT0508,Wednesday,12:15-01:15,SUB0374,F0462,A102
TT0509,Wednesday,10:00-11:00,SUB0224,F0359,B249
TT0510,Friday,09:00-10:00,SUB0983,F0725,B217
TT0511,Friday,03:00-04:00,SUB0712,F0837,A126
TT0512,Thursday,02:00-03:00,SUB0175,F0240,B223
TT0513,Tuesday,10:00-11:00,SUB0849,F0526,A141
TT0514,Thursday,10:00-11:00,SUB0616,F0585,A111
TT0515,Thursday,11:15-12:15,SUB0573,F0585,B231
TT0516,Friday,10:00-11:00,SUB0694,F0243,A143
TT0517,Friday,10:00-11:00,SUB0886,F0446,A150
TT0518,Friday,09:00-10:00,SUB0282,F0973,B217
TT0519,Monday,11:15-12:15,SUB0412,F0267,B233
TT0520,Friday,12:15-01:15,SUB0452,F0966,B205
TT0521,Tuesday,12:15-01:15,SUB0788,F0782,B210
TT0522,Tuesday,12:15-01:15,SUB0887,F0011,A119
TT0523,Wednesday,10:00-11:00,SUB0957,F0222,B236
TT0524,Wednesday,11:15-12:15,SUB0720,F0096,A121
TT0525,Wednesday,12:15-01:15,SUB0546,F0264,A115
TT0526,Thursday,02:00-03:00,SUB0724,F0168,A143
TT0527,Thursday,12:15-01:15,SUB0345,F0995,A115
TT0528,Tuesday,09:00-10:00,SUB0163,F0348,B234
TT0529,Friday,10:00-11:00,SUB0804,F0288,B249
TT0530,Friday,03:00-04:00,SUB0250,F0361,B207
TT0531,Wednesday,11:15-12:15,SUB0753,F0398,A113
TT0532,Tuesday,03:00-04:00,SUB0951,F0159,B219
TT0533,Wednesday,09:00-10:00,SUB0054,F0757,A105
TT0534,Thursday,11:15-12:15,SUB0768,F0795,A119
TT0535,Thursday,03:00-04:00,SUB0529,F0730,B224
TT0536,Thursday,09:00-10:00,SUB0216,F0893,A134
TT0537,Monday,11:15-12:15,SUB0343,F0942,B221
TT0538,Tuesday,12:15-01:15,SUB0786,F0937,B213
TT0539,Wednesday,11:15-12:15,SUB0699,F0567,A103
TT0540,Monday,09:00-10:00,SUB0923,F0966,B228
TT0541,Friday,10:00-11:00,SUB0278,F0222,A102
TT0542,Monday,10:00-11:00,SUB0543,F0342,A129
TT0543,Thursday,11:15-12:15,SUB0663,F0223,A116
TT0544,Wednesday,12:15-01:15,SUB0002,F0773,A137
TT0545,Monday,03:00-04:00,SUB0894,F0525,B231
TT0546,Thursday,10:00-11:00,SUB0702,F0694,B201
TT0547,Wednesday,02:00-03:00,SUB0203,F0101,B221
TT0548,Wednesday,10:00-11:00,SUB0660,F0170,B225
TT0549,Wednesday,02:00-03:00,SUB0752,F0481,A147
TT0550,Wednesday,03:00-04:00,SUB0533,F0527,B233
TT0551,Friday,03:00-04:00,SUB0033,F0900,B234
TT0552,Friday,09:00-10:00,SUB0750,F0459,B247
TT0553,Monday,10:00-11:00,SUB0605,F0965,A115
TT0554,Thursday,02:00-03:00,SUB0652,F0657,B222
TT0555,Wednesday,10:00-11:00,SUB0861,F0372,B232
TT0556,Tuesday,12:15-01:15,SUB0788,F0826,A115
TT0557,Wednesday,09:00-10:00,SUB0560,F0298,A134
TT0558,Friday,10:00-11:00,SUB0906,F0772,A107
TT0559,Monday,02:00-03:00,SUB0070,F0899,A127
TT0560,Wednesday,02:00-03:00,SUB0358,F0538,A121
TT0561,Monday,12:15-01:15,SUB0134,F0510,B226
TT0562,Wednesday,02:00-03:00,SUB0732,F0988,A111
TT0563,Wednesday,09:00-10:00,SUB0320,F0198,A139
TT0564,Wednesday,10:00-11:00,SUB0428,F0517,A102
TT0565,Wednesday,12:15-01:15,SUB0502,F0294,B249
TT0566,Tuesday,10:00-11:00,SUB0268,F0935,A107
TT0567,Wednesday,12:15-01:15,SUB0257,F0473,A121
TT0568,Friday,03:00-04:00,SUB0424,F0632,B220
TT0569,Monday,11:15-12:15,SUB0275,F0540,B216
TT0570,Tuesday,03:00-04:00,SUB0293,F0396,A140
TT0571,Tuesday,03:00-04:00,SUB0144,F0025,B208
TT0572,Monday,02:00-03:00,SUB0686,F0775,B219
TT0573,Wednesday,09:00-10:00,SUB0753,F0396,B206
TT0574,Friday,11:15-12:15,SUB0958,F0683,B241
TT0575,Monday,12:15-01:15,SUB0724,F0725,B223
TT0576,Friday,03:00-04:00,SUB0810,F0446,A104
TT0577,Friday,10:00-11:00,SUB0803,F0812,B209
TT0578,Monday,10:00-11:00,SUB0091,F0002,A145
TT0579,Wednesday,12:15-01:15,SUB0088,F0612,A115
TT0580,Tuesday,02:00-03:00,SUB0929,F0242,B244
TT0581,Tuesday,10:00-11:00,SUB0349,F0416,B244
TT0582,Friday,02:00-03:00,SUB0604,F0578,B240
TT0583,Monday,10:00-11:00,SUB0897,F0995,B227
TT0584,Friday,11:15-12:15,SUB0920,F0309,A118
TT0585,Monday,03:00-04:00,SUB0949,F0264,B218
TT0586,Thursday,11:15-12:15,SUB0361,F0824,B250
TT0587,Wednesday,09:00-10:00,SUB0287,F0907,A115
TT0588,Wednesday,09:00-10:00,SUB0875,F0067,A150
TT0589,Monday,11:15-12:15,SUB0176,F0485,A110
TT0590,Thursday,09:00-10:00,SUB0807,F0643,B240
TT0591,Tuesday,12:15-01:15,SUB0787,F0935,A129
TT0592,Friday,09:00-10:00,SUB0130,F0403,B204
TT0593,Thursday,03:00-04:00,SUB0067,F0313,B237
TT0594,Monday,09:00-10:00,SUB0894,F0173,B204
TT0595,Wednesday,09:00-10:00,SUB0591,F0025,A105
TT0596,Monday,10:00-11:00,SUB0744,F0257,B248
TT0597,Thursday,03:00-04:00,SUB0142,F0695,B210
TT0598,Thursday,09:00-10:00,SUB0184,F0246,B223
TT0599,Wednesday,11:15-12:15,SUB0384,F0573,B203
TT0600,Monday,03:00-04:00,SUB0880,F0604,B222
TT0601,Friday,02:00-03:00,SUB0128,F0771,A141
TT0602,Monday,03:00-04:00,SUB0578,F0151,B208
TT0603,Friday,10:00-11:00,SUB0535,F0397,B229
TT0604,Wednesday,12:15-01:15,SUB0270,F0096,A132
TT0605,Monday,10:00-11:00,SUB0834,F0791,A110
TT0606,Tuesday,12:15-01:15,SUB0986,F0128,B249
TT0607,Monday,09:00-10:00,SUB0248,F0212,A141
TT0608,Wednesday,03:00-04:00,SUB0593,F0302,A122
TT0609,Wednesday,12:15-01:15,SUB0055,F0812,B242
TT0610,Tuesday,11:15-12:15,SUB0092,F0116,A116
TT0611,Friday,09:00-10:00,SUB0195,F0791,B242
TT0612,Friday,09:00-10:00,SUB0148,F0158,B245
TT0613,Thursday,03:00-04:00,SUB0995,F0025,B246
TT0614,Friday,11:15-12:15,SUB0414,F0973,B236
TT0615,Monday,10:00-11:00,SUB0629,F0067,B209
TT0616,Tuesday,03:00-04:00,SUB0293,F0546,B229
TT0617,Friday,10:00-11:00,SUB0752,F0988,A119
TT0618,Monday,10:00-11:00,SUB0585,F0086,A148
TT0619,Wednesday,03:00-04:00,SUB0345,F0400,A112
TT0620,Tuesday,09:00-10:00,SUB0815,F0331,B204
TT0621,Monday,09:00-10:00,SUB0589,F0656,B204
TT0622,Thursday,10:00-11:00,SUB0622,F0510,B238
TT0623,Monday,03:00-04:00,SUB0301,F0559,A106
TT0624,Monday,03:00-04:00,SUB0527,F0673,B243
TT0625,Tuesday,03:00-04:00,SUB0981,F0943,B206
TT0626,Thursday,11:15-12:15,SUB0079,F0929,B217
TT0627,Wednesday,10:00-11:00,SUB0234,F0964,B245
TT0628,Friday,03:00-04:00,SUB0778,F0626,A132
TT0629,Wednesday,10:00-11:00,SUB0186,F0767,B216
TT0630,Wednesday,10:00-11:00,SUB0782,F0511,A107
TT0631,Friday,10:00-11:00,SUB0085,F0379,B220
TT0632,Friday,09:00-10:00,SUB0062,F0272,A103
TT0633,Wednesday,09:00-10:00,SUB0611,F0045,B236
TT0634,Friday,10:00-11:00,SUB0479,F0826,B247
TT0635,Monday,12:15-01:15,SUB0784,F0182,B235
TT0636,Wednesday,12:15-01:15,SUB0423,F0377,A135
TT0637,Tuesday,12:15-01:15,SUB0566,F0623,B244
TT0638,Thursday,09:00-10:00,SUB0135,F0484,B239
TT0639,Thursday,12:15-01:15,SUB0510,F0491,B227
TT0640,Tuesday,02:00-03:00,SUB0017,F0364,B241
TT0641,Wednesday,12:15-01:15,SUB0364,F0284,B201
TT0642,Wednesday,11:15-12:15,SUB0068,F0933,B216
TT0643,Thursday,12:15-01:15,SUB0269,F0778,B244
TT0644,Thursday,09:00-10:00,SUB0419,F0799,A113
TT0645,Friday,10:00-11:00,SUB0583,F0664,B243
TT0646,Monday,11:15-12:15,SUB0835,F0410,A135
TT0647,Tuesday,09:00-10:00,SUB0504,F0521,B244
TT0648,Friday,02:00-03:00,SUB0421,F0128,B243
TT0649,Friday,02:00-03:00,SUB0412,F0208,A103
TT0650,Thursday,09:00-10:00,SUB0505,F0098,B250
TT0651,Wednesday,12:15-01:15,SUB0258,F0932,B231
TT0652,Wednesday,12:15-01:15,SUB0116,F0987,B202
TT0653,Tuesday,10:00-11:00,SUB0263,F0934,A115
TT0654,Monday,12:15-01:15,SUB0983,F0402,B246
TT0655,Tuesday,02:00-03:00,SUB0265,F0839,A124
TT0656,Tuesday,10:00-11:00,SUB0040,F0536,A110
TT0657,Thursday,09:00-10:00,SUB0057,F0543,B229
TT0658,Friday,10:00-11:00,SUB0056,F0269,B211
TT0659,Thursday,02:00-03:00,SUB0034,F0504,A133
TT0660,Friday,11:15-12:15,SUB0431,F0236,A124
TT0661,Tuesday,10:00-11:00,SUB0348,F0081,A107
TT0662,Thursday,09:00-10:00,SUB0462,F0700,A121
TT0663,Wednesday,09:00-10:00,SUB0498,F0631,A149
TT0664,Thursday,02:00-03:00,SUB0357,F0825,B221
TT0665,Tuesday,11:15-12:15,SUB0486,F0594,A133
TT0666,Wednesday,03:00-04:00,SUB0902,F0163,A144
TT0667,Monday,10:00-11:00,SUB0698,F0005,B244
TT0668,Thursday,10:00-11:00,SUB0961,F0027,B235
TT0669,Friday,03:00-04:00,SUB0300,F0210,B241
TT0670,Friday,12:15-01:15,SUB0261,F0727,A131
TT0671,Monday,09:00-10:00,SUB0268,F0411,A106
TT0672,Wednesday,12:15-01:15,SUB0890,F0800,B206
TT0673,Tuesday,12:15-01:15,SUB0062,F0054,A138
TT0674,Monday,03:00-04:00,SUB0376,F0600,B215
TT0675,Wednesday,09:00-10:00,SUB0802,F0430,A138
TT0676,Wednesday,02:00-03:00,SUB0983,F0649,B239
TT0677,Friday,12:15-01:15,SUB0805,F0514,A136
TT0678,Tuesday,09:00-10:00,SUB0523,F0199,B227
TT0679,Friday,10:00-11:00,SUB0719,F0570,B204
TT0680,Monday,12:15-01:15,SUB0572,F0094,B203
TT0681,Wednesday,10:00-11:00,SUB0805,F0606,B249
TT0682,Thursday,02:00-03:00,SUB0509,F0222,A107
TT0683,Wednesday,03:00-04:00,SUB0854,F0916,B213
TT0684,Wednesday,10:00-11:00,SUB0162,F0123,B249
TT0685,Tuesday,10:00-11:00,SUB0644,F0142,B213
TT0686,Tuesday,10:00-11:00,SUB0521,F0038,B234
TT0687,Tuesday,02:00-03:00,SUB0955,F0480,B229
TT0688,Tuesday,12:15-01:15,SUB0219,F0117,B243
TT0689,Thursday,10:00-11:00,SUB0722,F0200,A150
TT0690,Friday,11:15-12:15,SUB0291,F0298,A102
TT0691,Wednesday,11:15-12:15,SUB0976,F0573,B202
TT0692,Tuesday,11:15-12:15,SUB0177,F0449,B211
TT0693,Monday,11:15-12:15,SUB0486,F0474,A148
TT0694,Thursday,02:00-03:00,SUB0309,F0711,A117
TT0695,Friday,03:00-04:00,SUB0379,F0304,A113
TT0696,Thursday,12:15-01:15,SUB0989,F0669,A130
TT0697,Friday,03:00-04:00,SUB0655,F0596,B247
TT0698,Thursday,02:00-03:00,SUB0569,F0815,B224
TT0699,Wednesday,03:00-04:00,SUB0363,F0204,B220
TT0700,Wednesday,09:00-10:00,SUB0187,F0456,A144
TT0701,Tuesday,12:15-01:15,SUB0173,F0048,B240
TT0702,Tuesday,12:15-01:15,SUB0339,F0035,B234
TT0703,Tuesday,12:15-01:15,SUB0977,F0982,B221
TT0704,Wednesday,10:00-11:00,SUB0543,F0185,A102
TT0705,Thursday,10:00-11:00,SUB0945,F0009,B225
TT0706,Wednesday,02:00-03:00,SUB0761,F0157,B220
TT0707,Wednesday,02:00-03:00,SUB0810,F0274,B225
TT0708,Friday,09:00-10:00,SUB0397,F0344,A123
TT0709,Monday,12:15-01:15,SUB0714,F0151,B208
TT0710,Friday,10:00-11:00,SUB0852,F0412,A142
TT0711,Wednesday,03:00-04:00,SUB0611,F0282,A133
TT0712,Tuesday,09:00-10:00,SUB0377,F0087,A132
TT0713,Monday,02:00-03:00,SUB0960,F0453,B223
TT0714,Tuesday,02:00-03:00,SUB0159,F0783,B244
TT0715,Monday,12:15-01:15,SUB0432,F0496,A114
TT0716,Thursday,03:00-04:00,SUB0085,F0267,A123
TT0717,Thursday,09:00-10:00,SUB0473,F0285,A111
TT0718,Thursday,10:00-11:00,SUB0470,F0730,A142
TT0719,Tuesday,12:15-01:15,SUB0170,F0063,A118
TT0720,Thursday,09:00-10:00,SUB0045,F0730,A103
TT0721,Tuesday,09:00-10:00,SUB0962,F0777,B215
TT0722,Thursday,03:00-04:00,SUB0845,F0877,B222
TT0723,Monday,11:15-12:15,SUB0411,F0909,A124
TT0724,Wednesday,12:15-01:15,SUB0821,F0643,A120
TT0725,Wednesday,11:15-12:15,SUB0582,F0046,B243
TT0726,Thursday,11:15-12:15,SUB0833,F0143,A146
TT0727,Wednesday,03:00-04:00,SUB0166,F0925,B246
TT0728,Friday,09:00-10:00,SUB0602,F0058,B210
TT0729,Monday,09:00-10:00,SUB0189,F0223,A136
TT0730,Friday,12:15-01:15,SUB0673,F0759,B249
TT0731,Monday,02:00-03:00,SUB0196,F0213,B218
TT0732,Tuesday,09:00-10:00,SUB0710,F0746,B250
TT0733,Thursday,11:15-12:15,SUB0615,F0450,A114
TT0734,Tuesday,12:15-01:15,SUB0097,F0893,A112
TT0735,Monday,10:00-11:00,SUB0592,F0921,B211
TT0736,Monday,10:00-11:00,SUB0187,F0592,B203
TT0737,Friday,10:00-11:00,SUB0016,F0480,A134
TT0738,Tuesday,09:00-10:00,SUB0421,F0194,B249
TT0739,Thursday,02:00-03:00,SUB0010,F0527,A106
TT0740,Friday,10:00-11:00,SUB0180,F0048,B249
TT0741,Friday,02:00-03:00,SUB0775,F0034,A111
TT0742,Thursday,10:00-11:00,SUB0817,F0466,A103
TT0743,Friday,11:15-12:15,SUB0009,F0407,B227
TT0744,Tuesday,03:00-04:00,SUB0549,F0011,B234
TT0745,Wednesday,03:00-04:00,SUB0368,F0260,B215
TT0746,Thursday,11:15-12:15,SUB0971,F0056,A127
TT0747,Friday,10:00-11:00,SUB0435,F0804,A118
TT0748,Monday,03:00-04:00,SUB0394,F0444,A123
TT0749,Tuesday,09:00-10:00,SUB0113,F0431,B233
TT0750,Tuesday,02:00-03:00,SUB0560,F0612,B242
TT0751,Monday,12:15-01:15,SUB0773,F0954,B235
TT0752,Tuesday,02:00-03:00,SUB0079,F0435,A143
TT0753,Wednesday,09:00-10:00,SUB0924,F0746,A115
TT0754,Thursday,12:15-01:15,SUB0825,F0243,A136
TT0755,Tuesday,12:15-01:15,SUB0322,F0628,A143
TT0756,Monday,10:00-11:00,SUB0269,F0566,A146
TT0757,Monday,03:00-04:00,SUB0807,F0001,B247
TT0758,Friday,11:15-12:15,SUB0857,F0358,B216
TT0759,Wednesday,09:00-10:00,SUB0868,F0143,B231
TT0760,Wednesday,09:00-10:00,SUB0468,F0703,B226
TT0761,Wednesday,12:15-01:15,SUB0890,F0183,B201
TT0762,Thursday,09:00-10:00,SUB0050,F0365,A114
TT0763,Monday,10:00-11:00,SUB0455,F0417,B248
TT0764,Wednesday,02:00-03:00,SUB0473,F0055,A106
TT0765,Tuesday,03:00-04:00,SUB0042,F0156,B240
TT0766,Friday,12:15-01:15,SUB0432,F0049,B207
TT0767,Thursday,10:00-11:00,SUB0145,F0356,B230
TT0768,Wednesday,10:00-11:00,SUB0844,F0322,A120
TT0769,Tuesday,10:00-11:00,SUB0463,F0037,B209
TT0770,Wednesday,11:15-12:15,SUB0432,F0314,B211
TT0771,Friday,09:00-10:00,SUB0997,F0922,B222
TT0772,Wednesday,03:00-04:00,SUB0758,F0933,B209
TT0773,Thursday,09:00-10:00,SUB0067,F0955,B235
TT0774,Wednesday,09:00-10:00,SUB0781,F0360,B230
TT0775,Thursday,10:00-11:00,SUB0522,F0670,B224
TT0776,Wednesday,11:15-12:15,SUB0327,F0464,A136
TT0777,Monday,11:15-12:15,SUB0069,F0862,A143
TT0778,Thursday,03:00-04:00,SUB0726,F0212,B217
TT0779,Wednesday,10:00-11:00,SUB0918,F0131,A144
TT0780,Tuesday,12:15-01:15,SUB0701,F0138,A144
TT0781,Friday,11:15-12:15,SUB0327,F0225,B217
TT0782,Monday,03:00-04:00,SUB0085,F0741,B207
TT0783,Monday,09:00-10:00,SUB0095,F0605,B205
TT0784,Friday,11:15-12:15,SUB0845,F0022,B229
TT0785,Thursday,02:00-03:00,SUB0537,F0819,A112
TT0786,Wednesday,12:15-01:15,SUB0677,F0253,A134
TT0787,Friday,03:00-04:00,SUB0068,F0786,B236
TT0788,Tuesday,09:00-10:00,SUB0392,F0403,B210
TT0789,Monday,03:00-04:00,SUB0470,F0708,B215
TT0790,Monday,03:00-04:00,SUB0264,F0422,A131
TT0791,Friday,10:00-11:00,SUB0457,F0189,A119
TT0792,Monday,02:00-03:00,SUB0948,F0554,A104
TT0793,Tuesday,11:15-12:15,SUB0180,F0078,B247
TT0794,Monday,10:00-11:00,SUB0167,F0726,B231
TT0795,Thursday,10:00-11:00,SUB0150,F0939,B235
TT0796,Monday,02:00-03:00,SUB0843,F0476,A132
TT0797,Thursday,12:15-01:15,SUB0659,F0897,B207
TT0798,Friday,03:00-04:00,SUB0754,F0247,B217
TT0799,Wednesday,03:00-04:00,SUB0621,F0069,B235
TT0800,Wednesday,02:00-03:00,SUB0212,F0267,B210
TT0801,Thursday,09:00-10:00,SUB0762,F0971,B249
TT0802,Thursday,12:15-01:15,SUB0434,F0205,B226
TT0803,Thursday,03:00-04:00,SUB0746,F0185,A107
TT0804,Monday,03:00-04:00,SUB0482,F0822,A119
TT0805,Thursday,09:00-10:00,SUB0757,F0123,B248
TT0806,Tuesday,11:15-12:15,SUB0939,F0233,B219
TT0807,Tuesday,03:00-04:00,SUB0055,F0935,B241
TT0808,Monday,12:15-01:15,SUB0075,F0447,B236
TT0809,Thursday,02:00-03:00,SUB0193,F0307,A138
TT0810,Monday,03:00-04:00,SUB0247,F0173,B214
TT0811,Friday,09:00-10:00,SUB0869,F0878,B231
TT0812,Friday,02:00-03:00,SUB0137,F0395,B214
TT0813,Friday,11:15-12:15,SUB0840,F0655,B234
TT0814,Friday,03:00-04:00,SUB0845,F0036,A132
TT0815,Friday,03:00-04:00,SUB0965,F0199,B243
TT0816,Monday,12:15-01:15,SUB0055,F0998,A150
TT0817,Friday,12:15-01:15,SUB0600,F0227,B238
TT0818,Wednesday,02:00-03:00,SUB0438,F0555,B209
TT0819,Monday,02:00-03:00,SUB0814,F0708,B238
TT0820,Thursday,11:15-12:15,SUB0529,F0861,A146
TT0821,Thursday,03:00-04:00,SUB0719,F0787,A116
TT0822,Monday,02:00-03:00,SUB0474,F0330,B202
TT0823,Monday,02:00-03:00,SUB0054,F0763,A115
TT0824,Monday,03:00-04:00,SUB0960,F0563,B233
TT0825,Monday,11:15-12:15,SUB0367,F0165,B211
TT0826,Monday,11:15-12:15,SUB0051,F0217,B217
TT0827,Friday,12:15-01:15,SUB0246,F0115,A105
TT0828,Monday,10:00-11:00,SUB0007,F0401,A120
TT0829,Wednesday,11:15-12:15,SUB0644,F0714,B205
TT0830,Wednesday,02:00-03:00,SUB0362,F0694,B229
TT0831,Wednesday,02:00-03:00,SUB0914,F0352,B226
TT0832,Monday,10:00-11:00,SUB0112,F0468,B206
TT0833,Wednesday,03:00-04:00,SUB0339,F0127,A129
TT0834,Friday,12:15-01:15,SUB0545,F0215,B243
TT0835,Friday,03:00-04:00,SUB0410,F0489,B236
TT0836,Friday,03:00-04:00,SUB0526,F0929,B212
TT0837,Monday,10:00-11:00,SUB0045,F0951,B209
TT0838,Wednesday,12:15-01:15,SUB0381,F0090,B222
TT0839,Wednesday,10:00-11:00,SUB0964,F0973,A109
TT0840,Wednesday,03:00-04:00,SUB0873,F0310,B208
TT0841,Friday,09:00-10:00,SUB0357,F0809,A113
TT0842,Tuesday,02:00-03:00,SUB0792,F0207,B241
TT0843,Friday,11:15-12:15,SUB0957,F0873,A106
TT0844,Wednesday,03:00-04:00,SUB0376,F0514,A101
TT0845,Friday,11:15-12:15,SUB0936,F0459,B213
TT0846,Thursday,12:15-01:15,SUB0926,F0780,A118
TT0847,Wednesday,10:00-11:00,SUB0305,F0585,B232
TT0848,Thursday,09:00-10:00,SUB0045,F0482,A118
TT0849,Monday,03:00-04:00,SUB0723,F0801,B232
TT0850,Wednesday,09:00-10:00,SUB0373,F0667,A105
TT0851,Monday,11:15-12:15,SUB0676,F0924,A118
TT0852,Monday,10:00-11:00,SUB0258,F0852,B247
TT0853,Friday,02:00-03:00,SUB0155,F0838,A129
TT0854,Monday,12:15-01:15,SUB0162,F0690,A117
TT0855,Wednesday,02:00-03:00,SUB0493,F0817,B218
TT0856,Tuesday,10:00-11:00,SUB0671,F0721,B219
TT0857,Tuesday,03:00-04:00,SUB0238,F0617,A110
TT0858,Thursday,10:00-11:00,SUB0657,F0909,A125
TT0859,Thursday,09:00-10:00,SUB0606,F0266,A116
TT0860,Tuesday,10:00-11:00,SUB0889,F0347,A122
TT0861,Wednesday,02:00-03:00,SUB0340,F0513,A143
TT0862,Thursday,10:00-11:00,SUB0874,F0464,A109
TT0863,Thursday,02:00-03:00,SUB0444,F0931,A116
TT0864,Monday,02:00-03:00,SUB0231,F0770,A133
TT0865,Thursday,11:15-12:15,SUB0373,F0362,B237
TT0866,Wednesday,03:00-04:00,SUB0802,F0329,A106
TT0867,Monday,12:15-01:15,SUB0888,F0442,B232
TT0868,Friday,09:00-10:00,SUB0134,F0845,B202
TT0869,Friday,09:00-10:00,SUB0187,F0061,B239
TT0870,Tuesday,10:00-11:00,SUB0022,F0038,B241
TT0871,Wednesday,02:00-03:00,SUB0788,F0260,A142
TT0872,Wednesday,09:00-10:00,SUB0341,F0898,A127
TT0873,Monday,02:00-03:00,SUB0835,F0611,A133
TT0874,Wednesday,10:00-11:00,SUB0088,F0869,A145
TT0875,Friday,02:00-03:00,SUB0483,F0293,B249
TT0876,Tuesday,10:00-11:00,SUB0507,F0071,A138
TT0877,Monday,12:15-01:15,SUB0413,F0089,B227
TT0878,Tuesday,11:15-12:15,SUB0682,F0142,A134
TT0879,Wednesday,03:00-04:00,SUB0198,F0271,A136
TT0880,Monday,02:00-03:00,SUB0757,F0941,A101
TT0881,Tuesday,02:00-03:00,SUB0043,F0309,A124
TT0882,Wednesday,10:00-11:00,SUB0182,F0954,B208
TT0883,Monday,10:00-11:00,SUB0398,F0918,A141
TT0884,Thursday,03:00-04:00,SUB0079,F0753,B243
TT0885,Tuesday,02:00-03:00,SUB0804,F0002,A118
TT0886,Friday,03:00-04:00,SUB0709,F0601,A148
TT0887,Friday,02:00-03:00,SUB0156,F0885,A128
TT0888,Wednesday,10:00-11:00,SUB0068,F0601,A141
TT0889,Monday,10:00-11:00,SUB0428,F0691,B229
TT0890,Monday,11:15-12:15,SUB0863,F0058,A124
TT0891,Tuesday,03:00-04:00,SUB0944,F0885,A143
TT0892,Wednesday,09:00-10:00,SUB0528,F0179,A128
TT0893,Wednesday,10:00-11:00,SUB0842,F0910,B221
TT0894,Thursday,03:00-04:00,SUB0974,F0974,B241
TT0895,Thursday,09:00-10:00,SUB0774,F0573,A134
TT0896,Thursday,11:15-12:15,SUB0592,F0328,B229
TT0897,Friday,12:15-01:15,SUB0756,F0818,A136
TT0898,Wednesday,10:00-11:00,SUB0215,F0933,A124
TT0899,Thursday,10:00-11:00,SUB0807,F0619,B230
TT0900,Monday,10:00-11:00,SUB0640,F0981,B238
TT0901,Tuesday,03:00-04:00,SUB0094,F0127,A117
TT0902,Thursday,10:00-11:00,SUB0853,F0542,A121
TT0903,Wednesday,11:15-12:15,SUB0405,F0705,A135
TT0904,Thursday,03:00-04:00,SUB0169,F0162,B211
TT0905,Friday,03:00-04:00,SUB0341,F0585,A141
TT0906,Friday,10:00-11:00,SUB0713,F0574,A114
TT0907,Thursday,10:00-11:00,SUB0276,F0366,A133
TT0908,Tuesday,10:00-11:00,SUB0861,F0490,A101
TT0909,Tuesday,12:15-01:15,SUB0375,F0531,A116
TT0910,Wednesday,03:00-04:00,SUB0524,F0514,A124
TT0911,Wednesday,09:00-10:00,SUB0752,F0613,B217
TT0912,Thursday,03:00-04:00,SUB0579,F0509,A119
TT0913,Wednesday,09:00-10:00,SUB0249,F0804,A143
TT0914,Monday,11:15-12:15,SUB0399,F0768,B226
TT0915,Monday,12:15-01:15,SUB0897,F0201,B223
TT0916,Wednesday,09:00-10:00,SUB0603,F0476,B216
TT0917,Tuesday,03:00-04:00,SUB0045,F0344,A126
TT0918,Friday,02:00-03:00,SUB0197,F0645,A117
TT0919,Monday,12:15-01:15,SUB0910,F0475,A111
TT0920,Thursday,02:00-03:00,SUB0469,F0335,B205
TT0921,Tuesday,11:15-12:15,SUB0964,F0138,B219
TT0922,Monday,02:00-03:00,SUB0889,F0534,A118
TT0923,Friday,02:00-03:00,SUB0103,F0412,B204
TT0924,Wednesday,02:00-03:00,SUB0500,F0730,B229
TT0925,Thursday,10:00-11:00,SUB0045,F0457,B216
TT0926,Monday,09:00-10:00,SUB0751,F0124,B233
TT0927,Friday,11:15-12:15,SUB0524,F0924,A118
TT0928,Thursday,09:00-10:00,SUB0076,F0802,B201
TT0929,Monday,10:00-11:00,SUB0765,F0621,A148
TT0930,Wednesday,11:15-12:15,SUB0127,F0357,B250
TT0931,Tuesday,09:00-10:00,SUB0753,F0008,B231
TT0932,Friday,10:00-11:00,SUB0648,F0753,B226
TT0933,Monday,09:00-10:00,SUB0170,F0056,A132
TT0934,Thursday,12:15-01:15,SUB0282,F0187,A105
TT0935,Tuesday,12:15-01:15,SUB0837,F0588,A136
TT0936,Monday,09:00-10:00,SUB0932,F0771,B237
TT0937,Tuesday,12:15-01:15,SUB0812,F0636,A138
TT0938,Thursday,02:00-03:00,SUB0225,F0501,B225
TT0939,Thursday,02:00-03:00,SUB0815,F0774,A134
TT0940,Thursday,11:15-12:15,SUB0110,F0071,B201
TT0941,Friday,02:00-03:00,SUB0612,F0436,B236
TT0942,Tuesday,03:00-04:00,SUB0679,F0135,A117
TT0943,Thursday,03:00-04:00,SUB0057,F0101,B209
TT0944,Thursday,10:00-11:00,SUB0737,F0360,B240
TT0945,Friday,11:15-12:15,SUB0915,F0853,B226
TT0946,Monday,10:00-11:00,SUB0831,F0379,A148
TT0947,Wednesday,03:00-04:00,SUB0384,F0863,A101
TT0948,Friday,10:00-11:00,SUB0642,F0516,B210
TT0949,Monday,09:00-10:00,SUB0700,F0602,B247
TT0950,Tuesday,12:15-01:15,SUB0501,F0937,B223
TT0951,Wednesday,03:00-04:00,SUB0190,F0139,B213
TT0952,Wednesday,09:00-10:00,SUB0436,F0633,B204
TT0953,Thursday,03:00-04:00,SUB0669,F0315,A134
TT0954,Monday,09:00-10:00,SUB0837,F0433,B228
TT0955,Monday,09:00-10:00,SUB0681,F0637,A149
TT0956,Friday,11:15-12:15,SUB0884,F0900,B240
TT0957,Wednesday,09:00-10:00,SUB0832,F0519,A145
TT0958,Friday,09:00-10:00,SUB0015,F0077,A134
TT0959,Tuesday,03:00-04:00,SUB0741,F0872,B226
TT0960,Wednesday,11:15-12:15,SUB0829,F0309,A135
TT0961,Wednesday,09:00-10:00,SUB0076,F0860,A121
TT0962,Wednesday,10:00-11:00,SUB0124,F0312,A104
TT0963,Thursday,02:00-03:00,SUB0453,F0294,B237
TT0964,Monday,10:00-11:00,SUB0144,F0015,B206
TT0965,Tuesday,02:00-03:00,SUB0547,F0606,A141
TT0966,Thursday,02:00-03:00,SUB0639,F0714,A112
TT0967,Tuesday,09:00-10:00,SUB0801,F0978,B215
TT0968,Friday,10:00-11:00,SUB0032,F0826,B249
TT0969,Monday,10:00-11:00,SUB0364,F0760,B205
TT0970,Friday,11:15-12:15,SUB0769,F0661,A114
TT0971,Monday,02:00-03:00,SUB0415,F0738,A131
TT0972,Monday,02:00-03:00,SUB0174,F0778,B219
TT0973,Thursday,02:00-03:00,SUB0640,F0700,A101
TT0974,Tuesday,02:00-03:00,SUB0676,F0440,A126
TT0975,Monday,11:15-12:15,SUB0154,F0034,B203
TT0976,Tuesday,12:15-01:15,SUB0149,F0509,A146
TT0977,Friday,02:00-03:00,SUB0434,F0276,A120
TT0978,Thursday,09:00-10:00,SUB0860,F0706,A148
TT0979,Tuesday,09:00-10:00,SUB0618,F0664,B222
TT0980,Monday,12:15-01:15,SUB0479,F0552,B219
TT0981,Tuesday,10:00-11:00,SUB0430,F0623,B243
TT0982,Monday,02:00-03:00,SUB0682,F0723,A131
TT0983,Friday,03:00-04:00,SUB0364,F0025,A149
TT0984,Monday,10:00-11:00,SUB0989,F0619,A139
TT0985,Monday,09:00-10:00,SUB0521,F0851,A149
TT0986,Wednesday,03:00-04:00,SUB0757,F0650,A125
TT0987,Tuesday,10:00-11:00,SUB0822,F0915,A102
TT0988,Monday,09:00-10:00,SUB0112,F0221,A139
TT0989,Wednesday,10:00-11:00,SUB0897,F0905,A145
TT0990,Wednesday,09:00-10:00,SUB0779,F0494,A129
TT0991,Monday,09:00-10:00,SUB0157,F0264,A144
TT0992,Monday,09:00-10:00,SUB0375,F0238,A144
TT0993,Tuesday,02:00-03:00,SUB0326,F0410,B212
TT0994,Wednesday,10:00-11:00,SUB0570,F0838,B209
TT0995,Tuesday,10:00-11:00,SUB0305,F0446,B211
TT0996,Monday,09:00-10:00,SUB0935,F0238,B239
TT0997,Tuesday,02:00-03:00,SUB0972,F0013,B236
TT0998,Monday,12:15-01:15,SUB0575,F0292,B206
TT0999,Thursday,03:00-04:00,SUB0282,F0185,B225
TT1000,Monday,11:15-12:15,SUB0002,F0605,A125
TT1001,Wednesday,09:00-10:00,SUB0738,F0385,A130
TT1002,Tuesday,03:00-04:00,SUB0598,F0628,A130
TT1003,Thursday,02:00-03:00,SUB0836,F0729,B225
TT1004,Tuesday,03:00-04:00,SUB0116,F0577,A111
TT1005,Friday,11:15-12:15,SUB0908,F0946,A136
TT1006,Wednesday,02:00-03:00,SUB0092,F0040,B204
TT1007,Friday,11:15-12:15,SUB0565,F0574,B244
TT1008,Monday,03:00-04:00,SUB0309,F0004,B208
TT1009,Wednesday,09:00-10:00,SUB0406,F0803,A135
TT1010,Tuesday,02:00-03:00,SUB0678,F0159,A106
TT1011,Friday,11:15-12:15,SUB0092,F0898,A141
TT1012,Monday,12:15-01:15,SUB0942,F0674,B217
TT1013,Monday,11:15-12:15,SUB0381,F0882,B227
TT1014,Wednesday,12:15-01:15,SUB0464,F0142,A124
TT1015,Wednesday,10:00-11:00,SUB0548,F0005,A116
TT1016,Wednesday,11:15-12:15,SUB0151,F0401,B245
TT1017,Monday,09:00-10:00,SUB0018,F0425,B208
TT1018,Friday,11:15-12:15,SUB0708,F0576,B221
TT1019,Friday,10:00-11:00,SUB0956,F0808,A101
TT1020,Tuesday,11:15-12:15,SUB0353,F0789,A110
TT1021,Tuesday,10:00-11:00,SUB0023,F0317,A109
TT1022,Friday,09:00-10:00,SUB0785,F0499,B233
TT1023,Thursday,10:00-11:00,SUB0659,F0164,B229
TT1024,Friday,10:00-11:00,SUB0462,F0757,B223
TT1025,Wednesday,10:00-11:00,SUB0784,F0844,B229
TT1026,Tuesday,03:00-04:00,SUB0690,F0040,A134
TT1027,Thursday,09:00-10:00,SUB0776,F0333,A107
TT1028,Thursday,12:15-01:15,SUB0507,F0441,A142
TT1029,Friday,03:00-04:00,SUB0237,F0896,B230
TT1030,Tuesday,02:00-03:00,SUB0945,F0144,B235
TT1031,Thursday,12:15-01:15,SUB0388,F0273,B236
TT1032,Friday,02:00-03:00,SUB0595,F0697,A124
TT1033,Monday,12:15-01:15,SUB0557,F0121,A133
TT1034,Thursday,12:15-01:15,SUB0994,F0963,A105
TT1035,Tuesday,03:00-04:00,SUB0151,F0199,B226
TT1036,Wednesday,12:15-01:15,SUB0804,F0428,B225
TT1037,Tuesday,10:00-11:00,SUB0127,F0712,B205
TT1038,Wednesday,11:15-12:15,SUB0360,F0688,A136
TT1039,Friday,10:00-11:00,SUB0841,F0028,B219
TT1040,Friday,10:00-11:00,SUB0926,F0142,A117
TT1041,Friday,09:00-10:00,SUB0356,F0745,A109
TT1042,Thursday,02:00-03:00,SUB0306,F0864,A127
TT1043,Thursday,10:00-11:00,SUB0624,F0261,B221
TT1044,Tuesday,09:00-10:00,SUB0574,F0531,B214
TT1045,Monday,10:00-11:00,SUB0993,F0698,B226
TT1046,Thursday,12:15-01:15,SUB0972,F0894,B237
TT1047,Friday,10:00-11:00,SUB0954,F0556,A116
TT1048,Monday,02:00-03:00,SUB0545,F0230,A130
TT1049,Friday,12:15-01:15,SUB0507,F0134,B226
TT1050,Monday,12:15-01:15,SUB0049,F0170,B204
TT1051,Monday,03:00-04:00,SUB0220,F0494,B250
TT1052,Tuesday,11:15-12:15,SUB0106,F0328,A143
TT1053,Monday,09:00-10:00,SUB0935,F0646,B216
TT1054,Tuesday,02:00-03:00,SUB0638,F0607,B248
TT1055,Wednesday,11:15-12:15,SUB0358,F0346,A106
TT1056,Friday,11:15-12:15,SUB0383,F0624,B214
TT1057,Monday,11:15-12:15,SUB0821,F0434,A122
TT1058,Tuesday,11:15-12:15,SUB0178,F0208,A111
TT1059,Monday,12:15-01:15,SUB0281,F0254,B214
TT1060,Wednesday,09:00-10:00,SUB0878,F0786,B247
TT1061,Friday,03:00-04:00,SUB0330,F0014,B204
TT1062,Wednesday,03:00-04:00,SUB0015,F0453,A134
TT1063,Wednesday,03:00-04:00,SUB0454,F0233,B240
TT1064,Monday,02:00-03:00,SUB0959,F0643,B248
TT1065,Wednesday,12:15-01:15,SUB0378,F0692,B246
TT1066,Monday,10:00-11:00,SUB0202,F0703,B238
TT1067,Wednesday,03:00-04:00,SUB0423,F0953,A125
TT1068,Wednesday,03:00-04:00,SUB0157,F0506,B218
TT1069,Thursday,10:00-11:00,SUB0737,F0492,B235
TT1070,Monday,09:00-10:00,SUB0115,F0950,B222
TT1071,Thursday,10:00-11:00,SUB0750,F0447,A134
TT1072,Thursday,10:00-11:00,SUB0325,F0706,A123
TT1073,Wednesday,11:15-12:15,SUB0920,F0245,A107
TT1074,Wednesday,12:15-01:15,SUB0975,F0778,B202
TT1075,Tuesday,12:15-01:15,SUB0568,F0082,A148
TT1076,Thursday,10:00-11:00,SUB0781,F0044,A105
TT1077,Friday,03:00-04:00,SUB0726,F0730,A124
TT1078,Wednesday,12:15-01:15,SUB0422,F0645,A118
TT1079,Tuesday,03:00-04:00,SUB0096,F0091,B202
TT1080,Thursday,02:00-03:00,SUB0629,F0293,A136
TT1081,Friday,10:00-11:00,SUB0852,F0911,A144
TT1082,Monday,12:15-01:15,SUB0274,F0807,A137
TT1083,Thursday,12:15-01:15,SUB0131,F0051,B202
TT1084,Wednesday,11:15-12:15,SUB0002,F0219,A106
TT1085,Thursday,12:15-01:15,SUB0916,F0878,A104
TT1086,Tuesday,11:15-12:15,SUB0724,F0332,B212
TT1087,Wednesday,02:00-03:00,SUB0896,F0049,B202
TT1088,Wednesday,03:00-04:00,SUB0846,F0968,A126
TT1089,Monday,09:00-10:00,SUB0606,F0590,B215
TT1090,Monday,03:00-04:00,SUB0579,F0535,B243
TT1091,Thursday,02:00-03:00,SUB0846,F0034,B215
TT1092,Friday,09:00-10:00,SUB0134,F0270,B217
TT1093,Friday,12:15-01:15,SUB0834,F0064,B218
TT1094,Thursday,10:00-11:00,SUB0129,F0143,B224
TT1095,Monday,12:15-01:15,SUB0688,F0827,A130
TT1096,Friday,11:15-12:15,SUB0980,F0466,B228
TT1097,Monday,11:15-12:15,SUB0800,F0267,B230
TT1098,Friday,11:15-12:15,SUB0694,F0222,B217
TT1099,Friday,03:00-04:00,SUB0115,F1000,B207
TT1100,Wednesday,03:00-04:00,SUB0505,F0295,B215
TT1101,Wednesday,03:00-04:00,SUB0459,F0198,A134
TT1102,Tuesday,11:15-12:15,SUB0107,F0822,A112
TT1103,Friday,11:15-12:15,SUB0026,F0957,A114
TT1104,Thursday,03:00-04:00,SUB0966,F0637,B210
TT1105,Friday,12:15-01:15,SUB0804,F0892,A145
TT1106,Friday,10:00-11:00,SUB0609,F0746,B228
TT1107,Thursday,10:00-11:00,SUB0972,F0759,B231
TT1108,Thursday,12:15-01:15,SUB0526,F0652,A129
TT1109,Wednesday,12:15-01:15,SUB0744,F0752,B204
TT1110,Thursday,03:00-04:00,SUB0067,F0995,A102
TT1111,Wednesday,11:15-12:15,SUB0909,F0377,B217
TT1112,Monday,09:00-10:00,SUB0488,F0776,A127
TT1113,Thursday,09:00-10:00,SUB0290,F0430,B230
TT1114,Monday,02:00-03:00,SUB0419,F0114,B248
TT1115,Friday,03:00-04:00,SUB0483,F0184,A146
TT1116,Thursday,10:00-11:00,SUB0923,F0088,A105
TT1117,Tuesday,03:00-04:00,SUB0720,F0891,A117
TT1118,Friday,11:15-12:15,SUB0517,F0894,A119
TT1119,Friday,09:00-10:00,SUB0649,F0023,A110
TT1120,Friday,09:00-10:00,SUB0326,F0978,A110
TT1121,Tuesday,03:00-04:00,SUB0039,F0123,A140
TT1122,Wednesday,02:00-03:00,SUB0161,F0976,A115
TT1123,Friday,03:00-04:00,SUB0571,F0770,A118
TT1124,Monday,09:00-10:00,SUB0084,F0853,A105
TT1125,Monday,09:00-10:00,SUB0245,F0482,A149
TT1126,Thursday,09:00-10:00,SUB0133,F0545,B211
TT1127,Friday,11:15-12:15,SUB0705,F0556,B235
TT1128,Tuesday,09:00-10:00,SUB0889,F0004,A133
TT1129,Monday,10:00-11:00,SUB0312,F0563,B246
TT1130,Tuesday,11:15-12:15,SUB0454,F0833,A142
TT1131,Thursday,12:15-01:15,SUB0519,F0945,A142
TT1132,Tuesday,02:00-03:00,SUB0806,F0661,A137
TT1133,Thursday,09:00-10:00,SUB0663,F0140,A103
TT1134,Wednesday,11:15-12:15,SUB0376,F0638,B240
TT1135,Wednesday,12:15-01:15,SUB0696,F0726,A118
TT1136,Thursday,11:15-12:15,SUB0427,F0488,B219
TT1137,Friday,03:00-04:00,SUB0487,F0621,A131
TT1138,Wednesday,09:00-10:00,SUB0138,F0974,B232
TT1139,Thursday,10:00-11:00,SUB0772,F0723,A113
TT1140,Wednesday,11:15-12:15,SUB0735,F0061,A106
TT1141,Monday,11:15-12:15,SUB0399,F0382,A148
TT1142,Thursday,09:00-10:00,SUB0403,F0084,A120
TT1143,Thursday,03:00-04:00,SUB0506,F0225,A149
TT1144,Friday,12:15-01:15,SUB0988,F0586,B231
TT1145,Monday,10:00-11:00,SUB0151,F0689,B221
TT1146,Wednesday,10:00-11:00,SUB0635,F0181,A117
TT1147,Friday,12:15-01:15,SUB0963,F0494,A141
TT1148,Thursday,12:15-01:15,SUB0781,F0913,B231
TT1149,Monday,03:00-04:00,SUB0166,F0856,B243
TT1150,Tuesday,02:00-03:00,SUB0694,F0081,A148
TT1151,Friday,12:15-01:15,SUB0280,F0018,A128
TT1152,Tuesday,09:00-10:00,SUB0992,F0344,B211
TT1153,Thursday,12:15-01:15,SUB0653,F0303,A140
TT1154,Tuesday,12:15-01:15,SUB0650,F0923,B208
TT1155,Thursday,03:00-04:00,SUB0267,F0308,B233
TT1156,Wednesday,10:00-11:00,SUB0391,F0036,B223
TT1157,Tuesday,12:15-01:15,SUB0110,F0084,B216
TT1158,Wednesday,11:15-12:15,SUB0320,F0543,A123
TT1159,Tuesday,11:15-12:15,SUB0816,F0880,A145
TT1160,Tuesday,10:00-11:00,SUB0401,F0497,B222
TT1161,Monday,10:00-11:00,SUB0514,F0135,B228
TT1162,Tuesday,03:00-04:00,SUB0730,F0825,B240
TT1163,Wednesday,02:00-03:00,SUB0096,F0702,A109
TT1164,Tuesday,03:00-04:00,SUB0660,F0842,A145
TT1165,Friday,03:00-04:00,SUB0223,F0686,B223
TT1166,Monday,02:00-03:00,SUB0593,F0448,B249
TT1167,Friday,02:00-03:00,SUB0400,F0303,B219
TT1168,Wednesday,03:00-04:00,SUB0854,F0538,A132
TT1169,Monday,03:00-04:00,SUB0820,F0663,B216
TT1170,Tuesday,02:00-03:00,SUB0490,F0798,A121
TT1171,Monday,11:15-12:15,SUB0866,F0978,A102
TT1172,Tuesday,11:15-12:15,SUB0468,F0252,B205
TT1173,Friday,12:15-01:15,SUB0629,F0463,B221
TT1174,Tuesday,02:00-03:00,SUB0335,F0326,A110
TT1175,Friday,02:00-03:00,SUB0794,F0340,A136
TT1176,Monday,02:00-03:00,SUB0318,F0280,A142
TT1177,Tuesday,11:15-12:15,SUB0782,F0509,A123
TT1178,Friday,12:15-01:15,SUB0734,F0564,A124
TT1179,Monday,10:00-11:00,SUB0281,F0384,B232
TT1180,Thursday,11:15-12:15,SUB0208,F0195,B239
TT1181,Tuesday,12:15-01:15,SUB0709,F0318,B209
TT1182,Tuesday,09:00-10:00,SUB0223,F0126,A107
TT1183,Thursday,09:00-10:00,SUB0904,F0459,B219
TT1184,Monday,11:15-12:15,SUB0318,F0858,A146
TT1185,Monday,10:00-11:00,SUB0281,F0113,A114
TT1186,Tuesday,11:15-12:15,SUB0447,F0800,B221
TT1187,Monday,02:00-03:00,SUB0033,F0477,A115
TT1188,Tuesday,11:15-12:15,SUB0579,F0142,A107
TT1189,Friday,12:15-01:15,SUB0362,F0558,A114
TT1190,Friday,10:00-11:00,SUB0929,F0570,A121
TT1191,Friday,09:00-10:00,SUB0987,F0682,A137
TT1192,Wednesday,10:00-11:00,SUB0597,F0618,A140
TT1193,Tuesday,11:15-12:15,SUB0692,F0871,B245
TT1194,Wednesday,11:15-12:15,SUB0299,F0219,A119
TT1195,Wednesday,03:00-04:00,SUB0004,F0467,A145
TT1196,Wednesday,11:15-12:15,SUB0280,F0425,B212
TT1197,Monday,12:15-01:15,SUB0841,F0085,A139
TT1198,Friday,10:00-11:00,SUB0779,F0487,B208
TT1199,Friday,03:00-04:00,SUB0546,F0255,A147
TT1200,Friday,12:15-01:15,SUB0015,F0525,A136
TT1201,Friday,11:15-12:15,SUB0757,F0147,B228
TT1202,Monday,03:00-04:00,SUB0351,F0633,A134
TT1203,Tuesday,02:00-03:00,SUB0023,F0505,A129
TT1204,Tuesday,09:00-10:00,SUB0008,F0693,B250
TT1205,Thursday,11:15-12:15,SUB0732,F0170,B234
TT1206,Wednesday,12:15-01:15,SUB0896,F0925,B208
TT1207,Friday,11:15-12:15,SUB0896,F0467,B228
TT1208,Wednesday,09:00-10:00,SUB0719,F0301,B248
TT1209,Thursday,03:00-04:00,SUB0602,F0529,B242
TT1210,Monday,11:15-12:15,SUB0608,F0963,B235
TT1211,Friday,02:00-03:00,SUB0615,F0341,A140
TT1212,Thursday,03:00-04:00,SUB0652,F0082,B222
TT1213,Friday,02:00-03:00,SUB0360,F0271,B247
TT1214,Friday,03:00-04:00,SUB0144,F0667,A118
TT1215,Friday,12:15-01:15,SUB0028,F0863,A104
TT1216,Wednesday,11:15-12:15,SUB0624,F0300,A138
TT1217,Wednesday,12:15-01:15,SUB0159,F0901,A146
TT1218,Tuesday,02:00-03:00,SUB0971,F0700,B201
TT1219,Monday,03:00-04:00,SUB0479,F0934,A108
TT1220,Tuesday,10:00-11:00,SUB0225,F0729,B218
TT1221,Friday,10:00-11:00,SUB0029,F0578,A135
TT1222,Wednesday,12:15-01:15,SUB0682,F0733,B215
TT1223,Wednesday,12:15-01:15,SUB0432,F0827,A107
TT1224,Wednesday,12:15-01:15,SUB0849,F0501,A112
TT1225,Tuesday,09:00-10:00,SUB0050,F0006,A122
TT1226,Tuesday,09:00-10:00,SUB0084,F0038,B232
TT1227,Wednesday,09:00-10:00,SUB0673,F0270,A102
TT1228,Thursday,09:00-10:00,SUB0992,F0965,B220
TT1229,Wednesday,09:00-10:00,SUB0493,F0870,A108
TT1230,Monday,09:00-10:00,SUB0012,F0213,B234
TT1231,Thursday,03:00-04:00,SUB0674,F0423,B238
TT1232,Tuesday,03:00-04:00,SUB0885,F0534,A147
TT1233,Thursday,11:15-12:15,SUB0195,F0959,A115
TT1234,Monday,02:00-03:00,SUB0809,F0720,A142
TT1235,Monday,12:15-01:15,SUB0932,F0475,A133
TT1236,Monday,12:15-01:15,SUB0751,F0082,B229
TT1237,Tuesday,10:00-11:00,SUB0011,F0270,B213
TT1238,Friday,12:15-01:15,SUB0326,F0683,B246
TT1239,Friday,09:00-10:00,SUB0785,F0340,B216
TT1240,Thursday,10:00-11:00,SUB0294,F0047,A135
TT1241,Wednesday,12:15-01:15,SUB0979,F0660,B240
TT1242,Thursday,10:00-11:00,SUB0362,F0339,B215
TT1243,Thursday,12:15-01:15,SUB0248,F0512,A148
TT1244,Friday,11:15-12:15,SUB0879,F0371,A137
TT1245,Monday,11:15-12:15,SUB0067,F0700,B214
TT1246,Wednesday,02:00-03:00,SUB0020,F0414,B210
TT1247,Friday,10:00-11:00,SUB0220,F0403,B228
TT1248,Tuesday,03:00-04:00,SUB0657,F0690,A140
TT1249,Monday,02:00-03:00,SUB0841,F0672,B224
TT1250,Friday,11:15-12:15,SUB0026,F0481,B203
TT1251,Tuesday,12:15-01:15,SUB0174,F0539,A124
TT1252,Wednesday,03:00-04:00,SUB0045,F0887,B203
TT1253,Friday,03:00-04:00,SUB0806,F0369,B225
TT1254,Friday,10:00-11:00,SUB0443,F0183,A138
TT1255,Monday,02:00-03:00,SUB0704,F0534,B248
TT1256,Wednesday,11:15-12:15,SUB0762,F0456,A111
TT1257,Tuesday,12:15-01:15,SUB0652,F0729,B214
TT1258,Tuesday,11:15-12:15,SUB0233,F0037,B227
TT1259,Monday,09:00-10:00,SUB0217,F0747,B229
TT1260,Wednesday,03:00-04:00,SUB0596,F0640,B206
TT1261,Friday,12:15-01:15,SUB0330,F0069,B249
TT1262,Tuesday,11:15-12:15,SUB0580,F0102,B223
TT1263,Thursday,03:00-04:00,SUB0856,F0591,B211
TT1264,Friday,12:15-01:15,SUB0674,F0248,B226
TT1265,Friday,02:00-03:00,SUB0282,F0857,A135
TT1266,Wednesday,02:00-03:00,SUB0255,F0632,A108
TT1267,Wednesday,12:15-01:15,SUB0211,F0126,A101
TT1268,Friday,09:00-10:00,SUB0361,F0171,A116
TT1269,Monday,03:00-04:00,SUB0099,F0259,B245
TT1270,Friday,03:00-04:00,SUB0379,F0572,A104
TT1271,Monday,02:00-03:00,SUB0857,F0589,B210
TT1272,Friday,02:00-03:00,SUB0952,F0593,A135
TT1273,Wednesday,09:00-10:00,SUB0885,F0565,A150
TT1274,Thursday,11:15-12:15,SUB0844,F0292,A114
TT1275,Thursday,11:15-12:15,SUB0753,F0713,B222
TT1276,Monday,11:15-12:15,SUB0889,F0897,B240
TT1277,Thursday,03:00-04:00,SUB0673,F0151,A110
TT1278,Monday,02:00-03:00,SUB0926,F0965,A138
TT1279,Friday,11:15-12:15,SUB0090,F0258,A122
TT1280,Tuesday,09:00-10:00,SUB0589,F0660,B246
TT1281,Thursday,02:00-03:00,SUB0944,F0550,A136
TT1282,Friday,11:15-12:15,SUB0082,F0135,B245
TT1283,Monday,09:00-10:00,SUB0972,F0521,B201
TT1284,Monday,03:00-04:00,SUB0526,F0712,B236
TT1285,Tuesday,10:00-11:00,SUB0410,F0516,B202
TT1286,Wednesday,12:15-01:15,SUB0792,F0897,B203
TT1287,Tuesday,12:15-01:15,SUB0118,F0589,B240
TT1288,Wednesday,02:00-03:00,SUB0864,F0774,B227
TT1289,Wednesday,02:00-03:00,SUB0031,F0341,A126
TT1290,Wednesday,10:00-11:00,SUB0156,F0625,A141
TT1291,Friday,12:15-01:15,SUB0244,F0829,B235
TT1292,Friday,12:15-01:15,SUB0316,F0427,B208
TT1293,Wednesday,03:00-04:00,SUB0255,F0754,A122
TT1294,Tuesday,02:00-03:00,SUB0929,F0853,A148
TT1295,Thursday,11:15-12:15,SUB0102,F0297,B232
TT1296,Thursday,02:00-03:00,SUB0754,F0742,B203
TT1297,Monday,10:00-11:00,SUB0727,F0426,B212
TT1298,Monday,02:00-03:00,SUB0895,F0570,B228
TT1299,Thursday,03:00-04:00,SUB0834,F0883,A115
TT1300,Tuesday,02:00-03:00,SUB0422,F0299,A133
TT1301,Tuesday,09:00-10:00,SUB0883,F0818,B234
TT1302,Thursday,10:00-11:00,SUB0267,F0517,B245
TT1303,Tuesday,02:00-03:00,SUB0392,F0039,B206
TT1304,Thursday,03:00-04:00,SUB0107,F0576,B245
TT1305,Thursday,10:00-11:00,SUB0924,F0543,A105
TT1306,Monday,09:00-10:00,SUB0447,F0501,B227
TT1307,Tuesday,09:00-10:00,SUB0613,F0559,A143
TT1308,Friday,12:15-01:15,SUB0084,F0658,A105
TT1309,Friday,11:15-12:15,SUB0891,F0536,B231
TT1310,Tuesday,11:15-12:15,SUB0561,F0466,A117
TT1311,Friday,10:00-11:00,SUB0261,F0993,A143
TT1312,Friday,09:00-10:00,SUB0042,F0784,B202
TT1313,Tuesday,12:15-01:15,SUB0595,F0968,A104
TT1314,Monday,02:00-03:00,SUB0253,F0957,B207
TT1315,Tuesday,12:15-01:15,SUB0173,F0977,A109
TT1316,Tuesday,03:00-04:00,SUB0113,F0274,A136
TT1317,Tuesday,12:15-01:15,SUB0370,F0989,B240
TT1318,Thursday,03:00-04:00,SUB0263,F0355,B226
TT1319,Wednesday,11:15-12:15,SUB0701,F0599,A124
TT1320,Wednesday,02:00-03:00,SUB0022,F0681,A119
TT1321,Tuesday,10:00-11:00,SUB0913,F0317,B246
TT1322,Thursday,10:00-11:00,SUB0413,F0994,B223
TT1323,Friday,02:00-03:00,SUB0253,F0694,B213
TT1324,Friday,11:15-12:15,SUB0926,F0510,B208
TT1325,Friday,03:00-04:00,SUB0843,F0113,A114
TT1326,Wednesday,09:00-10:00,SUB0773,F0400,A121
TT1327,Wednesday,12:15-01:15,SUB0222,F0318,A149
TT1328,Tuesday,03:00-04:00,SUB0965,F0435,B250
TT1329,Friday,03:00-04:00,SUB0574,F0209,B209
TT1330,Monday,03:00-04:00,SUB0564,F0982,B228
TT1331,Monday,03:00-04:00,SUB0459,F0615,B232
TT1332,Monday,03:00-04:00,SUB0042,F0588,A134
TT1333,Monday,02:00-03:00,SUB0229,F0006,A139
TT1334,Thursday,09:00-10:00,SUB0694,F0115,A149
TT1335,Friday,12:15-01:15,SUB0532,F0583,A112
TT1336,Wednesday,09:00-10:00,SUB0223,F0728,B232
TT1337,Thursday,02:00-03:00,SUB0869,F0605,A118
TT1338,Friday,03:00-04:00,SUB0477,F0325,A106
TT1339,Friday,12:15-01:15,SUB0388,F0384,A150
TT1340,Tuesday,11:15-12:15,SUB0942,F0186,B238
TT1341,Wednesday,09:00-10:00,SUB0015,F0120,A113
TT1342,Wednesday,11:15-12:15,SUB0545,F0014,B247
TT1343,Friday,10:00-11:00,SUB0613,F0620,B206
TT1344,Thursday,02:00-03:00,SUB0071,F0715,B240
TT1345,Friday,10:00-11:00,SUB0158,F0656,B250
TT1346,Monday,03:00-04:00,SUB0368,F0084,B224
TT1347,Tuesday,11:15-12:15,SUB0178,F0275,B204
TT1348,Wednesday,03:00-04:00,SUB0133,F0045,A113
TT1349,Thursday,10:00-11:00,SUB0616,F0481,A130
TT1350,Friday,09:00-10:00,SUB0913,F0125,B248
TT1351,Friday,11:15-12:15,SUB0537,F0412,B234
TT1352,Wednesday,09:00-10:00,SUB0586,F0362,B234
TT1353,Monday,03:00-04:00,SUB0488,F0712,B220
TT1354,Tuesday,12:15-01:15,SUB0887,F0407,B208
TT1355,Tuesday,02:00-03:00,SUB0780,F0520,A132
TT1356,Tuesday,02:00-03:00,SUB0116,F0008,B230
TT1357,Monday,09:00-10:00,SUB0284,F0984,A102
TT1358,Thursday,10:00-11:00,SUB0321,F0500,B236
TT1359,Tuesday,09:00-10:00,SUB0310,F0292,B221
TT1360,Friday,02:00-03:00,SUB0469,F0526,A143
TT1361,Wednesday,02:00-03:00,SUB0477,F0266,B231
TT1362,Thursday,09:00-10:00,SUB0371,F0770,A123
TT1363,Wednesday,03:00-04:00,SUB0658,F0514,A115
TT1364,Monday,12:15-01:15,SUB0544,F0245,B215
TT1365,Thursday,03:00-04:00,SUB0425,F0627,A109
TT1366,Friday,11:15-12:15,SUB0526,F0405,B250
TT1367,Monday,10:00-11:00,SUB0093,F0360,A108
TT1368,Monday,02:00-03:00,SUB0606,F0870,B232
TT1369,Monday,10:00-11:00,SUB0245,F0580,B213
TT1370,Wednesday,09:00-10:00,SUB0445,F0441,A113
TT1371,Wednesday,10:00-11:00,SUB0396,F0109,B209
TT1372,Wednesday,12:15-01:15,SUB0335,F0286,A118
TT1373,Wednesday,09:00-10:00,SUB0984,F0208,A130
TT1374,Thursday,02:00-03:00,SUB0566,F0667,B222
TT1375,Tuesday,02:00-03:00,SUB0105,F0200,B225
TT1376,Monday,12:15-01:15,SUB0010,F0859,A134
TT1377,Thursday,10:00-11:00,SUB0412,F0384,B204
TT1378,Wednesday,12:15-01:15,SUB0599,F0757,B232
TT1379,Thursday,09:00-10:00,SUB0340,F0668,A109
TT1380,Friday,02:00-03:00,SUB0201,F0444,A142
TT1381,Wednesday,02:00-03:00,SUB0474,F0266,A102
TT1382,Tuesday,03:00-04:00,SUB0888,F0390,A112
TT1383,Wednesday,02:00-03:00,SUB0375,F0537,A120
TT1384,Wednesday,11:15-12:15,SUB0775,F0876,B248
TT1385,Friday,12:15-01:15,SUB0419,F0272,B214
TT1386,Thursday,12:15-01:15,SUB0717,F0475,A108
TT1387,Tuesday,12:15-01:15,SUB0037,F0022,B246
TT1388,Thursday,10:00-11:00,SUB0083,F0600,B245
TT1389,Thursday,03:00-04:00,SUB0629,F0302,B228
TT1390,Wednesday,11:15-12:15,SUB0208,F0757,B230
TT1391,Wednesday,02:00-03:00,SUB0787,F0717,B230
TT1392,Tuesday,09:00-10:00,SUB0958,F0836,B237
TT1393,Friday,02:00-03:00,SUB0389,F0900,A148
TT1394,Wednesday,09:00-10:00,SUB0923,F0715,A133
TT1395,Wednesday,10:00-11:00,SUB0604,F0174,B226
TT1396,Tuesday,11:15-12:15,SUB0773,F0490,B233
TT1397,Wednesday,03:00-04:00,SUB0565,F0379,A118
TT1398,Thursday,03:00-04:00,SUB0962,F0363,A109
TT1399,Tuesday,12:15-01:15,SUB0866,F0222,B242
TT1400,Friday,12:15-01:15,SUB0500,F0833,A145
TT1401,Monday,02:00-03:00,SUB0048,F0091,A103
TT1402,Wednesday,11:15-12:15,SUB0158,F0003,B234
TT1403,Wednesday,12:15-01:15,SUB0441,F0089,A112
TT1404,Thursday,11:15-12:15,SUB0778,F0530,B230
TT1405,Friday,09:00-10:00,SUB0371,F0276,B229
TT1406,Tuesday,03:00-04:00,SUB0670,F0037,A102
TT1407,Friday,11:15-12:15,SUB0398,F0327,B219
TT1408,Tuesday,12:15-01:15,SUB0597,F0700,B231
TT1409,Friday,12:15-01:15,SUB0534,F0258,B218
TT1410,Wednesday,02:00-03:00,SUB0452,F0562,A120
TT1411,Wednesday,03:00-04:00,SUB0256,F0112,B231
TT1412,Wednesday,02:00-03:00,SUB0570,F0968,A106
TT1413,Wednesday,10:00-11:00,SUB0548,F0255,B208
TT1414,Tuesday,02:00-03:00,SUB0506,F0993,A150
TT1415,Thursday,09:00-10:00,SUB0992,F0439,B218
TT1416,Wednesday,10:00-11:00,SUB0684,F0814,B215
TT1417,Monday,09:00-10:00,SUB0119,F0785,B235
TT1418,Tuesday,10:00-11:00,SUB0328,F0550,B232
TT1419,Wednesday,09:00-10:00,SUB0078,F0714,B234
TT1420,Thursday,03:00-04:00,SUB0029,F0418,B243
TT1421,Monday,03:00-04:00,SUB0599,F0812,A108
TT1422,Friday,09:00-10:00,SUB0708,F0767,B240
TT1423,Wednesday,10:00-11:00,SUB0089,F0173,B241
TT1424,Tuesday,10:00-11:00,SUB0713,F0617,A138
TT1425,Wednesday,02:00-03:00,SUB0719,F0713,A107
TT1426,Friday,12:15-01:15,SUB0229,F0721,A145
TT1427,Tuesday,03:00-04:00,SUB0769,F0978,B233
TT1428,Wednesday,10:00-11:00,SUB0516,F0098,B208
TT1429,Monday,11:15-12:15,SUB0538,F0644,A109
TT1430,Friday,11:15-12:15,SUB0125,F0518,A107
TT1431,Tuesday,11:15-12:15,SUB0195,F0469,B245
TT1432,Friday,10:00-11:00,SUB0174,F0293,A126
TT1433,Monday,11:15-12:15,SUB0549,F0977,A135
TT1434,Wednesday,10:00-11:00,SUB0532,F0836,A101
TT1435,Thursday,09:00-10:00,SUB0146,F0322,B210
TT1436,Monday,02:00-03:00,SUB0056,F0952,B228
TT1437,Thursday,10:00-11:00,SUB0668,F0921,A139
TT1438,Monday,11:15-12:15,SUB0827,F0801,B227
TT1439,Tuesday,03:00-04:00,SUB0914,F0779,A144
TT1440,Tuesday,02:00-03:00,SUB0795,F0470,B250
TT1441,Thursday,12:15-01:15,SUB0939,F0348,B207
TT1442,Thursday,10:00-11:00,SUB0891,F0412,A140
TT1443,Friday,09:00-10:00,SUB0954,F0042,B239
TT1444,Friday,03:00-04:00,SUB0521,F0876,B222
TT1445,Wednesday,11:15-12:15,SUB0937,F0371,A126
TT1446,Thursday,11:15-12:15,SUB0117,F0670,B241
TT1447,Monday,09:00-10:00,SUB0818,F0522,B221
TT1448,Friday,02:00-03:00,SUB0314,F0341,A116
TT1449,Friday,09:00-10:00,SUB0431,F0296,A120
TT1450,Thursday,02:00-03:00,SUB0704,F0406,A137
TT1451,Monday,10:00-11:00,SUB0351,F0897,A129
TT1452,Monday,11:15-12:15,SUB0856,F0518,B232
TT1453,Monday,11:15-12:15,SUB0582,F0502,A103
TT1454,Tuesday,03:00-04:00,SUB0248,F0584,B216
TT1455,Monday,12:15-01:15,SUB0986,F0243,A112
TT1456,Monday,03:00-04:00,SUB0887,F0779,A119
TT1457,Tuesday,02:00-03:00,SUB0261,F0598,B215
TT1458,Thursday,09:00-10:00,SUB0215,F0482,B223
TT1459,Wednesday,11:15-12:15,SUB0384,F0406,B243
TT1460,Wednesday,10:00-11:00,SUB0877,F0705,A115
TT1461,Friday,02:00-03:00,SUB0690,F0818,A137
TT1462,Wednesday,10:00-11:00,SUB0719,F0789,B245
TT1463,Friday,02:00-03:00,SUB0125,F0617,A118
TT1464,Wednesday,09:00-10:00,SUB0590,F0516,B233
TT1465,Tuesday,09:00-10:00,SUB0306,F0495,B204
TT1466,Wednesday,03:00-04:00,SUB0322,F0755,A129
TT1467,Tuesday,09:00-10:00,SUB0941,F0658,A141
TT1468,Friday,12:15-01:15,SUB0631,F0792,A115
TT1469,Thursday,09:00-10:00,SUB0047,F0949,A111
TT1470,Thursday,09:00-10:00,SUB0035,F0153,B244
TT1471,Friday,02:00-03:00,SUB0652,F0360,B231
TT1472,Monday,12:15-01:15,SUB0933,F0817,B213
TT1473,Tuesday,10:00-11:00,SUB0199,F0768,B205
TT1474,Wednesday,02:00-03:00,SUB0160,F0142,B208
TT1475,Thursday,12:15-01:15,SUB0801,F0826,B214
TT1476,Monday,09:00-10:00,SUB0052,F0423,B215
TT1477,Friday,10:00-11:00,SUB0658,F0533,B246
TT1478,Thursday,03:00-04:00,SUB0442,F0287,B248
TT1479,Tuesday,11:15-12:15,SUB0633,F0382,B239
TT1480,Monday,12:15-01:15,SUB0025,F0857,B221
TT1481,Tuesday,12:15-01:15,SUB0480,F0380,A134
TT1482,Monday,12:15-01:15,SUB0170,F0058,A125
TT1483,Tuesday,11:15-12:15,SUB0612,F0180,A112
TT1484,Wednesday,10:00-11:00,SUB0211,F0575,A122
TT1485,Monday,12:15-01:15,SUB0360,F0058,B206
TT1486,Friday,02:00-03:00,SUB0610,F0473,B246
TT1487,Monday,09:00-10:00,SUB0915,F0583,A134
TT1488,Thursday,02:00-03:00,SUB0379,F0865,B233
TT1489,Friday,09:00-10:00,SUB0630,F0299,B204
TT1490,Monday,11:15-12:15,SUB0570,F0558,B219
TT1491,Wednesday,09:00-10:00,SUB0842,F0074,A120
TT1492,Tuesday,02:00-03:00,SUB0649,F0370,B221
TT1493,Monday,10:00-11:00,SUB0532,F0153,A108
TT1494,Tuesday,10:00-11:00,SUB0704,F0078,B250
TT1495,Wednesday,11:15-12:15,SUB0579,F0650,B249
TT1496,Thursday,03:00-04:00,SUB0242,F0755,B224
TT1497,Friday,03:00-04:00,SUB0113,F0581,A125
TT1498,Friday,10:00-11:00,SUB0495,F0582,A133
TT1499,Friday,03:00-04:00,SUB0203,F0728,B242
TT1500,Thursday,12:15-01:15,SUB0858,F0482,A130
TT1501,Thursday,12:15-01:15,SUB0036,F0142,B225
TT1502,Tuesday,03:00-04:00,SUB0372,F0106,B250
TT1503,Monday,03:00-04:00,SUB0454,F0672,A112
TT1504,Wednesday,11:15-12:15,SUB0708,F0090,A109
TT1505,Monday,10:00-11:00,SUB0067,F0578,A108
TT1506,Tuesday,11:15-12:15,SUB0791,F0042,A147
TT1507,Monday,12:15-01:15,SUB0638,F0145,A132
TT1508,Friday,03:00-04:00,SUB0191,F0110,B236
TT1509,Wednesday,11:15-12:15,SUB0637,F0209,B243
TT1510,Thursday,12:15-01:15,SUB0421,F0435,B238
TT1511,Wednesday,02:00-03:00,SUB0260,F0176,B211
TT1512,Friday,10:00-11:00,SUB0639,F0771,B202
TT1513,Wednesday,11:15-12:15,SUB0422,F0740,B208
TT1514,Friday,09:00-10:00,SUB0232,F0458,A145
TT1515,Tuesday,09:00-10:00,SUB0962,F0171,A125
TT1516,Tuesday,02:00-03:00,SUB0193,F0093,A123
TT1517,Thursday,02:00-03:00,SUB0406,F0284,B249
TT1518,Wednesday,02:00-03:00,SUB0022,F0314,A126
TT1519,Friday,09:00-10:00,SUB0499,F0114,B211
TT1520,Friday,11:15-12:15,SUB0413,F0106,B244
TT1521,Friday,12:15-01:15,SUB0025,F0102,A143
TT1522,Monday,10:00-11:00,SUB0873,F0571,A102
TT1523,Thursday,09:00-10:00,SUB0255,F0869,B237
TT1524,Thursday,12:15-01:15,SUB0520,F0280,B248
TT1525,Wednesday,03:00-04:00,SUB0906,F0195,A102
TT1526,Friday,10:00-11:00,SUB0476,F0504,B232
TT1527,Monday,10:00-11:00,SUB0459,F0155,B228
TT1528,Friday,11:15-12:15,SUB0134,F0043,A112
TT1529,Monday,11:15-12:15,SUB0250,F0167,A127
TT1530,Friday,02:00-03:00,SUB0680,F0206,B223
TT1531,Friday,09:00-10:00,SUB0438,F0771,A134
TT1532,Friday,02:00-03:00,SUB0417,F0793,B232
TT1533,Wednesday,09:00-10:00,SUB0924,F0357,A139
TT1534,Wednesday,11:15-12:15,SUB0465,F0142,A112
TT1535,Friday,09:00-10:00,SUB0096,F0520,B212
TT1536,Thursday,02:00-03:00,SUB0215,F0698,B205
TT1537,Friday,10:00-11:00,SUB0035,F0748,A102
TT1538,Monday,12:15-01:15,SUB0151,F0494,B218
TT1539,Wednesday,12:15-01:15,SUB0974,F0838,A132
TT1540,Thursday,02:00-03:00,SUB0317,F0533,A108
TT1541,Friday,02:00-03:00,SUB0715,F0649,A119
TT1542,Wednesday,11:15-12:15,SUB0556,F0051,A109
TT1543,Thursday,12:15-01:15,SUB0140,F0562,A144
TT1544,Tuesday,02:00-03:00,SUB0400,F0917,A132
TT1545,Thursday,03:00-04:00,SUB0962,F0859,A127
TT1546,Friday,02:00-03:00,SUB0478,F0680,A115
TT1547,Thursday,03:00-04:00,SUB0236,F0606,A102
TT1548,Wednesday,03:00-04:00,SUB0383,F0244,A113
TT1549,Tuesday,12:15-01:15,SUB0040,F0870,B240
TT1550,Monday,03:00-04:00,SUB0003,F0350,B245
TT1551,Tuesday,03:00-04:00,SUB0268,F0988,B224
TT1552,Monday,11:15-12:15,SUB0459,F0176,A108
TT1553,Wednesday,11:15-12:15,SUB0395,F0234,A141
TT1554,Wednesday,12:15-01:15,SUB0268,F0041,B202
TT1555,Wednesday,09:00-10:00,SUB0349,F0577,B203
TT1556,Monday,12:15-01:15,SUB0370,F0020,B239
TT1557,Thursday,12:15-01:15,SUB0306,F0610,B238
TT1558,Monday,03:00-04:00,SUB0267,F0184,B214
TT1559,Monday,10:00-11:00,SUB0678,F0166,A146
TT1560,Tuesday,10:00-11:00,SUB0810,F0824,B217
TT1561,Wednesday,09:00-10:00,SUB0007,F0750,A126
TT1562,Wednesday,03:00-04:00,SUB0196,F0793,A141
TT1563,Tuesday,12:15-01:15,SUB0057,F0734,A148
TT1564,Tuesday,10:00-11:00,SUB0616,F0625,A136
TT1565,Thursday,02:00-03:00,SUB0162,F0048,B231
TT1566,Thursday,11:15-12:15,SUB0834,F0439,B225
TT1567,Tuesday,12:15-01:15,SUB0151,F0895,A150
TT1568,Thursday,11:15-12:15,SUB0367,F0088,B211
TT1569,Tuesday,09:00-10:00,SUB0829,F0880,A114
TT1570,Friday,10:00-11:00,SUB0542,F0548,A141
TT1571,Friday,11:15-12:15,SUB0948,F0656,A121
TT1572,Friday,11:15-12:15,SUB0335,F0972,A150
TT1573,Tuesday,11:15-12:15,SUB0494,F0593,A105
TT1574,Tuesday,12:15-01:15,SUB0845,F0189,A146
TT1575,Friday,03:00-04:00,SUB0475,F0522,A140
TT1576,Thursday,10:00-11:00,SUB0046,F0348,B250
TT1577,Wednesday,10:00-11:00,SUB0542,F0169,B201
TT1578,Wednesday,09:00-10:00,SUB0869,F0125,A150
TT1579,Monday,11:15-12:15,SUB0742,F0148,A146
TT1580,Wednesday,11:15-12:15,SUB0169,F0760,A111
TT1581,Friday,11:15-12:15,SUB0900,F0746,B244
TT1582,Wednesday,03:00-04:00,SUB0752,F0978,A102
TT1583,Friday,12:15-01:15,SUB0388,F0217,A112
TT1584,Friday,09:00-10:00,SUB0666,F0749,A143
TT1585,Monday,12:15-01:15,SUB0543,F0966,A113
TT1586,Thursday,10:00-11:00,SUB0980,F0901,A148
TT1587,Tuesday,11:15-12:15,SUB0278,F0350,B223
TT1588,Wednesday,12:15-01:15,SUB0435,F0892,B227
TT1589,Monday,12:15-01:15,SUB0119,F0609,B204
TT1590,Friday,03:00-04:00,SUB0146,F0159,A103
TT1591,Thursday,09:00-10:00,SUB0621,F0717,B223
TT1592,Monday,10:00-11:00,SUB0508,F0925,A111
TT1593,Wednesday,10:00-11:00,SUB0126,F0643,A112
TT1594,Thursday,09:00-10:00,SUB0514,F0171,B216
TT1595,Wednesday,03:00-04:00,SUB0544,F0648,A127
TT1596,Monday,09:00-10:00,SUB0616,F0375,B250
TT1597,Tuesday,03:00-04:00,SUB0899,F0808,B226
TT1598,Tuesday,11:15-12:15,SUB0446,F0088,A103
TT1599,Wednesday,11:15-12:15,SUB0032,F0387,A143
TT1600,Wednesday,10:00-11:00,SUB0554,F0406,A147
TT1601,Tuesday,02:00-03:00,SUB0374,F0225,A106
TT1602,Monday,03:00-04:00,SUB0720,F0553,A104
TT1603,Monday,03:00-04:00,SUB0853,F0322,A145
TT1604,Monday,10:00-11:00,SUB0130,F0767,A140
TT1605,Thursday,02:00-03:00,SUB0036,F0052,B219
TT1606,Wednesday,02:00-03:00,SUB0861,F0776,A103
TT1607,Friday,12:15-01:15,SUB0903,F0726,A142
TT1608,Monday,10:00-11:00,SUB0421,F0664,A131
TT1609,Monday,02:00-03:00,SUB0231,F0868,A149
TT1610,Wednesday,11:15-12:15,SUB0181,F0335,A123
TT1611,Wednesday,09:00-10:00,SUB0401,F0817,A111
TT1612,Tuesday,09:00-10:00,SUB0051,F0492,B214
TT1613,Tuesday,12:15-01:15,SUB0766,F0995,A124
TT1614,Tuesday,02:00-03:00,SUB0659,F0207,A112
TT1615,Friday,09:00-10:00,SUB0652,F0755,B234
TT1616,Thursday,02:00-03:00,SUB0053,F0473,B216
TT1617,Tuesday,03:00-04:00,SUB0457,F0152,A139
TT1618,Friday,12:15-01:15,SUB0060,F0956,B238
TT1619,Thursday,09:00-10:00,SUB0080,F0487,A103
TT1620,Monday,09:00-10:00,SUB0069,F0716,B215
TT1621,Friday,10:00-11:00,SUB0567,F0348,B234
TT1622,Thursday,11:15-12:15,SUB0931,F0755,B205
TT1623,Friday,09:00-10:00,SUB0574,F0858,A131
TT1624,Wednesday,02:00-03:00,SUB0586,F0938,B238
TT1625,Monday,10:00-11:00,SUB0840,F0071,A107
TT1626,Friday,11:15-12:15,SUB0128,F0414,A146
TT1627,Tuesday,09:00-10:00,SUB0637,F0627,A123
TT1628,Monday,02:00-03:00,SUB0970,F0848,B247
TT1629,Tuesday,02:00-03:00,SUB0553,F0153,A146
TT1630,Monday,03:00-04:00,SUB0508,F0952,A113
TT1631,Tuesday,09:00-10:00,SUB0927,F0491,A150
TT1632,Thursday,03:00-04:00,SUB0175,F0443,B226
TT1633,Wednesday,11:15-12:15,SUB0505,F0521,A104
TT1634,Friday,09:00-10:00,SUB0196,F0988,B226
TT1635,Tuesday,02:00-03:00,SUB0983,F0187,B236
TT1636,Monday,12:15-01:15,SUB0418,F0841,B244
TT1637,Tuesday,03:00-04:00,SUB0786,F0543,B220
TT1638,Friday,03:00-04:00,SUB0953,F0706,B229
TT1639,Thursday,09:00-10:00,SUB0747,F0499,B202
TT1640,Wednesday,02:00-03:00,SUB0672,F0659,A104
TT1641,Tuesday,11:15-12:15,SUB0349,F0513,A124
TT1642,Friday,12:15-01:15,SUB0884,F0770,B231
TT1643,Monday,11:15-12:15,SUB0438,F0534,B215
TT1644,Tuesday,10:00-11:00,SUB0277,F0861,B244
TT1645,Wednesday,02:00-03:00,SUB0842,F0207,B204
TT1646,Thursday,09:00-10:00,SUB0036,F0088,B234
TT1647,Wednesday,10:00-11:00,SUB0849,F0704,B248
TT1648,Tuesday,03:00-04:00,SUB0884,F0485,A146
TT1649,Monday,11:15-12:15,SUB0585,F0596,A113
TT1650,Friday,12:15-01:15,SUB0859,F0856,A142
TT1651,Monday,11:15-12:15,SUB0663,F0269,A101
TT1652,Monday,12:15-01:15,SUB0456,F0820,B221
TT1653,Thursday,02:00-03:00,SUB0294,F0154,B247
TT1654,Wednesday,11:15-12:15,SUB0182,F0448,B241
TT1655,Monday,10:00-11:00,SUB0971,F0478,B208
TT1656,Wednesday,03:00-04:00,SUB0267,F0223,B238
TT1657,Wednesday,11:15-12:15,SUB0599,F0452,B214
TT1658,Tuesday,12:15-01:15,SUB0539,F0790,A109
TT1659,Thursday,12:15-01:15,SUB0619,F0636,B225
TT1660,Friday,09:00-10:00,SUB0952,F0875,B246
TT1661,Wednesday,11:15-12:15,SUB0939,F0850,A108
TT1662,Friday,03:00-04:00,SUB0621,F0070,B209
TT1663,Tuesday,03:00-04:00,SUB0307,F0584,B241
TT1664,Monday,02:00-03:00,SUB0201,F0493,B241
TT1665,Thursday,03:00-04:00,SUB0651,F0509,B209
TT1666,Monday,12:15-01:15,SUB0165,F0182,A126
TT1667,Friday,11:15-12:15,SUB0506,F0522,B234
TT1668,Monday,12:15-01:15,SUB0089,F0671,B243
TT1669,Friday,10:00-11:00,SUB0509,F0707,A112
TT1670,Thursday,03:00-04:00,SUB0660,F0583,B212
TT1671,Friday,03:00-04:00,SUB0931,F0968,B226
TT1672,Wednesday,09:00-10:00,SUB0707,F0156,A108
TT1673,Monday,12:15-01:15,SUB0235,F0795,A106
TT1674,Friday,09:00-10:00,SUB0755,F0338,A127
TT1675,Friday,12:15-01:15,SUB0578,F0928,A121
TT1676,Monday,12:15-01:15,SUB0255,F0225,A145
TT1677,Friday,12:15-01:15,SUB0683,F0261,B250
TT1678,Tuesday,11:15-12:15,SUB0276,F0599,B247
TT1679,Monday,11:15-12:15,SUB0237,F0230,B228
TT1680,Tuesday,09:00-10:00,SUB0608,F0409,B245
TT1681,Wednesday,12:15-01:15,SUB0075,F0787,B206
TT1682,Friday,02:00-03:00,SUB0643,F0993,A124
TT1683,Friday,10:00-11:00,SUB0287,F0208,B229
TT1684,Wednesday,10:00-11:00,SUB0683,F0932,A107
TT1685,Thursday,03:00-04:00,SUB0701,F0505,A134
TT1686,Monday,09:00-10:00,SUB0055,F0696,B203
TT1687,Thursday,09:00-10:00,SUB0006,F0100,B211
TT1688,Monday,03:00-04:00,SUB0329,F0113,A107
TT1689,Friday,02:00-03:00,SUB0407,F0711,B247
TT1690,Thursday,12:15-01:15,SUB0974,F0626,B213
TT1691,Monday,12:15-01:15,SUB0906,F0905,B212
TT1692,Friday,03:00-04:00,SUB0703,F0836,A106
TT1693,Wednesday,11:15-12:15,SUB0052,F0715,B211
TT1694,Friday,02:00-03:00,SUB0761,F0588,B214
TT1695,Monday,09:00-10:00,SUB0118,F0589,A107
TT1696,Friday,02:00-03:00,SUB0509,F0111,A145
TT1697,Monday,10:00-11:00,SUB0158,F0526,B224
TT1698,Monday,11:15-12:15,SUB0743,F0145,B224
TT1699,Monday,02:00-03:00,SUB0573,F0398,A103
TT1700,Monday,11:15-12:15,SUB0173,F0050,A141
TT1701,Thursday,09:00-10:00,SUB0464,F0797,B201
TT1702,Wednesday,12:15-01:15,SUB0544,F0427,A148
TT1703,Thursday,09:00-10:00,SUB0192,F0575,B216
TT1704,Friday,03:00-04:00,SUB0780,F0260,A107
TT1705,Tuesday,11:15-12:15,SUB0215,F0801,A129
TT1706,Friday,02:00-03:00,SUB0400,F0680,B244
TT1707,Friday,09:00-10:00,SUB0493,F0482,B224
TT1708,Tuesday,02:00-03:00,SUB0850,F0203,B228
TT1709,Thursday,02:00-03:00,SUB0488,F0469,B235
TT1710,Wednesday,09:00-10:00,SUB0924,F0557,A120
TT1711,Wednesday,02:00-03:00,SUB0753,F0369,A124
TT1712,Monday,03:00-04:00,SUB0777,F0695,A142
TT1713,Wednesday,02:00-03:00,SUB0541,F0786,A132
TT1714,Tuesday,11:15-12:15,SUB0680,F0655,B233
TT1715,Thursday,03:00-04:00,SUB0129,F0724,B238
TT1716,Wednesday,02:00-03:00,SUB0269,F0397,A130
TT1717,Monday,11:15-12:15,SUB0055,F0595,A113
TT1718,Wednesday,02:00-03:00,SUB0720,F0751,B230
TT1719,Friday,03:00-04:00,SUB0937,F0891,A110
TT1720,Tuesday,12:15-01:15,SUB0476,F0291,A119
TT1721,Tuesday,12:15-01:15,SUB0505,F0839,B226
TT1722,Tuesday,12:15-01:15,SUB0373,F0286,B239
TT1723,Monday,10:00-11:00,SUB0990,F0544,B205
TT1724,Thursday,03:00-04:00,SUB0395,F0124,A107
TT1725,Tuesday,11:15-12:15,SUB0451,F0509,B213
TT1726,Friday,11:15-12:15,SUB0691,F0143,A107
TT1727,Monday,10:00-11:00,SUB0815,F0941,B241
TT1728,Monday,09:00-10:00,SUB0341,F0649,B247
TT1729,Thursday,11:15-12:15,SUB0842,F0734,B203
TT1730,Tuesday,09:00-10:00,SUB0106,F0728,B227
TT1731,Thursday,10:00-11:00,SUB0999,F0029,A138
TT1732,Friday,10:00-11:00,SUB0948,F0024,A139
TT1733,Friday,03:00-04:00,SUB0001,F0871,B245
TT1734,Monday,11:15-12:15,SUB0161,F0482,A123
TT1735,Tuesday,12:15-01:15,SUB0178,F0899,B214
TT1736,Monday,02:00-03:00,SUB0646,F0634,A129
TT1737,Friday,02:00-03:00,SUB0810,F0199,B210
TT1738,Thursday,03:00-04:00,SUB0408,F0666,B239
TT1739,Wednesday,12:15-01:15,SUB0554,F0765,B225
TT1740,Wednesday,02:00-03:00,SUB0122,F0950,A137
TT1741,Friday,09:00-10:00,SUB0520,F0841,A123
TT1742,Friday,09:00-10:00,SUB0654,F0108,B222
TT1743,Friday,02:00-03:00,SUB0979,F0640,B245
TT1744,Thursday,03:00-04:00,SUB0642,F0092,A135
TT1745,Friday,10:00-11:00,SUB0366,F0772,A113
TT1746,Thursday,03:00-04:00,SUB0653,F0938,B220
TT1747,Tuesday,10:00-11:00,SUB0019,F0056,B207
TT1748,Tuesday,12:15-01:15,SUB0196,F0758,A135
TT1749,Thursday,02:00-03:00,SUB0497,F0010,A111
TT1750,Thursday,02:00-03:00,SUB0305,F0743,B217
TT1751,Monday,02:00-03:00,SUB0536,F0460,B219
TT1752,Friday,03:00-04:00,SUB0648,F0060,B241
TT1753,Monday,12:15-01:15,SUB0279,F0292,A118
TT1754,Thursday,09:00-10:00,SUB0709,F0093,A146
TT1755,Thursday,10:00-11:00,SUB0716,F0474,A109
TT1756,Monday,03:00-04:00,SUB0345,F0225,B207
TT1757,Friday,02:00-03:00,SUB0366,F0201,A150
TT1758,Tuesday,02:00-03:00,SUB0587,F0764,B212
TT1759,Monday,09:00-10:00,SUB0395,F0687,B204
TT1760,Wednesday,11:15-12:15,SUB0652,F0662,B214
TT1761,Tuesday,02:00-03:00,SUB0617,F0830,B210
TT1762,Wednesday,02:00-03:00,SUB0469,F0867,B246
TT1763,Tuesday,11:15-12:15,SUB0585,F0275,B250
TT1764,Wednesday,10:00-11:00,SUB0168,F0237,B246
TT1765,Monday,12:15-01:15,SUB0620,F0345,B248
TT1766,Tuesday,03:00-04:00,SUB0084,F0167,B237
TT1767,Wednesday,02:00-03:00,SUB0733,F0570,A141
TT1768,Tuesday,03:00-04:00,SUB0833,F0244,B233
TT1769,Thursday,12:15-01:15,SUB0871,F0789,B246
TT1770,Wednesday,11:15-12:15,SUB0650,F0912,A110
TT1771,Wednesday,11:15-12:15,SUB0261,F0507,B241
TT1772,Wednesday,10:00-11:00,SUB0857,F0160,B234
TT1773,Wednesday,12:15-01:15,SUB0871,F0319,B224
TT1774,Monday,09:00-10:00,SUB0694,F0716,B221
TT1775,Monday,11:15-12:15,SUB0227,F0539,A108
TT1776,Thursday,02:00-03:00,SUB0416,F0907,A115
TT1777,Monday,12:15-01:15,SUB0273,F0503,B245
TT1778,Wednesday,11:15-12:15,SUB0736,F0743,A140
TT1779,Friday,09:00-10:00,SUB0155,F0412,B203
TT1780,Thursday,02:00-03:00,SUB0011,F0568,B234
TT1781,Thursday,02:00-03:00,SUB0389,F0507,B229
TT1782,Friday,12:15-01:15,SUB0263,F0206,B210
TT1783,Thursday,11:15-12:15,SUB0019,F0259,B239
TT1784,Monday,10:00-11:00,SUB0662,F0671,A107
TT1785,Tuesday,10:00-11:00,SUB0312,F0841,B238
TT1786,Friday,10:00-11:00,SUB0270,F0305,B238
TT1787,Tuesday,12:15-01:15,SUB0259,F0132,B250
TT1788,Wednesday,10:00-11:00,SUB0058,F0315,B223
TT1789,Tuesday,09:00-10:00,SUB0047,F0175,A106
TT1790,Wednesday,12:15-01:15,SUB0969,F0439,A120
TT1791,Tuesday,03:00-04:00,SUB0859,F0434,A112
TT1792,Tuesday,11:15-12:15,SUB0605,F0172,B207
TT1793,Wednesday,09:00-10:00,SUB0621,F0277,B248
TT1794,Thursday,02:00-03:00,SUB0958,F0105,B208
TT1795,Monday,10:00-11:00,SUB0371,F0929,A127
TT1796,Monday,09:00-10:00,SUB0980,F0198,A114
TT1797,Friday,11:15-12:15,SUB0258,F0160,B236
TT1798,Tuesday,10:00-11:00,SUB0530,F0466,B218
TT1799,Friday,02:00-03:00,SUB0616,F0016,A112
TT1800,Monday,02:00-03:00,SUB0826,F0120,A144
TT1801,Tuesday,03:00-04:00,SUB0189,F0877,A146
TT1802,Tuesday,12:15-01:15,SUB0962,F0512,A125
TT1803,Thursday,12:15-01:15,SUB0242,F0425,B222
TT1804,Wednesday,09:00-10:00,SUB0379,F0607,B233
TT1805,Tuesday,02:00-03:00,SUB0740,F0537,A139
TT1806,Tuesday,09:00-10:00,SUB0317,F0250,B201
TT1807,Tuesday,03:00-04:00,SUB0717,F0890,A119
TT1808,Tuesday,11:15-12:15,SUB0431,F0693,A139
TT1809,Friday,12:15-01:15,SUB0714,F0118,B235
TT1810,Wednesday,10:00-11:00,SUB0598,F0553,B236
TT1811,Wednesday,03:00-04:00,SUB0188,F0582,B217
TT1812,Tuesday,03:00-04:00,SUB0292,F0758,B204
TT1813,Wednesday,11:15-12:15,SUB0277,F0202,B211
TT1814,Monday,11:15-12:15,SUB0086,F0194,A137
TT1815,Tuesday,03:00-04:00,SUB0607,F0877,B217
TT1816,Friday,02:00-03:00,SUB0940,F0116,A140
TT1817,Friday,12:15-01:15,SUB0497,F0503,A108
TT1818,Thursday,10:00-11:00,SUB0590,F0612,B227
TT1819,Thursday,09:00-10:00,SUB0356,F0941,B231
TT1820,Friday,09:00-10:00,SUB0603,F0549,A140
TT1821,Tuesday,09:00-10:00,SUB0082,F0925,A117
TT1822,Tuesday,03:00-04:00,SUB0623,F0863,B239
TT1823,Monday,11:15-12:15,SUB0112,F0223,B236
TT1824,Tuesday,09:00-10:00,SUB0472,F0948,B203
TT1825,Wednesday,03:00-04:00,SUB0713,F0775,A136
TT1826,Tuesday,09:00-10:00,SUB0779,F0972,A148
TT1827,Monday,12:15-01:15,SUB0499,F0950,A111
TT1828,Monday,09:00-10:00,SUB0617,F0085,B206
TT1829,Wednesday,03:00-04:00,SUB0343,F0814,B208
TT1830,Friday,03:00-04:00,SUB0333,F0509,B248
TT1831,Monday,02:00-03:00,SUB0313,F0658,B220
TT1832,Wednesday,02:00-03:00,SUB0239,F0779,A148
TT1833,Wednesday,10:00-11:00,SUB0750,F0522,A102
TT1834,Thursday,10:00-11:00,SUB0823,F0703,A127
TT1835,Friday,09:00-10:00,SUB0267,F0448,A127
TT1836,Monday,03:00-04:00,SUB0160,F0711,B243
TT1837,Monday,09:00-10:00,SUB0688,F0890,A137
TT1838,Wednesday,03:00-04:00,SUB0318,F0086,B210
TT1839,Tuesday,09:00-10:00,SUB0981,F0342,A145
TT1840,Thursday,02:00-03:00,SUB0287,F0086,A140
TT1841,Monday,09:00-10:00,SUB0667,F0631,A102
TT1842,Monday,09:00-10:00,SUB0543,F0310,A124
TT1843,Friday,12:15-01:15,SUB0013,F0619,A123
TT1844,Wednesday,12:15-01:15,SUB0264,F0360,A102
TT1845,Monday,11:15-12:15,SUB0931,F0722,A138
TT1846,Wednesday,03:00-04:00,SUB0585,F0619,B228
TT1847,Friday,09:00-10:00,SUB0233,F0629,A107
TT1848,Thursday,11:15-12:15,SUB0111,F0622,B211
TT1849,Thursday,10:00-11:00,SUB0373,F0583,B248
TT1850,Monday,10:00-11:00,SUB0120,F0238,B250
TT1851,Thursday,03:00-04:00,SUB0500,F0034,B245
TT1852,Tuesday,12:15-01:15,SUB0198,F0563,A143
TT1853,Wednesday,09:00-10:00,SUB0431,F0452,A141
TT1854,Tuesday,09:00-10:00,SUB0872,F0103,B208
TT1855,Monday,11:15-12:15,SUB0445,F0083,A144
TT1856,Tuesday,11:15-12:15,SUB0545,F0101,B243
TT1857,Friday,09:00-10:00,SUB0446,F0861,B226
TT1858,Thursday,03:00-04:00,SUB0164,F0116,A143
TT1859,Wednesday,12:15-01:15,SUB0879,F0876,A122
TT1860,Wednesday,02:00-03:00,SUB0750,F0242,A146
TT1861,Thursday,09:00-10:00,SUB0925,F0613,A125
TT1862,Friday,09:00-10:00,SUB0921,F0765,B218
TT1863,Wednesday,12:15-01:15,SUB0840,F0648,B215
TT1864,Wednesday,10:00-11:00,SUB0564,F0891,B214
TT1865,Friday,12:15-01:15,SUB0932,F0464,B238
TT1866,Thursday,11:15-12:15,SUB0237,F0861,A144
TT1867,Thursday,10:00-11:00,SUB0517,F0167,A144
TT1868,Friday,10:00-11:00,SUB0325,F0046,B212
TT1869,Friday,11:15-12:15,SUB0908,F0476,B218
TT1870,Monday,11:15-12:15,SUB0514,F0286,B221
TT1871,Wednesday,11:15-12:15,SUB0784,F0819,A123
TT1872,Friday,03:00-04:00,SUB0175,F0147,B246
TT1873,Friday,11:15-12:15,SUB0694,F0335,A109
TT1874,Tuesday,11:15-12:15,SUB0712,F0207,A134
TT1875,Friday,11:15-12:15,SUB0721,F0528,A139
TT1876,Wednesday,11:15-12:15,SUB0187,F0896,B241
TT1877,Tuesday,10:00-11:00,SUB0655,F0875,B228
TT1878,Thursday,02:00-03:00,SUB0455,F0120,A102
TT1879,Wednesday,10:00-11:00,SUB0652,F0370,A142
TT1880,Thursday,03:00-04:00,SUB0356,F0931,B236
TT1881,Wednesday,12:15-01:15,SUB0694,F0623,A104
TT1882,Friday,02:00-03:00,SUB0040,F0892,B218
TT1883,Monday,12:15-01:15,SUB0689,F0744,B231
TT1884,Friday,10:00-11:00,SUB0660,F0899,B235
TT1885,Monday,02:00-03:00,SUB0613,F0009,B241
TT1886,Monday,03:00-04:00,SUB0043,F0147,B222
TT1887,Thursday,02:00-03:00,SUB0891,F0742,B236
TT1888,Thursday,11:15-12:15,SUB0359,F0234,A106
TT1889,Wednesday,11:15-12:15,SUB0846,F0109,B203
TT1890,Thursday,02:00-03:00,SUB0983,F0860,B201
TT1891,Thursday,03:00-04:00,SUB0999,F0166,B205
TT1892,Thursday,11:15-12:15,SUB0034,F0612,A105
TT1893,Wednesday,09:00-10:00,SUB0196,F0953,B203
TT1894,Wednesday,12:15-01:15,SUB0515,F0964,A101
TT1895,Friday,03:00-04:00,SUB0311,F0470,B229
TT1896,Friday,12:15-01:15,SUB0011,F0186,B248
TT1897,Tuesday,09:00-10:00,SUB0511,F0993,B205
TT1898,Tuesday,03:00-04:00,SUB0257,F0685,B246
TT1899,Tuesday,12:15-01:15,SUB0998,F0688,B238
TT1900,Tuesday,03:00-04:00,SUB0534,F0440,A137
TT1901,Thursday,10:00-11:00,SUB0900,F0034,A113
TT1902,Tuesday,10:00-11:00,SUB0824,F0047,A117
TT1903,Wednesday,09:00-10:00,SUB0978,F0784,B231
TT1904,Wednesday,03:00-04:00,SUB0126,F0867,B229
TT1905,Wednesday,09:00-10:00,SUB0876,F0447,B220
TT1906,Thursday,11:15-12:15,SUB0937,F0571,A147
TT1907,Tuesday,02:00-03:00,SUB0033,F0509,A123
TT1908,Wednesday,02:00-03:00,SUB0349,F0102,A143
TT1909,Friday,09:00-10:00,SUB0298,F0513,B203
TT1910,Friday,11:15-12:15,SUB0617,F0785,A116
TT1911,Thursday,11:15-12:15,SUB0010,F0726,B224
TT1912,Thursday,02:00-03:00,SUB0589,F0372,B246
TT1913,Thursday,02:00-03:00,SUB0092,F0170,A144
TT1914,Thursday,10:00-11:00,SUB0444,F0384,B222
TT1915,Friday,02:00-03:00,SUB0998,F0188,B223
TT1916,Tuesday,09:00-10:00,SUB0062,F0967,B216
TT1917,Tuesday,03:00-04:00,SUB0942,F0327,B224
TT1918,Wednesday,09:00-10:00,SUB0896,F0661,B209
TT1919,Tuesday,03:00-04:00,SUB0672,F0039,B247
TT1920,Thursday,02:00-03:00,SUB0390,F0236,A144
TT1921,Thursday,02:00-03:00,SUB0763,F0112,B241
TT1922,Monday,03:00-04:00,SUB0890,F0028,A127
TT1923,Monday,12:15-01:15,SUB0662,F0680,B225
TT1924,Monday,02:00-03:00,SUB0675,F0681,B240
TT1925,Thursday,03:00-04:00,SUB0916,F0230,A109
TT1926,Friday,09:00-10:00,SUB0005,F0715,A104
TT1927,Thursday,11:15-12:15,SUB0887,F0155,B216
TT1928,Thursday,12:15-01:15,SUB0307,F0414,A138
TT1929,Friday,11:15-12:15,SUB0358,F0287,B212
TT1930,Wednesday,09:00-10:00,SUB0854,F0136,A128
TT1931,Friday,03:00-04:00,SUB0848,F0613,A125
TT1932,Friday,09:00-10:00,SUB0290,F0973,B250
TT1933,Friday,09:00-10:00,SUB0833,F0824,A123
TT1934,Monday,12:15-01:15,SUB0693,F0989,A104
TT1935,Tuesday,03:00-04:00,SUB0206,F0906,B211
TT1936,Friday,12:15-01:15,SUB0676,F0861,A147
TT1937,Tuesday,09:00-10:00,SUB0357,F0184,A130
TT1938,Monday,11:15-12:15,SUB0686,F0585,B232
TT1939,Thursday,12:15-01:15,SUB0290,F0676,A144
TT1940,Friday,11:15-12:15,SUB0094,F0581,B250
TT1941,Thursday,09:00-10:00,SUB0047,F0864,B238
TT1942,Tuesday,09:00-10:00,SUB0965,F0618,B250
TT1943,Thursday,10:00-11:00,SUB0800,F0433,B224
TT1944,Wednesday,10:00-11:00,SUB0394,F0017,B201
TT1945,Thursday,12:15-01:15,SUB0042,F0833,A135
TT1946,Thursday,12:15-01:15,SUB0616,F0083,A149
TT1947,Wednesday,12:15-01:15,SUB0889,F0316,B246
TT1948,Tuesday,09:00-10:00,SUB0699,F0475,A118
TT1949,Friday,02:00-03:00,SUB0688,F0308,A142
TT1950,Wednesday,12:15-01:15,SUB0491,F0058,A137
TT1951,Monday,09:00-10:00,SUB0298,F0908,A112
TT1952,Thursday,02:00-03:00,SUB0993,F0641,A131
TT1953,Thursday,09:00-10:00,SUB0314,F0068,A102
TT1954,Wednesday,12:15-01:15,SUB0979,F0503,A114
TT1955,Friday,12:15-01:15,SUB0359,F0443,A102
TT1956,Monday,12:15-01:15,SUB0757,F0185,B214
TT1957,Tuesday,11:15-12:15,SUB0290,F0348,B242
TT1958,Wednesday,02:00-03:00,SUB0371,F0451,A150
TT1959,Friday,09:00-10:00,SUB0896,F0056,B209
TT1960,Tuesday,03:00-04:00,SUB0757,F0724,B240
TT1961,Wednesday,11:15-12:15,SUB0705,F0172,B224
TT1962,Friday,02:00-03:00,SUB0190,F0125,B250
TT1963,Tuesday,10:00-11:00,SUB0678,F0190,A134
TT1964,Monday,10:00-11:00,SUB0539,F0012,A123
TT1965,Friday,12:15-01:15,SUB0737,F0200,A122
TT1966,Wednesday,10:00-11:00,SUB0545,F0528,A110
TT1967,Friday,12:15-01:15,SUB0925,F0466,A104
TT1968,Tuesday,02:00-03:00,SUB0528,F0476,B236
TT1969,Thursday,09:00-10:00,SUB0510,F0138,A138
TT1970,Tuesday,10:00-11:00,SUB0622,F0001,B220
TT1971,Friday,11:15-12:15,SUB0514,F0533,B239
TT1972,Friday,12:15-01:15,SUB0954,F0317,B228
TT1973,Thursday,10:00-11:00,SUB0493,F0034,A149
TT1974,Friday,12:15-01:15,SUB0784,F0982,B207
TT1975,Thursday,12:15-01:15,SUB0145,F0296,B222
TT1976,Wednesday,09:00-10:00,SUB0281,F0423,A149
TT1977,Friday,10:00-11:00,SUB0139,F0754,B246
TT1978,Monday,10:00-11:00,SUB0884,F0633,B212
TT1979,Tuesday,03:00-04:00,SUB0582,F0123,B208
TT1980,Monday,12:15-01:15,SUB0044,F0792,B205
TT1981,Monday,02:00-03:00,SUB0249,F0640,B204
TT1982,Monday,11:15-12:15,SUB0726,F0741,A105
TT1983,Monday,09:00-10:00,SUB0270,F0428,A132
TT1984,Monday,12:15-01:15,SUB0625,F0999,A132
TT1985,Thursday,03:00-04:00,SUB0622,F0992,A134
TT1986,Friday,12:15-01:15,SUB0238,F0993,A116
TT1987,Thursday,12:15-01:15,SUB0139,F0835,A123
TT1988,Tuesday,09:00-10:00,SUB0818,F0921,B233
TT1989,Monday,09:00-10:00,SUB0269,F0990,A146
TT1990,Wednesday,11:15-12:15,SUB0224,F0395,A149
TT1991,Friday,11:15-12:15,SUB0919,F0429,B241
TT1992,Friday,03:00-04:00,SUB0648,F0905,A112
TT1993,Friday,12:15-01:15,SUB0037,F0723,A131
TT1994,Wednesday,09:00-10:00,SUB0946,F0042,A137
TT1995,Thursday,03:00-04:00,SUB0510,F0234,A150
TT1996,Tuesday,12:15-01:15,SUB0626,F0777,B213
TT1997,Friday,10:00-11:00,SUB0064,F0168,A113
TT1998,Monday,11:15-12:15,SUB0601,F0273,A128
TT1999,Monday,11:15-12:15,SUB0226,F0450,A132
TT2000,Thursday,09:00-10:00,SUB0504,F0381,B245
